type,market,corp,title,date,rcp,Code
단일판매ㆍ공급계약체결,코스닥시장,뉴로메카,단일판매ㆍ공급계약체결,2024-06-28,20240628901136,348340
단일판매ㆍ공급계약체결,유가증권시장,동부건설,단일판매ㆍ공급계약체결,2024-06-28,20240628801129,005960
단일판매ㆍ공급계약체결,코스닥시장,대보마그네틱,단일판매ㆍ공급계약체결,2024-06-28,20240628901054,290670
단일판매ㆍ공급계약체결,유가증권시장,동일고무벨트,단일판매ㆍ공급계약체결,2024-06-28,20240628800714,163560
단일판매ㆍ공급계약체결,코스닥시장,삼영엠텍,단일판매ㆍ공급계약체결,2024-06-28,20240628900448,054540
단일판매ㆍ공급계약체결,코스닥시장,와이랩,단일판매ㆍ공급계약체결,2024-06-28,20240628900427,432430
단일판매ㆍ공급계약체결,코스닥시장,메쎄이상,단일판매ㆍ공급계약체결,2024-06-28,20240628900372,408920
단일판매ㆍ공급계약체결,코스닥시장,샌즈랩,단일판매ㆍ공급계약체결,2024-06-28,20240628900160,411080
단일판매ㆍ공급계약체결,유가증권시장,SNT에너지,단일판매ㆍ공급계약체결,2024-06-28,20240628800040,100840
단일판매ㆍ공급계약체결,유가증권시장,남광토건,단일판매ㆍ공급계약체결,2024-06-27,20240627800710,001260
단일판매ㆍ공급계약체결,유가증권시장,삼성E&A,단일판매ㆍ공급계약체결,2024-06-27,20240627800468,028050
단일판매ㆍ공급계약체결,유가증권시장,현대로템,단일판매ㆍ공급계약체결,2024-06-27,20240627800323,064350
단일판매ㆍ공급계약체결,코스닥시장,에코앤드림,단일판매ㆍ공급계약체결,2024-06-27,20240627900246,101360
단일판매ㆍ공급계약체결,유가증권시장,한전KPS,단일판매ㆍ공급계약체결,2024-06-27,20240627800155,051600
단일판매ㆍ공급계약체결,코스닥시장,아바코,단일판매ㆍ공급계약체결,2024-06-27,20240627900093,083930
단일판매ㆍ공급계약체결,유가증권시장,까뮤이앤씨,단일판매ㆍ공급계약체결,2024-06-27,20240627800086,013700
단일판매ㆍ공급계약체결,유가증권시장,동부건설,단일판매ㆍ공급계약체결,2024-06-26,20240626800441,005960
단일판매ㆍ공급계약체결,유가증권시장,HJ중공업,단일판매ㆍ공급계약체결,2024-06-26,20240626800332,097230
단일판매ㆍ공급계약체결,유가증권시장,진흥기업,단일판매ㆍ공급계약체결,2024-06-26,20240626800172,002780
단일판매ㆍ공급계약체결,코스닥시장,코난테크놀로지,단일판매ㆍ공급계약체결,2024-06-26,20240626900048,402030
단일판매ㆍ공급계약체결,유가증권시장,수산인더스트리,단일판매ㆍ공급계약체결,2024-06-25,20240625800555,126720
단일판매ㆍ공급계약체결,유가증권시장,엑시큐어하이트론,단일판매ㆍ공급계약체결,2024-06-25,20240625800549,019490
단일판매ㆍ공급계약체결,유가증권시장,삼성제약,단일판매ㆍ공급계약체결,2024-06-25,20240625800462,001360
단일판매ㆍ공급계약체결,유가증권시장,동아지질,단일판매ㆍ공급계약체결,2024-06-25,20240625800442,028100
단일판매ㆍ공급계약체결,유가증권시장,삼성바이오로직스,단일판매ㆍ공급계약체결,2024-06-25,20240625800286,207940
단일판매ㆍ공급계약체결,코스닥시장,미디어젠,단일판매ㆍ공급계약체결,2024-06-25,20240625900155,279600
단일판매ㆍ공급계약체결,유가증권시장,LIG디펜스앤에어로스페이스,단일판매ㆍ공급계약체결,2024-06-25,20240625800097,079550
단일판매ㆍ공급계약체결,유가증권시장,한화에어로스페이스,단일판매ㆍ공급계약체결,2024-06-25,20240625800087,012450
단일판매ㆍ공급계약체결,유가증권시장,한국항공우주,단일판매ㆍ공급계약체결,2024-06-25,20240625800059,047810
단일판매ㆍ공급계약체결,코스닥시장,티로보틱스,단일판매ㆍ공급계약체결,2024-06-25,20240625900041,117730
단일판매ㆍ공급계약체결,유가증권시장,동부건설,단일판매ㆍ공급계약체결,2024-06-24,20240624800342,005960
단일판매ㆍ공급계약체결,코스닥시장,DXVX,단일판매ㆍ공급계약체결,2024-06-24,20240624900103,180400
단일판매ㆍ공급계약체결,코스닥시장,선익시스템,단일판매ㆍ공급계약체결,2024-06-24,20240624900073,171090
단일판매ㆍ공급계약체결,유가증권시장,삼일씨엔에스,단일판매ㆍ공급계약체결,2024-06-21,20240621800527,004440
단일판매ㆍ공급계약체결,코스닥시장,사피엔반도체,단일판매ㆍ공급계약체결,2024-06-21,20240621900145,452430
단일판매ㆍ공급계약체결,코스닥시장,영우디에스피,단일판매ㆍ공급계약체결,2024-06-20,20240620900198,143540
단일판매ㆍ공급계약체결,유가증권시장,삼부토건,단일판매ㆍ공급계약체결,2024-06-20,20240620800123,001470
단일판매ㆍ공급계약체결,유가증권시장,코오롱글로벌,단일판매ㆍ공급계약체결,2024-06-20,20240620800105,003070
단일판매ㆍ공급계약체결,코스닥시장,소마젠,단일판매ㆍ공급계약체결,2024-06-20,20240620900068,950200
단일판매ㆍ공급계약체결,유가증권시장,SNT에너지,단일판매ㆍ공급계약체결,2024-06-20,20240620800041,100840
단일판매ㆍ공급계약체결,유가증권시장,한신공영,단일판매ㆍ공급계약체결,2024-06-20,20240620800039,004960
단일판매ㆍ공급계약체결,유가증권시장,금호건설,단일판매ㆍ공급계약체결,2024-06-20,20240620800037,002990
단일판매ㆍ공급계약체결,유가증권시장,HJ중공업,단일판매ㆍ공급계약체결,2024-06-20,20240620800018,097230
단일판매ㆍ공급계약체결,유가증권시장,동부건설,단일판매ㆍ공급계약체결,2024-06-19,20240619800697,005960
단일판매ㆍ공급계약체결,유가증권시장,DKME,단일판매ㆍ공급계약체결,2024-06-18,20240618800409,015590
단일판매ㆍ공급계약체결,코스닥시장,넥슨게임즈,단일판매ㆍ공급계약체결,2024-06-18,20240618900325,225570
단일판매ㆍ공급계약체결,유가증권시장,DL이앤씨,단일판매ㆍ공급계약체결,2024-06-17,20240617800159,375500
단일판매ㆍ공급계약체결,유가증권시장,한신공영,단일판매ㆍ공급계약체결,2024-06-17,20240617800046,004960
단일판매ㆍ공급계약체결,유가증권시장,HJ중공업,단일판매ㆍ공급계약체결,2024-06-17,20240617800024,097230
단일판매ㆍ공급계약체결,유가증권시장,현대로템,단일판매ㆍ공급계약체결,2024-06-14,20240614800602,064350
단일판매ㆍ공급계약체결,유가증권시장,삼성물산,단일판매ㆍ공급계약체결,2024-06-14,20240614800462,028260
단일판매ㆍ공급계약체결,코스닥시장,파두,단일판매ㆍ공급계약체결,2024-06-14,20240614900182,440110
단일판매ㆍ공급계약체결,유가증권시장,삼성중공업,단일판매ㆍ공급계약체결,2024-06-14,20240614800117,010140
단일판매ㆍ공급계약체결,코스닥시장,국영지앤엠,단일판매ㆍ공급계약체결,2024-06-14,20240614900086,006050
단일판매ㆍ공급계약체결,유가증권시장,아센디오,단일판매ㆍ공급계약체결,2024-06-13,20240613800287,012170
단일판매ㆍ공급계약체결,코스닥시장,브이엠,단일판매ㆍ공급계약체결,2024-06-13,20240613900159,089970
단일판매ㆍ공급계약체결,유가증권시장,남광토건,단일판매ㆍ공급계약체결,2024-06-12,20240612800309,001260
단일판매ㆍ공급계약체결,코스닥시장,케이엔에스,단일판매ㆍ공급계약체결,2024-06-12,20240612900108,432470
단일판매ㆍ공급계약체결,코스닥시장,LS마린솔루션,단일판매ㆍ공급계약체결,2024-06-10,20240610900089,060370
단일판매ㆍ공급계약체결,코스닥시장,금양그린파워,단일판매ㆍ공급계약체결,2024-06-10,20240610900086,282720
단일판매ㆍ공급계약체결,유가증권시장,현대로템,단일판매ㆍ공급계약체결,2024-06-07,20240607800456,064350
단일판매ㆍ공급계약체결,유가증권시장,핸즈코퍼레이션,단일판매ㆍ공급계약체결,2024-06-07,20240607800191,143210
단일판매ㆍ공급계약체결,코스닥시장,성원에너텍,단일판매ㆍ공급계약체결,2024-06-07,20240607900094,340930
단일판매ㆍ공급계약체결,유가증권시장,한미반도체,단일판매ㆍ공급계약체결,2024-06-07,20240607800056,042700
단일판매ㆍ공급계약체결,코스닥시장,DGI,단일판매ㆍ공급계약체결,2024-06-05,20240605900228,099520
단일판매ㆍ공급계약체결,유가증권시장,동부건설,단일판매ㆍ공급계약체결,2024-06-05,20240605800137,005960
단일판매ㆍ공급계약체결,코스닥시장,하나기술,단일판매ㆍ공급계약체결,2024-06-05,20240605900108,299030
단일판매ㆍ공급계약체결,코스닥시장,엑사이엔씨,단일판매ㆍ공급계약체결,2024-06-04,20240604900380,054940
단일판매ㆍ공급계약체결,유가증권시장,SK바이오사이언스,단일판매ㆍ공급계약체결,2024-06-04,20240604800269,302440
단일판매ㆍ공급계약체결,유가증권시장,에쓰씨엔지니어링,단일판매ㆍ공급계약체결,2024-06-04,20240604800102,023960
단일판매ㆍ공급계약체결,유가증권시장,현대로템,단일판매ㆍ공급계약체결,2024-06-04,20240604800087,064350
단일판매ㆍ공급계약체결,유가증권시장,SK오션플랜트,단일판매ㆍ공급계약체결,2024-06-04,20240604800067,100090
단일판매ㆍ공급계약체결,코스닥시장,스피어,단일판매ㆍ공급계약체결,2024-06-03,20240603900459,347700
단일판매ㆍ공급계약체결,코스닥시장,SDN,단일판매ㆍ공급계약체결,2024-06-03,20240603900438,099220
단일판매ㆍ공급계약체결,코스닥시장,하나기술,단일판매ㆍ공급계약체결,2024-06-03,20240603900282,299030
단일판매ㆍ공급계약체결,유가증권시장,동아지질,단일판매ㆍ공급계약체결,2024-06-03,20240603800216,028100
단일판매ㆍ공급계약체결,유가증권시장,한신공영,단일판매ㆍ공급계약체결,2024-06-03,20240603800033,004960
단일판매ㆍ공급계약체결,코스닥시장,엠로,단일판매ㆍ공급계약체결,2024-05-31,20240531901480,058970
단일판매ㆍ공급계약체결,코스닥시장,아티스트컴퍼니,단일판매ㆍ공급계약체결,2024-05-31,20240531901308,321820
단일판매ㆍ공급계약체결,유가증권시장,코오롱글로벌,단일판매ㆍ공급계약체결,2024-05-31,20240531800637,003070
단일판매ㆍ공급계약체결,코스닥시장,비에이치아이,단일판매ㆍ공급계약체결,2024-05-31,20240531900338,083650
단일판매ㆍ공급계약체결,유가증권시장,일성건설,단일판매ㆍ공급계약체결,2024-05-31,20240531800093,013360
단일판매ㆍ공급계약체결,유가증권시장,한신공영,단일판매ㆍ공급계약체결,2024-05-31,20240531800065,004960
단일판매ㆍ공급계약체결,유가증권시장,에쓰씨엔지니어링,단일판매ㆍ공급계약체결,2024-05-30,20240530800274,023960
단일판매ㆍ공급계약체결,코스닥시장,와이엠씨,단일판매ㆍ공급계약체결,2024-05-30,20240530900113,155650
단일판매ㆍ공급계약체결,코스닥시장,웨이버스,단일판매ㆍ공급계약체결,2024-05-30,20240530900094,336060
단일판매ㆍ공급계약체결,코스닥시장,티에스아이,단일판매ㆍ공급계약체결,2024-05-29,20240529900263,277880
단일판매ㆍ공급계약체결,유가증권시장,HD현대일렉트릭,단일판매ㆍ공급계약체결,2024-05-29,20240529800105,267260
단일판매ㆍ공급계약체결,유가증권시장,일양약품,단일판매ㆍ공급계약체결,2024-05-28,20240528800276,007570
단일판매ㆍ공급계약체결,코스닥시장,블리츠웨이엔터테인먼트,단일판매ㆍ공급계약체결,2024-05-28,20240528900161,369370
단일판매ㆍ공급계약체결,유가증권시장,동일고무벨트,단일판매ㆍ공급계약체결,2024-05-27,20240527800595,163560
단일판매ㆍ공급계약체결,유가증권시장,HD현대마린엔진,단일판매ㆍ공급계약체결,2024-05-27,20240527800493,071970
단일판매ㆍ공급계약체결,코스닥시장,파두,단일판매ㆍ공급계약체결,2024-05-27,20240527900391,440110
단일판매ㆍ공급계약체결,유가증권시장,HJ중공업,단일판매ㆍ공급계약체결,2024-05-24,20240524800395,097230
단일판매ㆍ공급계약체결,코스닥시장,티에스아이,단일판매ㆍ공급계약체결,2024-05-23,20240523900169,277880
단일판매ㆍ공급계약체결,유가증권시장,DKME,단일판매ㆍ공급계약체결,2024-05-23,20240523800032,015590
단일판매ㆍ공급계약체결,코스닥시장,에코앤드림,단일판매ㆍ공급계약체결,2024-05-22,20240522900060,101360
단일판매ㆍ공급계약체결,코스닥시장,센서뷰,단일판매ㆍ공급계약체결,2024-05-21,20240521900486,321370
단일판매ㆍ공급계약체결,코스닥시장,LS티라유텍,단일판매ㆍ공급계약체결,2024-05-21,20240521900372,322180
단일판매ㆍ공급계약체결,코스닥시장,엑사이엔씨,단일판매ㆍ공급계약체결,2024-05-21,20240521900298,054940
단일판매ㆍ공급계약체결,유가증권시장,이엔플러스,단일판매ㆍ공급계약체결,2024-05-20,20240520800286,074610
단일판매ㆍ공급계약체결,유가증권시장,에스엠벡셀,단일판매ㆍ공급계약체결,2024-05-20,20240520800274,010580
단일판매ㆍ공급계약체결,유가증권시장,한화엔진,단일판매ㆍ공급계약체결,2024-05-20,20240520800206,082740
단일판매ㆍ공급계약체결,코스닥시장,센코,단일판매ㆍ공급계약체결,2024-05-20,20240520900070,347000
단일판매ㆍ공급계약체결,코스닥시장,DGI,단일판매ㆍ공급계약체결,2024-05-17,20240517900334,099520
단일판매ㆍ공급계약체결,코스닥시장,유니슨,단일판매ㆍ공급계약체결,2024-05-17,20240517900282,018000
단일판매ㆍ공급계약체결,유가증권시장,동방,단일판매ㆍ공급계약체결,2024-05-17,20240517800227,004140
단일판매ㆍ공급계약체결,코스닥시장,아티스트스튜디오,단일판매ㆍ공급계약체결,2024-05-17,20240517900103,200350
단일판매ㆍ공급계약체결,코스닥시장,퀄리타스반도체,단일판매ㆍ공급계약체결,2024-05-16,20240516901484,432720
단일판매ㆍ공급계약체결,유가증권시장,노루페인트,단일판매ㆍ공급계약체결,2024-05-16,20240516800938,090350
단일판매ㆍ공급계약체결,코스닥시장,오로스테크놀로지,단일판매ㆍ공급계약체결,2024-05-16,20240516900922,322310
단일판매ㆍ공급계약체결,유가증권시장,일진전기,단일판매ㆍ공급계약체결,2024-05-16,20240516800697,103590
단일판매ㆍ공급계약체결,코스닥시장,씨이랩,단일판매ㆍ공급계약체결,2024-05-16,20240516900569,189330
단일판매ㆍ공급계약체결,코스닥시장,금양그린파워,단일판매ㆍ공급계약체결,2024-05-14,20240514900566,282720
단일판매ㆍ공급계약체결,코스닥시장,강원에너지,단일판매ㆍ공급계약체결,2024-05-14,20240514900216,114190
단일판매ㆍ공급계약체결,유가증권시장,범양건영,단일판매ㆍ공급계약체결,2024-05-14,20240514800210,002410
단일판매ㆍ공급계약체결,유가증권시장,씨에스윈드,단일판매ㆍ공급계약체결,2024-05-14,20240514800079,112610
단일판매ㆍ공급계약체결,코스닥시장,자연과환경,단일판매ㆍ공급계약체결,2024-05-13,20240513900393,043910
단일판매ㆍ공급계약체결,코스닥시장,우원개발,단일판매ㆍ공급계약체결,2024-05-13,20240513900291,046940
단일판매ㆍ공급계약체결,코스닥시장,디에스케이,단일판매ㆍ공급계약체결,2024-05-13,20240513900209,109740
단일판매ㆍ공급계약체결,유가증권시장,진원생명과학,단일판매ㆍ공급계약체결,2024-05-13,20240513800114,011000
단일판매ㆍ공급계약체결,코스닥시장,에이직랜드,단일판매ㆍ공급계약체결,2024-05-13,20240513900110,445090
단일판매ㆍ공급계약체결,유가증권시장,엑시큐어하이트론,단일판매ㆍ공급계약체결,2024-05-13,20240513800050,019490
단일판매ㆍ공급계약체결,코스닥시장,서호전기,단일판매ㆍ공급계약체결,2024-05-10,20240510900669,065710
단일판매ㆍ공급계약체결,유가증권시장,코오롱글로벌,단일판매ㆍ공급계약체결,2024-05-10,20240510800449,003070
단일판매ㆍ공급계약체결,유가증권시장,우신시스템,단일판매ㆍ공급계약체결,2024-05-10,20240510800353,017370
단일판매ㆍ공급계약체결,유가증권시장,한신공영,단일판매ㆍ공급계약체결,2024-05-10,20240510800319,004960
단일판매ㆍ공급계약체결,코스닥시장,피엔티,단일판매ㆍ공급계약체결,2024-05-10,20240510900251,137400
단일판매ㆍ공급계약체결,유가증권시장,SK오션플랜트,단일판매ㆍ공급계약체결,2024-05-09,20240509800609,100090
단일판매ㆍ공급계약체결,유가증권시장,한화에어로스페이스,단일판매ㆍ공급계약체결,2024-05-09,20240509800597,012450
단일판매ㆍ공급계약체결,유가증권시장,한국특강,단일판매ㆍ공급계약체결,2024-05-09,20240509800516,007280
단일판매ㆍ공급계약체결,유가증권시장,효성중공업,단일판매ㆍ공급계약체결,2024-05-09,20240509800442,298040
단일판매ㆍ공급계약체결,유가증권시장,대한제강,단일판매ㆍ공급계약체결,2024-05-09,20240509800225,084010
단일판매ㆍ공급계약체결,유가증권시장,동국제강,단일판매ㆍ공급계약체결,2024-05-09,20240509800219,460860
단일판매ㆍ공급계약체결,유가증권시장,S-Oil,단일판매ㆍ공급계약체결,2024-05-08,20240508800560,010950
단일판매ㆍ공급계약체결,유가증권시장,코오롱글로벌,단일판매ㆍ공급계약체결,2024-05-08,20240508800552,003070
단일판매ㆍ공급계약체결,유가증권시장,DB,단일판매ㆍ공급계약체결,2024-05-08,20240508800507,012030
단일판매ㆍ공급계약체결,유가증권시장,금호건설,단일판매ㆍ공급계약체결,2024-05-08,20240508800041,002990
단일판매ㆍ공급계약체결,코스닥시장,시선AI,단일판매ㆍ공급계약체결,2024-05-07,20240507900407,340810
단일판매ㆍ공급계약체결,유가증권시장,엑시큐어하이트론,단일판매ㆍ공급계약체결,2024-05-07,20240507800067,019490
단일판매ㆍ공급계약체결,유가증권시장,핸즈코퍼레이션,단일판매ㆍ공급계약체결,2024-05-03,20240503800195,143210
단일판매ㆍ공급계약체결,유가증권시장,씨에스윈드,단일판매ㆍ공급계약체결,2024-05-03,20240503800168,112610
단일판매ㆍ공급계약체결,유가증권시장,HD현대중공업,단일판매ㆍ공급계약체결,2024-05-03,20240503800152,329180
단일판매ㆍ공급계약체결,코스닥시장,RFHIC,단일판매ㆍ공급계약체결,2024-05-02,20240502900130,218410
단일판매ㆍ공급계약체결,유가증권시장,HJ중공업,단일판매ㆍ공급계약체결,2024-04-30,20240430800819,097230
단일판매ㆍ공급계약체결,유가증권시장,금호건설,단일판매ㆍ공급계약체결,2024-04-30,20240430800764,002990
단일판매ㆍ공급계약체결,코스닥시장,윤성에프앤씨,단일판매ㆍ공급계약체결,2024-04-30,20240430900759,372170
단일판매ㆍ공급계약체결,코스닥시장,아이티센피엔에스,단일판매ㆍ공급계약체결,2024-04-30,20240430900652,232830
단일판매ㆍ공급계약체결,유가증권시장,한화오션,단일판매ㆍ공급계약체결,2024-04-30,20240430800549,042660
단일판매ㆍ공급계약체결,코스닥시장,나래나노텍,단일판매ㆍ공급계약체결,2024-04-30,20240430900479,137080
단일판매ㆍ공급계약체결,코스닥시장,이화공영,단일판매ㆍ공급계약체결,2024-04-30,20240430900459,001840
단일판매ㆍ공급계약체결,유가증권시장,우양피앤엘,단일판매ㆍ공급계약체결,2024-04-30,20240430800367,002420
단일판매ㆍ공급계약체결,코스닥시장,서희건설,단일판매ㆍ공급계약체결,2024-04-30,20240430900355,035890
단일판매ㆍ공급계약체결,유가증권시장,KSS해운,단일판매ㆍ공급계약체결,2024-04-30,20240430800292,044450
단일판매ㆍ공급계약체결,코스닥시장,쎄트렉아이,단일판매ㆍ공급계약체결,2024-04-30,20240430900260,099320
단일판매ㆍ공급계약체결,코스닥시장,다원시스,단일판매ㆍ공급계약체결,2024-04-30,20240430900149,068240
단일판매ㆍ공급계약체결,유가증권시장,동부건설,단일판매ㆍ공급계약체결,2024-04-30,20240430800073,005960
단일판매ㆍ공급계약체결,코스닥시장,아이엠티,단일판매ㆍ공급계약체결,2024-04-29,20240429900506,451220
단일판매ㆍ공급계약체결,코스닥시장,서호전기,단일판매ㆍ공급계약체결,2024-04-29,20240429900205,065710
단일판매ㆍ공급계약체결,코스닥시장,에코앤드림,단일판매ㆍ공급계약체결,2024-04-29,20240429900195,101360
단일판매ㆍ공급계약체결,유가증권시장,수산인더스트리,단일판매ㆍ공급계약체결,2024-04-29,20240429800165,126720
단일판매ㆍ공급계약체결,유가증권시장,엑시큐어하이트론,단일판매ㆍ공급계약체결,2024-04-29,20240429800106,019490
단일판매ㆍ공급계약체결,유가증권시장,한화엔진,단일판매ㆍ공급계약체결,2024-04-26,20240426800724,082740
단일판매ㆍ공급계약체결,코스닥시장,서희건설,단일판매ㆍ공급계약체결,2024-04-26,20240426900457,035890
단일판매ㆍ공급계약체결,유가증권시장,핸즈코퍼레이션,단일판매ㆍ공급계약체결,2024-04-26,20240426800320,143210
단일판매ㆍ공급계약체결,코스닥시장,엠엑스로보틱스,단일판매ㆍ공급계약체결,2024-04-26,20240426900190,007820
단일판매ㆍ공급계약체결,유가증권시장,HL D&I,단일판매ㆍ공급계약체결,2024-04-26,20240426800056,014790
단일판매ㆍ공급계약체결,코스닥시장,벨로크,단일판매ㆍ공급계약체결,2024-04-25,20240425900666,424760
단일판매ㆍ공급계약체결,유가증권시장,한화에어로스페이스,단일판매ㆍ공급계약체결,2024-04-25,20240425800276,012450
단일판매ㆍ공급계약체결,코스닥시장,탑머티리얼,단일판매ㆍ공급계약체결,2024-04-25,20240425900158,360070
단일판매ㆍ공급계약체결,유가증권시장,IPARK현대산업개발,단일판매ㆍ공급계약체결,2024-04-24,20240424800489,294870
단일판매ㆍ공급계약체결,코스닥시장,비아트론,단일판매ㆍ공급계약체결,2024-04-24,20240424900294,141000
단일판매ㆍ공급계약체결,코스닥시장,인텔리안테크,단일판매ㆍ공급계약체결,2024-04-24,20240424900158,189300
단일판매ㆍ공급계약체결,코스닥시장,와이씨,단일판매ㆍ공급계약체결,2024-04-24,20240424900103,232140
단일판매ㆍ공급계약체결,코스닥시장,폴라리스AI핸디,단일판매ㆍ공급계약체결,2024-04-23,20240423900611,220180
단일판매ㆍ공급계약체결,유가증권시장,이수스페셜티케미컬,단일판매ㆍ공급계약체결,2024-04-23,20240423800567,457190
단일판매ㆍ공급계약체결,코스닥시장,씨이랩,단일판매ㆍ공급계약체결,2024-04-23,20240423900521,189330
단일판매ㆍ공급계약체결,유가증권시장,E1,단일판매ㆍ공급계약체결,2024-04-23,20240423800234,017940
단일판매ㆍ공급계약체결,유가증권시장,SNT에너지,단일판매ㆍ공급계약체결,2024-04-23,20240423800204,100840
단일판매ㆍ공급계약체결,코스닥시장,제노코,단일판매ㆍ공급계약체결,2024-04-18,20240418900223,361390
단일판매ㆍ공급계약체결,유가증권시장,삼성E&A,단일판매ㆍ공급계약체결,2024-04-17,20240417800530,028050
단일판매ㆍ공급계약체결,유가증권시장,HD현대중공업,단일판매ㆍ공급계약체결,2024-04-17,20240417800110,329180
단일판매ㆍ공급계약체결,코스닥시장,알티캐스트,단일판매ㆍ공급계약체결,2024-04-16,20240416900588,085810
단일판매ㆍ공급계약체결,코스닥시장,피엔티,단일판매ㆍ공급계약체결,2024-04-16,20240416900401,137400
단일판매ㆍ공급계약체결,코스닥시장,선익시스템,단일판매ㆍ공급계약체결,2024-04-16,20240416900290,171090
단일판매ㆍ공급계약체결,유가증권시장,HS화성,단일판매ㆍ공급계약체결,2024-04-16,20240416800109,002460
단일판매ㆍ공급계약체결,유가증권시장,엑시큐어하이트론,단일판매ㆍ공급계약체결,2024-04-16,20240416800069,019490
단일판매ㆍ공급계약체결,유가증권시장,디와이덕양,단일판매ㆍ공급계약체결,2024-04-15,20240415800688,024900
단일판매ㆍ공급계약체결,코스닥시장,피엔티엠에스,단일판매ㆍ공급계약체결,2024-04-15,20240415900580,257370
단일판매ㆍ공급계약체결,유가증권시장,HL D&I,단일판매ㆍ공급계약체결,2024-04-15,20240415800206,014790
단일판매ㆍ공급계약체결,유가증권시장,한국항공우주,단일판매ㆍ공급계약체결,2024-04-15,20240415800153,047810
단일판매ㆍ공급계약체결,유가증권시장,에스원,단일판매ㆍ공급계약체결,2024-04-15,20240415800105,012750
단일판매ㆍ공급계약체결,유가증권시장,한전기술,단일판매ㆍ공급계약체결,2024-04-15,20240415800074,052690
단일판매ㆍ공급계약체결,코스닥시장,피엔티엠에스,단일판매ㆍ공급계약체결,2024-04-11,20240411900570,257370
단일판매ㆍ공급계약체결,코스닥시장,에이비온,단일판매ㆍ공급계약체결,2024-04-11,20240411900494,203400
단일판매ㆍ공급계약체결,유가증권시장,HJ중공업,단일판매ㆍ공급계약체결,2024-04-11,20240411800181,097230
단일판매ㆍ공급계약체결,유가증권시장,아시아나IDT,단일판매ㆍ공급계약체결,2024-04-11,20240411800176,267850
단일판매ㆍ공급계약체결,유가증권시장,엘앤에프,단일판매ㆍ공급계약체결,2024-04-11,20240411800071,066970
단일판매ㆍ공급계약체결,유가증권시장,엑시큐어하이트론,단일판매ㆍ공급계약체결,2024-04-11,20240411800056,019490
단일판매ㆍ공급계약체결,유가증권시장,한미반도체,단일판매ㆍ공급계약체결,2024-04-11,20240411800031,042700
단일판매ㆍ공급계약체결,코스닥시장,베노티앤알,단일판매ㆍ공급계약체결,2024-04-09,20240409900671,206400
단일판매ㆍ공급계약체결,코스닥시장,티에스넥스젠,단일판매ㆍ공급계약체결,2024-04-09,20240409900391,043220
단일판매ㆍ공급계약체결,코스닥시장,라온텍,단일판매ㆍ공급계약체결,2024-04-09,20240409900152,418420
단일판매ㆍ공급계약체결,유가증권시장,주성코퍼레이션,단일판매ㆍ공급계약체결,2024-04-09,20240409800142,109070
단일판매ㆍ공급계약체결,유가증권시장,한신공영,단일판매ㆍ공급계약체결,2024-04-09,20240409800094,004960
단일판매ㆍ공급계약체결,코스닥시장,신화프리텍,단일판매ㆍ공급계약체결,2024-04-08,20240408900223,095190
단일판매ㆍ공급계약체결,코스닥시장,데이타솔루션,단일판매ㆍ공급계약체결,2024-04-08,20240408900187,263800
단일판매ㆍ공급계약체결,유가증권시장,DL이앤씨,단일판매ㆍ공급계약체결,2024-04-05,20240405800905,375500
단일판매ㆍ공급계약체결,유가증권시장,엑시큐어하이트론,단일판매ㆍ공급계약체결,2024-04-05,20240405800669,019490
단일판매ㆍ공급계약체결,유가증권시장,MDS스피어,단일판매ㆍ공급계약체결,2024-04-05,20240405800445,009810
단일판매ㆍ공급계약체결,유가증권시장,우진,단일판매ㆍ공급계약체결,2024-04-05,20240405800401,105840
단일판매ㆍ공급계약체결,유가증권시장,핸즈코퍼레이션,단일판매ㆍ공급계약체결,2024-04-05,20240405800312,143210
단일판매ㆍ공급계약체결,유가증권시장,이엔플러스,단일판매ㆍ공급계약체결,2024-04-04,20240404800608,074610
단일판매ㆍ공급계약체결,코스닥시장,서희건설,단일판매ㆍ공급계약체결,2024-04-04,20240404900187,035890
단일판매ㆍ공급계약체결,코스닥시장,비에이치아이,단일판매ㆍ공급계약체결,2024-04-03,20240403900050,083650
단일판매ㆍ공급계약체결,코스닥시장,알비더블유,단일판매ㆍ공급계약체결,2024-04-02,20240402900429,361570
단일판매ㆍ공급계약체결,코스닥시장,싸이버원,단일판매ㆍ공급계약체결,2024-04-02,20240402900149,356890
단일판매ㆍ공급계약체결,유가증권시장,한화오션,단일판매ㆍ공급계약체결,2024-04-02,20240402800137,042660
단일판매ㆍ공급계약체결,유가증권시장,삼성물산,단일판매ㆍ공급계약체결,2024-04-01,20240401801651,028260
단일판매ㆍ공급계약체결,유가증권시장,세진중공업,단일판매ㆍ공급계약체결,2024-04-01,20240401801306,075580
단일판매ㆍ공급계약체결,코스닥시장,에코프로에이치엔,단일판매ㆍ공급계약체결,2024-04-01,20240401901087,383310
단일판매ㆍ공급계약체결,코스닥시장,KCC건설,단일판매ㆍ공급계약체결,2024-04-01,20240401900722,021320
단일판매ㆍ공급계약체결,코스닥시장,스페코,단일판매ㆍ공급계약체결,2024-04-01,20240401900548,013810
단일판매ㆍ공급계약체결,코스닥시장,브이엠,단일판매ㆍ공급계약체결,2024-04-01,20240401900534,089970
단일판매ㆍ공급계약체결,유가증권시장,SNT에너지,단일판매ㆍ공급계약체결,2024-04-01,20240401800078,100840
단일판매ㆍ공급계약체결,유가증권시장,삼성E&A,단일판매ㆍ공급계약체결,2024-04-01,20240401800060,028050
단일판매ㆍ공급계약체결,코스닥시장,멤레이비티,단일판매ㆍ공급계약체결,2024-03-29,20240329904558,072770
단일판매ㆍ공급계약체결,유가증권시장,DL이앤씨,단일판매ㆍ공급계약체결,2024-03-29,20240329804511,375500
단일판매ㆍ공급계약체결,유가증권시장,삼성물산,단일판매ㆍ공급계약체결,2024-03-29,20240329803813,028260
단일판매ㆍ공급계약체결,유가증권시장,텔코웨어,단일판매ㆍ공급계약체결,2024-03-29,20240329803142,078000
단일판매ㆍ공급계약체결,유가증권시장,미래아이앤지,단일판매ㆍ공급계약체결,2024-03-29,20240329801800,007120
단일판매ㆍ공급계약체결,유가증권시장,HD현대마린엔진,단일판매ㆍ공급계약체결,2024-03-29,20240329801428,071970
단일판매ㆍ공급계약체결,유가증권시장,무림P&P,단일판매ㆍ공급계약체결,2024-03-29,20240329801262,009580
단일판매ㆍ공급계약체결,코스닥시장,드림어스컴퍼니,단일판매ㆍ공급계약체결,2024-03-29,20240329900728,060570
단일판매ㆍ공급계약체결,유가증권시장,두산퓨얼셀,단일판매ㆍ공급계약체결,2024-03-29,20240329800342,336260
단일판매ㆍ공급계약체결,유가증권시장,일성건설,단일판매ㆍ공급계약체결,2024-03-29,20240329800304,013360
단일판매ㆍ공급계약체결,유가증권시장,DL이앤씨,단일판매ㆍ공급계약체결,2024-03-28,20240328803502,375500
단일판매ㆍ공급계약체결,유가증권시장,한신공영,단일판매ㆍ공급계약체결,2024-03-28,20240328802582,004960
단일판매ㆍ공급계약체결,유가증권시장,유엔젤,단일판매ㆍ공급계약체결,2024-03-28,20240328801286,072130
단일판매ㆍ공급계약체결,유가증권시장,HJ중공업,단일판매ㆍ공급계약체결,2024-03-28,20240328801246,097230
단일판매ㆍ공급계약체결,코스닥시장,엔텔스,단일판매ㆍ공급계약체결,2024-03-28,20240328900131,069410
단일판매ㆍ공급계약체결,유가증권시장,우신시스템,단일판매ㆍ공급계약체결,2024-03-27,20240327801172,017370
단일판매ㆍ공급계약체결,코스닥시장,남화토건,단일판매ㆍ공급계약체결,2024-03-27,20240327900986,091590
단일판매ㆍ공급계약체결,유가증권시장,HJ중공업,단일판매ㆍ공급계약체결,2024-03-27,20240327800319,097230
단일판매ㆍ공급계약체결,코스닥시장,범한퓨얼셀,단일판매ㆍ공급계약체결,2024-03-27,20240327900160,382900
단일판매ㆍ공급계약체결,코스닥시장,삼기에너지솔루션즈,단일판매ㆍ공급계약체결,2024-03-27,20240327900139,419050
단일판매ㆍ공급계약체결,코스닥시장,KD,단일판매ㆍ공급계약체결,2024-03-26,20240326901626,044180
단일판매ㆍ공급계약체결,유가증권시장,현대로템,단일판매ㆍ공급계약체결,2024-03-26,20240326801565,064350
단일판매ㆍ공급계약체결,코스닥시장,비츠로시스,단일판매ㆍ공급계약체결,2024-03-26,20240326900610,054220
단일판매ㆍ공급계약체결,코스닥시장,SDN,단일판매ㆍ공급계약체결,2024-03-26,20240326900596,099220
단일판매ㆍ공급계약체결,유가증권시장,풍산,단일판매ㆍ공급계약체결,2024-03-26,20240326800522,103140
단일판매ㆍ공급계약체결,유가증권시장,유유제약,단일판매ㆍ공급계약체결,2024-03-26,20240326800063,000220
단일판매ㆍ공급계약체결,유가증권시장,한화오션,단일판매ㆍ공급계약체결,2024-03-25,20240325800519,042660
단일판매ㆍ공급계약체결,유가증권시장,SNT에너지,단일판매ㆍ공급계약체결,2024-03-25,20240325800033,100840
단일판매ㆍ공급계약체결,유가증권시장,엘앤에프,단일판매ㆍ공급계약체결,2024-03-25,20240325800003,066970
단일판매ㆍ공급계약체결,유가증권시장,핸즈코퍼레이션,단일판매ㆍ공급계약체결,2024-03-22,20240322800634,143210
단일판매ㆍ공급계약체결,유가증권시장,현대로템,단일판매ㆍ공급계약체결,2024-03-22,20240322800145,064350
단일판매ㆍ공급계약체결,유가증권시장,에쓰씨엔지니어링,단일판매ㆍ공급계약체결,2024-03-22,20240322800104,023960
단일판매ㆍ공급계약체결,유가증권시장,한미반도체,단일판매ㆍ공급계약체결,2024-03-22,20240322800090,042700
단일판매ㆍ공급계약체결,유가증권시장,금호건설,단일판매ㆍ공급계약체결,2024-03-22,20240322800082,002990
단일판매ㆍ공급계약체결,유가증권시장,알루코,단일판매ㆍ공급계약체결,2024-03-21,20240321801494,001780
단일판매ㆍ공급계약체결,코스닥시장,희림,단일판매ㆍ공급계약체결,2024-03-21,20240321900223,037440
단일판매ㆍ공급계약체결,코스닥시장,켄코아에어로스페이스,단일판매ㆍ공급계약체결,2024-03-21,20240321900205,274090
단일판매ㆍ공급계약체결,코스닥시장,KD,단일판매ㆍ공급계약체결,2024-03-20,20240320902701,044180
단일판매ㆍ공급계약체결,유가증권시장,우진플라임,단일판매ㆍ공급계약체결,2024-03-20,20240320802679,049800
단일판매ㆍ공급계약체결,코스닥시장,스페코,단일판매ㆍ공급계약체결,2024-03-20,20240320901956,013810
단일판매ㆍ공급계약체결,코스닥시장,판타지오,단일판매ㆍ공급계약체결,2024-03-20,20240320900487,032800
단일판매ㆍ공급계약체결,코스닥시장,필에너지,단일판매ㆍ공급계약체결,2024-03-19,20240319901058,378340
단일판매ㆍ공급계약체결,유가증권시장,엑시큐어하이트론,단일판매ㆍ공급계약체결,2024-03-19,20240319801054,019490
단일판매ㆍ공급계약체결,유가증권시장,코오롱글로벌,단일판매ㆍ공급계약체결,2024-03-19,20240319801021,003070
단일판매ㆍ공급계약체결,코스닥시장,피노,단일판매ㆍ공급계약체결,2024-03-19,20240319900542,033790
단일판매ㆍ공급계약체결,코스닥시장,에이스토리,단일판매ㆍ공급계약체결,2024-03-19,20240319900370,241840
단일판매ㆍ공급계약체결,코스닥시장,CS,단일판매ㆍ공급계약체결,2024-03-19,20240319900325,065770
단일판매ㆍ공급계약체결,유가증권시장,지엠비코리아,단일판매ㆍ공급계약체결,2024-03-19,20240319800152,013870
단일판매ㆍ공급계약체결,유가증권시장,SNT다이내믹스,단일판매ㆍ공급계약체결,2024-03-19,20240319800108,003570
단일판매ㆍ공급계약체결,유가증권시장,태영건설,단일판매ㆍ공급계약체결,2024-03-18,20240318801187,009410
단일판매ㆍ공급계약체결,코스닥시장,뉴온,단일판매ㆍ공급계약체결,2024-03-18,20240318900506,123840
단일판매ㆍ공급계약체결,유가증권시장,우신시스템,단일판매ㆍ공급계약체결,2024-03-18,20240318800250,017370
단일판매ㆍ공급계약체결,유가증권시장,HD현대중공업,단일판매ㆍ공급계약체결,2024-03-18,20240318800128,329180
단일판매ㆍ공급계약체결,코스닥시장,웨이브일렉트로,단일판매ㆍ공급계약체결,2024-03-15,20240315900600,095270
단일판매ㆍ공급계약체결,유가증권시장,씨에스윈드,단일판매ㆍ공급계약체결,2024-03-15,20240315800459,112610
단일판매ㆍ공급계약체결,유가증권시장,일진전기,단일판매ㆍ공급계약체결,2024-03-15,20240315800256,103590
단일판매ㆍ공급계약체결,코스닥시장,레인보우로보틱스,단일판매ㆍ공급계약체결,2024-03-15,20240315900173,277810
단일판매ㆍ공급계약체결,유가증권시장,LIG디펜스앤에어로스페이스,단일판매ㆍ공급계약체결,2024-03-14,20240314802254,079550
단일판매ㆍ공급계약체결,코스닥시장,웨이브일렉트로,단일판매ㆍ공급계약체결,2024-03-14,20240314900881,095270
단일판매ㆍ공급계약체결,유가증권시장,HJ중공업,단일판매ㆍ공급계약체결,2024-03-14,20240314800338,097230
단일판매ㆍ공급계약체결,유가증권시장,한국종합기술,단일판매ㆍ공급계약체결,2024-03-13,20240313801522,023350
단일판매ㆍ공급계약체결,유가증권시장,한신공영,단일판매ㆍ공급계약체결,2024-03-13,20240313800677,004960
단일판매ㆍ공급계약체결,코스닥시장,원익피앤이,단일판매ㆍ공급계약체결,2024-03-13,20240313900073,217820
단일판매ㆍ공급계약체결,유가증권시장,삼성바이오로직스,단일판매ㆍ공급계약체결,2024-03-12,20240312800738,207940
단일판매ㆍ공급계약체결,유가증권시장,SNT에너지,단일판매ㆍ공급계약체결,2024-03-12,20240312800047,100840
단일판매ㆍ공급계약체결,코스닥시장,엠엑스로보틱스,단일판매ㆍ공급계약체결,2024-03-11,20240311900131,007820
단일판매ㆍ공급계약체결,코스닥시장,이화공영,단일판매ㆍ공급계약체결,2024-03-08,20240308901284,001840
단일판매ㆍ공급계약체결,유가증권시장,HJ중공업,단일판매ㆍ공급계약체결,2024-03-08,20240308800357,097230
단일판매ㆍ공급계약체결,코스닥시장,인지소프트,단일판매ㆍ공급계약체결,2024-03-07,20240307900697,100030
단일판매ㆍ공급계약체결,유가증권시장,핸즈코퍼레이션,단일판매ㆍ공급계약체결,2024-03-07,20240307800541,143210
단일판매ㆍ공급계약체결,유가증권시장,한국종합기술,단일판매ㆍ공급계약체결,2024-03-07,20240307800477,023350
단일판매ㆍ공급계약체결,코스닥시장,엑스페릭스,단일판매ㆍ공급계약체결,2024-03-07,20240307900372,317770
단일판매ㆍ공급계약체결,유가증권시장,엑시큐어하이트론,단일판매ㆍ공급계약체결,2024-03-07,20240307800321,019490
단일판매ㆍ공급계약체결,유가증권시장,에쓰씨엔지니어링,단일판매ㆍ공급계약체결,2024-03-07,20240307800045,023960
단일판매ㆍ공급계약체결,유가증권시장,풍산,단일판매ㆍ공급계약체결,2024-03-06,20240306801111,103140
단일판매ㆍ공급계약체결,유가증권시장,한신공영,단일판매ㆍ공급계약체결,2024-03-06,20240306801017,004960
단일판매ㆍ공급계약체결,유가증권시장,HD현대중공업,단일판매ㆍ공급계약체결,2024-03-06,20240306800264,329180
단일판매ㆍ공급계약체결,유가증권시장,일성건설,단일판매ㆍ공급계약체결,2024-03-06,20240306800231,013360
단일판매ㆍ공급계약체결,코스닥시장,SG,단일판매ㆍ공급계약체결,2024-03-06,20240306900065,255220
단일판매ㆍ공급계약체결,코스닥시장,중앙첨단소재,단일판매ㆍ공급계약체결,2024-03-05,20240305900984,051980
단일판매ㆍ공급계약체결,유가증권시장,코오롱글로벌,단일판매ㆍ공급계약체결,2024-03-05,20240305800950,003070
단일판매ㆍ공급계약체결,코스닥시장,코미팜,단일판매ㆍ공급계약체결,2024-03-05,20240305900349,041960
단일판매ㆍ공급계약체결,코스닥시장,비에이치아이,단일판매ㆍ공급계약체결,2024-03-05,20240305900165,083650
단일판매ㆍ공급계약체결,코스닥시장,알파칩스,단일판매ㆍ공급계약체결,2024-03-04,20240304900829,117670
단일판매ㆍ공급계약체결,유가증권시장,DL이앤씨,단일판매ㆍ공급계약체결,2024-03-04,20240304800499,375500
단일판매ㆍ공급계약체결,코스닥시장,동성화인텍,단일판매ㆍ공급계약체결,2024-03-04,20240304900227,033500
단일판매ㆍ공급계약체결,유가증권시장,삼성중공업,단일판매ㆍ공급계약체결,2024-03-04,20240304800046,010140
단일판매ㆍ공급계약체결,코스닥시장,모아데이타,단일판매ㆍ공급계약체결,2024-02-29,20240229901206,288980
단일판매ㆍ공급계약체결,코스닥시장,와이어블,단일판매ㆍ공급계약체결,2024-02-29,20240229900608,065530
단일판매ㆍ공급계약체결,유가증권시장,IPARK현대산업개발,단일판매ㆍ공급계약체결,2024-02-29,20240229800574,294870
단일판매ㆍ공급계약체결,코스닥시장,루트K,단일판매ㆍ공급계약체결,2024-02-29,20240229900476,195990
단일판매ㆍ공급계약체결,코스닥시장,그린생명과학,단일판매ㆍ공급계약체결,2024-02-29,20240229900390,114450
단일판매ㆍ공급계약체결,코스닥시장,신화프리텍,단일판매ㆍ공급계약체결,2024-02-29,20240229900277,095190
단일판매ㆍ공급계약체결,유가증권시장,대우건설,단일판매ㆍ공급계약체결,2024-02-29,20240229800089,047040
단일판매ㆍ공급계약체결,유가증권시장,수산인더스트리,단일판매ㆍ공급계약체결,2024-02-29,20240229800069,126720
단일판매ㆍ공급계약체결,코스닥시장,솔디펜스,단일판매ㆍ공급계약체결,2024-02-28,20240228901503,215090
단일판매ㆍ공급계약체결,유가증권시장,에이프로젠,단일판매ㆍ공급계약체결,2024-02-28,20240228801268,007460
단일판매ㆍ공급계약체결,코스닥시장,셀피글로벌,단일판매ㆍ공급계약체결,2024-02-28,20240228901245,068940
단일판매ㆍ공급계약체결,코스닥시장,동원개발,단일판매ㆍ공급계약체결,2024-02-28,20240228900634,013120
단일판매ㆍ공급계약체결,유가증권시장,씨에스윈드,단일판매ㆍ공급계약체결,2024-02-28,20240228800229,112610
단일판매ㆍ공급계약체결,코스닥시장,선익시스템,단일판매ㆍ공급계약체결,2024-02-28,20240228900196,171090
단일판매ㆍ공급계약체결,유가증권시장,한신공영,단일판매ㆍ공급계약체결,2024-02-27,20240227801069,004960
단일판매ㆍ공급계약체결,유가증권시장,현대코퍼레이션,단일판매ㆍ공급계약체결,2024-02-27,20240227800886,011760
단일판매ㆍ공급계약체결,코스닥시장,파라텍,단일판매ㆍ공급계약체결,2024-02-27,20240227900823,033540
단일판매ㆍ공급계약체결,유가증권시장,DKME,단일판매ㆍ공급계약체결,2024-02-27,20240227800061,015590
단일판매ㆍ공급계약체결,유가증권시장,범양건영,단일판매ㆍ공급계약체결,2024-02-26,20240226800616,002410
단일판매ㆍ공급계약체결,코스닥시장,자비스,단일판매ㆍ공급계약체결,2024-02-23,20240223900904,254120
단일판매ㆍ공급계약체결,코스닥시장,아바코,단일판매ㆍ공급계약체결,2024-02-23,20240223900268,083930
단일판매ㆍ공급계약체결,유가증권시장,STX엔진,단일판매ㆍ공급계약체결,2024-02-23,20240223800212,077970
단일판매ㆍ공급계약체결,코스닥시장,크레오에스지,단일판매ㆍ공급계약체결,2024-02-23,20240223900190,040350
단일판매ㆍ공급계약체결,코스닥시장,비츠로시스,단일판매ㆍ공급계약체결,2024-02-23,20240223900183,054220
단일판매ㆍ공급계약체결,유가증권시장,한화엔진,단일판매ㆍ공급계약체결,2024-02-23,20240223800104,082740
단일판매ㆍ공급계약체결,유가증권시장,한화오션,단일판매ㆍ공급계약체결,2024-02-23,20240223800090,042660
단일판매ㆍ공급계약체결,코스닥시장,하이딥,단일판매ㆍ공급계약체결,2024-02-22,20240222900231,365590
단일판매ㆍ공급계약체결,코스닥시장,제노코,단일판매ㆍ공급계약체결,2024-02-22,20240222900054,361390
단일판매ㆍ공급계약체결,코스닥시장,우진비앤지,단일판매ㆍ공급계약체결,2024-02-21,20240221900331,018620
단일판매ㆍ공급계약체결,코스닥시장,한양이엔지,단일판매ㆍ공급계약체결,2024-02-21,20240221900091,045100
단일판매ㆍ공급계약체결,유가증권시장,한미글로벌,단일판매ㆍ공급계약체결,2024-02-20,20240220800168,053690
단일판매ㆍ공급계약체결,유가증권시장,한화에어로스페이스,단일판매ㆍ공급계약체결,2024-02-20,20240220800153,012450
단일판매ㆍ공급계약체결,유가증권시장,남광토건,단일판매ㆍ공급계약체결,2024-02-20,20240220800146,001260
단일판매ㆍ공급계약체결,코스닥시장,강원에너지,단일판매ㆍ공급계약체결,2024-02-20,20240220900139,114190
단일판매ㆍ공급계약체결,유가증권시장,HD현대중공업,단일판매ㆍ공급계약체결,2024-02-20,20240220800097,329180
단일판매ㆍ공급계약체결,코스닥시장,나래나노텍,단일판매ㆍ공급계약체결,2024-02-19,20240219900573,137080
단일판매ㆍ공급계약체결,코스닥시장,코스텍시스,단일판매ㆍ공급계약체결,2024-02-19,20240219900532,355150
단일판매ㆍ공급계약체결,코스닥시장,엠엑스로보틱스,단일판매ㆍ공급계약체결,2024-02-16,20240216900793,007820
단일판매ㆍ공급계약체결,유가증권시장,지엠비코리아,단일판매ㆍ공급계약체결,2024-02-16,20240216800226,013870
단일판매ㆍ공급계약체결,유가증권시장,DKME,단일판매ㆍ공급계약체결,2024-02-16,20240216800090,015590
단일판매ㆍ공급계약체결,유가증권시장,코오롱글로벌,단일판매ㆍ공급계약체결,2024-02-15,20240215800119,003070
단일판매ㆍ공급계약체결,코스닥시장,티사이언티픽,단일판매ㆍ공급계약체결,2024-02-14,20240214900859,057680
단일판매ㆍ공급계약체결,코스닥시장,피엔티엠에스,단일판매ㆍ공급계약체결,2024-02-13,20240213901065,257370
단일판매ㆍ공급계약체결,코스닥시장,싸이버원,단일판매ㆍ공급계약체결,2024-02-13,20240213900569,356890
단일판매ㆍ공급계약체결,코스닥시장,CS,단일판매ㆍ공급계약체결,2024-02-13,20240213900436,065770
단일판매ㆍ공급계약체결,코스닥시장,가온칩스,단일판매ㆍ공급계약체결,2024-02-13,20240213900265,399720
단일판매ㆍ공급계약체결,코스닥시장,에스티아이,단일판매ㆍ공급계약체결,2024-02-13,20240213900218,039440
단일판매ㆍ공급계약체결,코스닥시장,피노,단일판매ㆍ공급계약체결,2024-02-08,20240208900958,033790
단일판매ㆍ공급계약체결,코스닥시장,싸이버원,단일판매ㆍ공급계약체결,2024-02-08,20240208900295,356890
단일판매ㆍ공급계약체결,코스닥시장,씨앤지하이테크,단일판매ㆍ공급계약체결,2024-02-08,20240208900293,264660
단일판매ㆍ공급계약체결,유가증권시장,LG화학,단일판매ㆍ공급계약체결,2024-02-07,20240207800562,051910
단일판매ㆍ공급계약체결,코스닥시장,넥써쓰,단일판매ㆍ공급계약체결,2024-02-07,20240207900390,205500
단일판매ㆍ공급계약체결,코스닥시장,에이프로,단일판매ㆍ공급계약체결,2024-02-07,20240207900273,262260
단일판매ㆍ공급계약체결,코스닥시장,코난테크놀로지,단일판매ㆍ공급계약체결,2024-02-07,20240207900270,402030
단일판매ㆍ공급계약체결,유가증권시장,LIG디펜스앤에어로스페이스,단일판매ㆍ공급계약체결,2024-02-07,20240207800065,079550
단일판매ㆍ공급계약체결,유가증권시장,HD현대마린엔진,단일판매ㆍ공급계약체결,2024-02-06,20240206800679,071970
단일판매ㆍ공급계약체결,코스닥시장,아이씨디,단일판매ㆍ공급계약체결,2024-02-06,20240206900351,040910
단일판매ㆍ공급계약체결,유가증권시장,SNT다이내믹스,단일판매ㆍ공급계약체결,2024-02-06,20240206800331,003570
단일판매ㆍ공급계약체결,유가증권시장,삼성중공업,단일판매ㆍ공급계약체결,2024-02-06,20240206800046,010140
단일판매ㆍ공급계약체결,코스닥시장,에프엔에스테크,단일판매ㆍ공급계약체결,2024-02-06,20240206900044,083500
단일판매ㆍ공급계약체결,코스닥시장,티에스아이,단일판매ㆍ공급계약체결,2024-02-05,20240205900635,277880
단일판매ㆍ공급계약체결,코스닥시장,인바이오,단일판매ㆍ공급계약체결,2024-02-05,20240205900600,352940
단일판매ㆍ공급계약체결,유가증권시장,동방아그로,단일판매ㆍ공급계약체결,2024-02-05,20240205800478,007590
단일판매ㆍ공급계약체결,유가증권시장,코오롱글로벌,단일판매ㆍ공급계약체결,2024-02-05,20240205800461,003070
단일판매ㆍ공급계약체결,유가증권시장,경농,단일판매ㆍ공급계약체결,2024-02-05,20240205800433,002100
단일판매ㆍ공급계약체결,유가증권시장,한미반도체,단일판매ㆍ공급계약체결,2024-02-02,20240202800122,042700
단일판매ㆍ공급계약체결,유가증권시장,코오롱글로벌,단일판매ㆍ공급계약체결,2024-02-01,20240201800753,003070
단일판매ㆍ공급계약체결,유가증권시장,KC코트렐,단일판매ㆍ공급계약체결,2024-02-01,20240201800272,119650
단일판매ㆍ공급계약체결,코스닥시장,영우디에스피,단일판매ㆍ공급계약체결,2024-02-01,20240201900267,143540
단일판매ㆍ공급계약체결,코스닥시장,크레오에스지,단일판매ㆍ공급계약체결,2024-02-01,20240201900106,040350
단일판매ㆍ공급계약체결,유가증권시장,HD현대중공업,단일판매ㆍ공급계약체결,2024-01-31,20240131800443,329180
단일판매ㆍ공급계약체결,코스닥시장,디아이티,단일판매ㆍ공급계약체결,2024-01-31,20240131900248,110990
단일판매ㆍ공급계약체결,코스닥시장,멀티캠퍼스,단일판매ㆍ공급계약체결,2024-01-31,20240131900240,067280
단일판매ㆍ공급계약체결,유가증권시장,포스코DX,단일판매ㆍ공급계약체결,2024-01-31,20240131800111,022100
단일판매ㆍ공급계약체결,유가증권시장,HD현대일렉트릭,단일판매ㆍ공급계약체결,2024-01-30,20240130800387,267260
단일판매ㆍ공급계약체결,코스닥시장,나인테크,단일판매ㆍ공급계약체결,2024-01-30,20240130900381,267320
단일판매ㆍ공급계약체결,코스닥시장,비츠로시스,단일판매ㆍ공급계약체결,2024-01-30,20240130900241,054220
단일판매ㆍ공급계약체결,유가증권시장,HD현대중공업,단일판매ㆍ공급계약체결,2024-01-29,20240129800120,329180
단일판매ㆍ공급계약체결,유가증권시장,HJ중공업,단일판매ㆍ공급계약체결,2024-01-26,20240126800765,097230
단일판매ㆍ공급계약체결,코스닥시장,엠아이큐브솔루션,단일판매ㆍ공급계약체결,2024-01-26,20240126900201,373170
단일판매ㆍ공급계약체결,코스닥시장,코닉오토메이션,단일판매ㆍ공급계약체결,2024-01-26,20240126900143,391710
단일판매ㆍ공급계약체결,유가증권시장,삼호개발,단일판매ㆍ공급계약체결,2024-01-26,20240126800131,010960
단일판매ㆍ공급계약체결,코스닥시장,에코프로에이치엔,단일판매ㆍ공급계약체결,2024-01-26,20240126900089,383310
단일판매ㆍ공급계약체결,코스닥시장,코퍼스코리아,단일판매ㆍ공급계약체결,2024-01-25,20240125900695,322780
단일판매ㆍ공급계약체결,코스닥시장,머큐리,단일판매ㆍ공급계약체결,2024-01-25,20240125900644,100590
단일판매ㆍ공급계약체결,유가증권시장,남해화학,단일판매ㆍ공급계약체결,2024-01-25,20240125800337,025860
단일판매ㆍ공급계약체결,코스닥시장,APS이노베이션,단일판매ㆍ공급계약체결,2024-01-25,20240125900280,079810
단일판매ㆍ공급계약체결,유가증권시장,KSS해운,단일판매ㆍ공급계약체결,2024-01-25,20240125800267,044450
단일판매ㆍ공급계약체결,유가증권시장,조비,단일판매ㆍ공급계약체결,2024-01-25,20240125800187,001550
단일판매ㆍ공급계약체결,유가증권시장,진흥기업,단일판매ㆍ공급계약체결,2024-01-24,20240124800428,002780
단일판매ㆍ공급계약체결,유가증권시장,동아지질,단일판매ㆍ공급계약체결,2024-01-24,20240124800270,028100
단일판매ㆍ공급계약체결,코스닥시장,피엔티엠에스,단일판매ㆍ공급계약체결,2024-01-24,20240124900258,257370
단일판매ㆍ공급계약체결,유가증권시장,HJ중공업,단일판매ㆍ공급계약체결,2024-01-24,20240124800247,097230
단일판매ㆍ공급계약체결,유가증권시장,씨에스윈드,단일판매ㆍ공급계약체결,2024-01-24,20240124800150,112610
단일판매ㆍ공급계약체결,유가증권시장,삼성E&A,단일판매ㆍ공급계약체결,2024-01-23,20240123800494,028050
단일판매ㆍ공급계약체결,유가증권시장,동부건설,단일판매ㆍ공급계약체결,2024-01-23,20240123800109,005960
단일판매ㆍ공급계약체결,유가증권시장,HD현대중공업,단일판매ㆍ공급계약체결,2024-01-22,20240122800212,329180
단일판매ㆍ공급계약체결,유가증권시장,한화오션,단일판매ㆍ공급계약체결,2024-01-22,20240122800037,042660
단일판매ㆍ공급계약체결,코스닥시장,SGC E&C,단일판매ㆍ공급계약체결,2024-01-19,20240119900304,016250
단일판매ㆍ공급계약체결,유가증권시장,코오롱글로벌,단일판매ㆍ공급계약체결,2024-01-19,20240119800044,003070
단일판매ㆍ공급계약체결,코스닥시장,HB솔루션,단일판매ㆍ공급계약체결,2024-01-18,20240118900422,297890
단일판매ㆍ공급계약체결,유가증권시장,HD현대중공업,단일판매ㆍ공급계약체결,2024-01-18,20240118800207,329180
단일판매ㆍ공급계약체결,코스닥시장,브이원텍,단일판매ㆍ공급계약체결,2024-01-18,20240118900110,251630
단일판매ㆍ공급계약체결,코스닥시장,신화프리텍,단일판매ㆍ공급계약체결,2024-01-18,20240118900093,095190
단일판매ㆍ공급계약체결,코스닥시장,피엔티,단일판매ㆍ공급계약체결,2024-01-18,20240118900064,137400
단일판매ㆍ공급계약체결,유가증권시장,삼성중공업,단일판매ㆍ공급계약체결,2024-01-18,20240118800063,010140
단일판매ㆍ공급계약체결,코스닥시장,코츠테크놀로지,단일판매ㆍ공급계약체결,2024-01-18,20240118900061,448710
단일판매ㆍ공급계약체결,코스닥시장,키이스트,단일판매ㆍ공급계약체결,2024-01-17,20240117900165,054780
단일판매ㆍ공급계약체결,코스닥시장,프레스티지바이오로직스,단일판매ㆍ공급계약체결,2024-01-17,20240117900038,334970
단일판매ㆍ공급계약체결,유가증권시장,한전산업,단일판매ㆍ공급계약체결,2024-01-16,20240116800523,130660
단일판매ㆍ공급계약체결,코스닥시장,엠엑스로보틱스,단일판매ㆍ공급계약체결,2024-01-15,20240115900458,007820
단일판매ㆍ공급계약체결,유가증권시장,파미셀,단일판매ㆍ공급계약체결,2024-01-15,20240115800412,005690
단일판매ㆍ공급계약체결,유가증권시장,HD현대중공업,단일판매ㆍ공급계약체결,2024-01-15,20240115800366,329180
단일판매ㆍ공급계약체결,유가증권시장,에스엠벡셀,단일판매ㆍ공급계약체결,2024-01-12,20240112800324,010580
단일판매ㆍ공급계약체결,코스닥시장,원준,단일판매ㆍ공급계약체결,2024-01-12,20240112900283,382840
단일판매ㆍ공급계약체결,유가증권시장,한미글로벌,단일판매ㆍ공급계약체결,2024-01-12,20240112800161,053690
단일판매ㆍ공급계약체결,코스닥시장,윈하이텍,단일판매ㆍ공급계약체결,2024-01-12,20240112900078,192390
단일판매ㆍ공급계약체결,유가증권시장,IPARK현대산업개발,단일판매ㆍ공급계약체결,2024-01-11,20240111800159,294870
단일판매ㆍ공급계약체결,유가증권시장,HJ중공업,단일판매ㆍ공급계약체결,2024-01-11,20240111800024,097230
단일판매ㆍ공급계약체결,코스닥시장,키이스트,단일판매ㆍ공급계약체결,2024-01-10,20240110900118,054780
단일판매ㆍ공급계약체결,코스닥시장,한울반도체,단일판매ㆍ공급계약체결,2024-01-10,20240110900115,320000
단일판매ㆍ공급계약체결,유가증권시장,MDS스피어,단일판매ㆍ공급계약체결,2024-01-09,20240109800370,009810
단일판매ㆍ공급계약체결,유가증권시장,아시아나IDT,단일판매ㆍ공급계약체결,2024-01-09,20240109800327,267850
단일판매ㆍ공급계약체결,코스닥시장,아이컴포넌트,단일판매ㆍ공급계약체결,2024-01-09,20240109900141,059100
단일판매ㆍ공급계약체결,유가증권시장,KSS해운,단일판매ㆍ공급계약체결,2024-01-09,20240109800113,044450
단일판매ㆍ공급계약체결,유가증권시장,HD현대중공업,단일판매ㆍ공급계약체결,2024-01-08,20240108800301,329180
단일판매ㆍ공급계약체결,유가증권시장,STX엔진,단일판매ㆍ공급계약체결,2024-01-08,20240108800262,077970
단일판매ㆍ공급계약체결,유가증권시장,금호건설,단일판매ㆍ공급계약체결,2024-01-08,20240108800026,002990
단일판매ㆍ공급계약체결,유가증권시장,태영건설,단일판매ㆍ공급계약체결,2024-01-05,20240105800641,009410
단일판매ㆍ공급계약체결,유가증권시장,DB,단일판매ㆍ공급계약체결,2024-01-05,20240105800585,012030
단일판매ㆍ공급계약체결,코스닥시장,영우디에스피,단일판매ㆍ공급계약체결,2024-01-05,20240105900238,143540
단일판매ㆍ공급계약체결,코스닥시장,SFA넥셀,단일판매ㆍ공급계약체결,2024-01-05,20240105900197,222080
단일판매ㆍ공급계약체결,유가증권시장,HD현대중공업,단일판매ㆍ공급계약체결,2024-01-05,20240105800036,329180
단일판매ㆍ공급계약체결,유가증권시장,HD현대마린엔진,단일판매ㆍ공급계약체결,2024-01-04,20240104800174,071970
단일판매ㆍ공급계약체결,코스닥시장,SG,단일판매ㆍ공급계약체결,2024-01-03,20240103900570,255220
단일판매ㆍ공급계약체결,코스닥시장,원준,단일판매ㆍ공급계약체결,2024-01-03,20240103900551,382840
단일판매ㆍ공급계약체결,코스닥시장,싸이버원,단일판매ㆍ공급계약체결,2024-01-03,20240103900448,356890
단일판매ㆍ공급계약체결,코스닥시장,동신건설,단일판매ㆍ공급계약체결,2024-01-03,20240103900410,025950
단일판매ㆍ공급계약체결,코스닥시장,한국비엔씨,단일판매ㆍ공급계약체결,2024-01-02,20240102900219,256840
단일판매ㆍ공급계약체결,유가증권시장,HS화성,단일판매ㆍ공급계약체결,2024-01-02,20240102800209,002460
단일판매ㆍ공급계약체결,유가증권시장,한국종합기술,단일판매ㆍ공급계약체결,2024-01-02,20240102800176,023350
단일판매ㆍ공급계약체결,유가증권시장,아시아나IDT,단일판매ㆍ공급계약체결,2024-01-02,20240102800160,267850
단일판매ㆍ공급계약체결,코스닥시장,쎄트렉아이,단일판매ㆍ공급계약체결,2024-01-02,20240102900148,099320
단일판매ㆍ공급계약체결,코스닥시장,이노테나,단일판매ㆍ공급계약체결,2024-01-02,20240102900143,333050
단일판매ㆍ공급계약체결,유가증권시장,삼성중공업,단일판매ㆍ공급계약체결,2024-01-02,20240102800109,010140
단일판매ㆍ공급계약체결,코스닥시장,컨텍,단일판매ㆍ공급계약체결,2024-01-02,20240102900102,451760
단일판매ㆍ공급계약체결,유가증권시장,LIG디펜스앤에어로스페이스,단일판매ㆍ공급계약체결,2024-01-02,20240102800082,079550
단일판매ㆍ공급계약체결,유가증권시장,효성중공업,단일판매ㆍ공급계약체결,2024-12-31,20241231800493,298040
단일판매ㆍ공급계약체결,유가증권시장,진흥기업,단일판매ㆍ공급계약체결,2024-12-31,20241231800347,002780
단일판매ㆍ공급계약체결,코스닥시장,크레오에스지,단일판매ㆍ공급계약체결,2024-12-31,20241231900187,040350
단일판매ㆍ공급계약체결,코스닥시장,다산디엠씨,단일판매ㆍ공급계약체결,2024-12-31,20241231900184,208860
단일판매ㆍ공급계약체결,코스닥시장,진시스템,단일판매ㆍ공급계약체결,2024-12-31,20241231900131,363250
단일판매ㆍ공급계약체결,유가증권시장,현대글로비스,단일판매ㆍ공급계약체결,2024-12-31,20241231800107,086280
단일판매ㆍ공급계약체결,유가증권시장,한신공영,단일판매ㆍ공급계약체결,2024-12-31,20241231800096,004960
단일판매ㆍ공급계약체결,유가증권시장,삼성에스디에스,단일판매ㆍ공급계약체결,2024-12-31,20241231800055,018260
단일판매ㆍ공급계약체결,유가증권시장,포스코퓨처엠,단일판매ㆍ공급계약체결,2024-12-30,20241230800952,003670
단일판매ㆍ공급계약체결,코스닥시장,피노,단일판매ㆍ공급계약체결,2024-12-30,20241230900411,033790
단일판매ㆍ공급계약체결,유가증권시장,HJ중공업,단일판매ㆍ공급계약체결,2024-12-30,20241230800402,097230
단일판매ㆍ공급계약체결,코스닥시장,토마토시스템,단일판매ㆍ공급계약체결,2024-12-30,20241230900329,393210
단일판매ㆍ공급계약체결,유가증권시장,동부건설,단일판매ㆍ공급계약체결,2024-12-30,20241230800306,005960
단일판매ㆍ공급계약체결,코스닥시장,SGC E&C,단일판매ㆍ공급계약체결,2024-12-30,20241230900203,016250
단일판매ㆍ공급계약체결,유가증권시장,SNT에너지,단일판매ㆍ공급계약체결,2024-12-30,20241230800049,100840
단일판매ㆍ공급계약체결,유가증권시장,IPARK현대산업개발,단일판매ㆍ공급계약체결,2024-12-27,20241227800812,294870
단일판매ㆍ공급계약체결,유가증권시장,DL이앤씨,단일판매ㆍ공급계약체결,2024-12-27,20241227800804,375500
단일판매ㆍ공급계약체결,유가증권시장,HJ중공업,단일판매ㆍ공급계약체결,2024-12-27,20241227800727,097230
단일판매ㆍ공급계약체결,유가증권시장,남광토건,단일판매ㆍ공급계약체결,2024-12-27,20241227800644,001260
단일판매ㆍ공급계약체결,코스닥시장,그린리소스,단일판매ㆍ공급계약체결,2024-12-27,20241227900504,402490
단일판매ㆍ공급계약체결,코스닥시장,샌즈랩,단일판매ㆍ공급계약체결,2024-12-27,20241227900457,411080
단일판매ㆍ공급계약체결,코스닥시장,에코앤드림,단일판매ㆍ공급계약체결,2024-12-27,20241227900253,101360
단일판매ㆍ공급계약체결,유가증권시장,CJ씨푸드,단일판매ㆍ공급계약체결,2024-12-27,20241227800206,011150
단일판매ㆍ공급계약체결,유가증권시장,HD현대마린엔진,단일판매ㆍ공급계약체결,2024-12-27,20241227800169,071970
단일판매ㆍ공급계약체결,코스닥시장,코스텍시스,단일판매ㆍ공급계약체결,2024-12-27,20241227900144,355150
단일판매ㆍ공급계약체결,유가증권시장,현대로템,단일판매ㆍ공급계약체결,2024-12-27,20241227800136,064350
단일판매ㆍ공급계약체결,코스닥시장,다원시스,단일판매ㆍ공급계약체결,2024-12-27,20241227900135,068240
단일판매ㆍ공급계약체결,코스닥시장,와이어블,단일판매ㆍ공급계약체결,2024-12-26,20241226900991,065530
단일판매ㆍ공급계약체결,코스닥시장,오비고,단일판매ㆍ공급계약체결,2024-12-26,20241226900471,352910
단일판매ㆍ공급계약체결,코스닥시장,HB솔루션,단일판매ㆍ공급계약체결,2024-12-26,20241226900350,297890
단일판매ㆍ공급계약체결,코스닥시장,민테크,단일판매ㆍ공급계약체결,2024-12-26,20241226900314,452200
단일판매ㆍ공급계약체결,유가증권시장,엠앤씨솔루션,단일판매ㆍ공급계약체결,2024-12-26,20241226800286,484870
단일판매ㆍ공급계약체결,코스닥시장,코츠테크놀로지,단일판매ㆍ공급계약체결,2024-12-26,20241226900229,448710
단일판매ㆍ공급계약체결,유가증권시장,한화에어로스페이스,단일판매ㆍ공급계약체결,2024-12-26,20241226800224,012450
단일판매ㆍ공급계약체결,코스닥시장,서진시스템,단일판매ㆍ공급계약체결,2024-12-26,20241226900151,178320
단일판매ㆍ공급계약체결,유가증권시장,씨에스윈드,단일판매ㆍ공급계약체결,2024-12-26,20241226800102,112610
단일판매ㆍ공급계약체결,유가증권시장,삼성중공업,단일판매ㆍ공급계약체결,2024-12-26,20241226800085,010140
단일판매ㆍ공급계약체결,코스닥시장,에코심플렉스,단일판매ㆍ공급계약체결,2024-12-24,20241224900584,038870
단일판매ㆍ공급계약체결,유가증권시장,한신공영,단일판매ㆍ공급계약체결,2024-12-24,20241224800479,004960
단일판매ㆍ공급계약체결,유가증권시장,한화엔진,단일판매ㆍ공급계약체결,2024-12-24,20241224800387,082740
단일판매ㆍ공급계약체결,코스닥시장,제룡전기,단일판매ㆍ공급계약체결,2024-12-24,20241224900263,033100
단일판매ㆍ공급계약체결,유가증권시장,LG헬로비전,단일판매ㆍ공급계약체결,2024-12-24,20241224800262,037560
단일판매ㆍ공급계약체결,유가증권시장,풍산,단일판매ㆍ공급계약체결,2024-12-24,20241224800260,103140
단일판매ㆍ공급계약체결,유가증권시장,포스코DX,단일판매ㆍ공급계약체결,2024-12-24,20241224800257,022100
단일판매ㆍ공급계약체결,코스닥시장,선익시스템,단일판매ㆍ공급계약체결,2024-12-24,20241224900149,171090
단일판매ㆍ공급계약체결,유가증권시장,LIG디펜스앤에어로스페이스,단일판매ㆍ공급계약체결,2024-12-24,20241224800101,079550
단일판매ㆍ공급계약체결,코스닥시장,메드팩토,단일판매ㆍ공급계약체결,2024-12-24,20241224900066,235980
단일판매ㆍ공급계약체결,유가증권시장,한국항공우주,단일판매ㆍ공급계약체결,2024-12-23,20241223800707,047810
단일판매ㆍ공급계약체결,코스닥시장,DGI,단일판매ㆍ공급계약체결,2024-12-23,20241223900545,099520
단일판매ㆍ공급계약체결,코스닥시장,스마트레이더시스템,단일판매ㆍ공급계약체결,2024-12-23,20241223900254,424960
단일판매ㆍ공급계약체결,코스닥시장,삼영이엔씨,단일판매ㆍ공급계약체결,2024-12-23,20241223900117,065570
단일판매ㆍ공급계약체결,코스닥시장,빅텍,단일판매ㆍ공급계약체결,2024-12-23,20241223900107,065450
단일판매ㆍ공급계약체결,코스닥시장,비아트론,단일판매ㆍ공급계약체결,2024-12-23,20241223900102,141000
단일판매ㆍ공급계약체결,코스닥시장,위세아이텍,단일판매ㆍ공급계약체결,2024-12-23,20241223900101,065370
단일판매ㆍ공급계약체결,유가증권시장,SNT에너지,단일판매ㆍ공급계약체결,2024-12-23,20241223800047,100840
단일판매ㆍ공급계약체결,코스닥시장,삼일기업공사,단일판매ㆍ공급계약체결,2024-12-20,20241220900889,002290
단일판매ㆍ공급계약체결,유가증권시장,삼성에스디에스,단일판매ㆍ공급계약체결,2024-12-20,20241220800648,018260
단일판매ㆍ공급계약체결,유가증권시장,진흥기업,단일판매ㆍ공급계약체결,2024-12-20,20241220800449,002780
단일판매ㆍ공급계약체결,코스닥시장,빅텍,단일판매ㆍ공급계약체결,2024-12-20,20241220900377,065450
단일판매ㆍ공급계약체결,유가증권시장,한전KPS,단일판매ㆍ공급계약체결,2024-12-20,20241220800366,051600
단일판매ㆍ공급계약체결,코스닥시장,다원넥스뷰,단일판매ㆍ공급계약체결,2024-12-20,20241220900283,323350
단일판매ㆍ공급계약체결,유가증권시장,S-Oil,단일판매ㆍ공급계약체결,2024-12-20,20241220800267,010950
단일판매ㆍ공급계약체결,유가증권시장,코오롱글로벌,단일판매ㆍ공급계약체결,2024-12-20,20241220800118,003070
단일판매ㆍ공급계약체결,코스닥시장,카티스,단일판매ㆍ공급계약체결,2024-12-20,20241220900105,140430
단일판매ㆍ공급계약체결,유가증권시장,동아지질,단일판매ㆍ공급계약체결,2024-12-20,20241220800100,028100
단일판매ㆍ공급계약체결,유가증권시장,동성제약,단일판매ㆍ공급계약체결,2024-12-20,20241220800080,002210
단일판매ㆍ공급계약체결,유가증권시장,HJ중공업,단일판매ㆍ공급계약체결,2024-12-20,20241220800050,097230
단일판매ㆍ공급계약체결,코스닥시장,피노,단일판매ㆍ공급계약체결,2024-12-19,20241219900405,033790
단일판매ㆍ공급계약체결,유가증권시장,S-Oil,단일판매ㆍ공급계약체결,2024-12-19,20241219800249,010950
단일판매ㆍ공급계약체결,코스닥시장,신테카바이오,단일판매ㆍ공급계약체결,2024-12-19,20241219900145,226330
단일판매ㆍ공급계약체결,유가증권시장,한화오션,단일판매ㆍ공급계약체결,2024-12-19,20241219800118,042660
단일판매ㆍ공급계약체결,유가증권시장,HJ중공업,단일판매ㆍ공급계약체결,2024-12-19,20241219800110,097230
단일판매ㆍ공급계약체결,코스닥시장,HLB테라퓨틱스,단일판매ㆍ공급계약체결,2024-12-18,20241218900316,115450
단일판매ㆍ공급계약체결,유가증권시장,한화에어로스페이스,단일판매ㆍ공급계약체결,2024-12-18,20241218800236,012450
단일판매ㆍ공급계약체결,유가증권시장,씨에스윈드,단일판매ㆍ공급계약체결,2024-12-18,20241218800190,112610
단일판매ㆍ공급계약체결,유가증권시장,퍼스텍,단일판매ㆍ공급계약체결,2024-12-18,20241218800108,010820
단일판매ㆍ공급계약체결,코스닥시장,스튜디오드래곤,단일판매ㆍ공급계약체결,2024-12-17,20241217900745,253450
단일판매ㆍ공급계약체결,코스닥시장,케이아이엔엑스,단일판매ㆍ공급계약체결,2024-12-17,20241217900728,093320
단일판매ㆍ공급계약체결,유가증권시장,삼성바이오로직스,단일판매ㆍ공급계약체결,2024-12-17,20241217800698,207940
단일판매ㆍ공급계약체결,코스닥시장,엑사이엔씨,단일판매ㆍ공급계약체결,2024-12-17,20241217900686,054940
단일판매ㆍ공급계약체결,코스닥시장,셀레믹스,단일판매ㆍ공급계약체결,2024-12-17,20241217900671,331920
단일판매ㆍ공급계약체결,유가증권시장,코오롱글로벌,단일판매ㆍ공급계약체결,2024-12-17,20241217800452,003070
단일판매ㆍ공급계약체결,코스닥시장,뱅크웨어글로벌,단일판매ㆍ공급계약체결,2024-12-17,20241217900365,199480
단일판매ㆍ공급계약체결,코스닥시장,그린플러스,단일판매ㆍ공급계약체결,2024-12-17,20241217900311,186230
단일판매ㆍ공급계약체결,코스닥시장,파두,단일판매ㆍ공급계약체결,2024-12-17,20241217900221,440110
단일판매ㆍ공급계약체결,유가증권시장,일성건설,단일판매ㆍ공급계약체결,2024-12-17,20241217800142,013360
단일판매ㆍ공급계약체결,코스닥시장,비에이치아이,단일판매ㆍ공급계약체결,2024-12-17,20241217900046,083650
단일판매ㆍ공급계약체결,유가증권시장,HJ중공업,단일판매ㆍ공급계약체결,2024-12-16,20241216801865,097230
단일판매ㆍ공급계약체결,유가증권시장,현대로템,단일판매ㆍ공급계약체결,2024-12-16,20241216801629,064350
단일판매ㆍ공급계약체결,유가증권시장,아시아나IDT,단일판매ㆍ공급계약체결,2024-12-16,20241216800685,267850
단일판매ㆍ공급계약체결,코스닥시장,아이빔테크놀로지,단일판매ㆍ공급계약체결,2024-12-13,20241213901974,460470
단일판매ㆍ공급계약체결,유가증권시장,DL이앤씨,단일판매ㆍ공급계약체결,2024-12-13,20241213801774,375500
단일판매ㆍ공급계약체결,코스닥시장,피노,단일판매ㆍ공급계약체결,2024-12-12,20241212900439,033790
단일판매ㆍ공급계약체결,유가증권시장,SNT다이내믹스,단일판매ㆍ공급계약체결,2024-12-12,20241212800261,003570
단일판매ㆍ공급계약체결,코스닥시장,서한,단일판매ㆍ공급계약체결,2024-12-12,20241212900143,011370
단일판매ㆍ공급계약체결,코스닥시장,토모큐브,단일판매ㆍ공급계약체결,2024-12-11,20241211900379,475960
단일판매ㆍ공급계약체결,코스닥시장,엔텔스,단일판매ㆍ공급계약체결,2024-12-11,20241211900119,069410
단일판매ㆍ공급계약체결,유가증권시장,STX엔진,단일판매ㆍ공급계약체결,2024-12-10,20241210800739,077970
단일판매ㆍ공급계약체결,코스닥시장,마이크로디지탈,단일판매ㆍ공급계약체결,2024-12-10,20241210900684,305090
단일판매ㆍ공급계약체결,유가증권시장,한신공영,단일판매ㆍ공급계약체결,2024-12-10,20241210800269,004960
단일판매ㆍ공급계약체결,유가증권시장,동아지질,단일판매ㆍ공급계약체결,2024-12-10,20241210800249,028100
단일판매ㆍ공급계약체결,유가증권시장,한국항공우주,단일판매ㆍ공급계약체결,2024-12-10,20241210800085,047810
단일판매ㆍ공급계약체결,유가증권시장,삼호개발,단일판매ㆍ공급계약체결,2024-12-09,20241209800230,010960
단일판매ㆍ공급계약체결,코스닥시장,CG인바이츠,단일판매ㆍ공급계약체결,2024-12-09,20241209900179,083790
단일판매ㆍ공급계약체결,유가증권시장,동아지질,단일판매ㆍ공급계약체결,2024-12-09,20241209800174,028100
단일판매ㆍ공급계약체결,코스닥시장,마크로젠,단일판매ㆍ공급계약체결,2024-12-09,20241209900126,038290
단일판매ㆍ공급계약체결,코스닥시장,제이에스링크,단일판매ㆍ공급계약체결,2024-12-09,20241209900124,127120
단일판매ㆍ공급계약체결,코스닥시장,씨메스로보틱스,단일판매ㆍ공급계약체결,2024-12-09,20241209900082,475400
단일판매ㆍ공급계약체결,유가증권시장,한국항공우주,단일판매ㆍ공급계약체결,2024-12-09,20241209800032,047810
단일판매ㆍ공급계약체결,유가증권시장,두산퓨얼셀,단일판매ㆍ공급계약체결,2024-12-06,20241206800566,336260
단일판매ㆍ공급계약체결,유가증권시장,파미셀,단일판매ㆍ공급계약체결,2024-12-06,20241206800033,005690
단일판매ㆍ공급계약체결,유가증권시장,동아지질,단일판매ㆍ공급계약체결,2024-12-05,20241205800473,028100
단일판매ㆍ공급계약체결,코스닥시장,프레스티지바이오로직스,단일판매ㆍ공급계약체결,2024-12-05,20241205900165,334970
단일판매ㆍ공급계약체결,유가증권시장,금양,단일판매ㆍ공급계약체결,2024-12-04,20241204800388,001570
단일판매ㆍ공급계약체결,코스닥시장,바이오에프디엔씨,단일판매ㆍ공급계약체결,2024-12-04,20241204900116,251120
단일판매ㆍ공급계약체결,유가증권시장,일성건설,단일판매ㆍ공급계약체결,2024-12-04,20241204800115,013360
단일판매ㆍ공급계약체결,유가증권시장,현대오토에버,단일판매ㆍ공급계약체결,2024-12-03,20241203800532,307950
단일판매ㆍ공급계약체결,유가증권시장,HL D&I,단일판매ㆍ공급계약체결,2024-12-03,20241203800287,014790
단일판매ㆍ공급계약체결,코스닥시장,브이엠,단일판매ㆍ공급계약체결,2024-12-03,20241203900156,089970
단일판매ㆍ공급계약체결,유가증권시장,일성건설,단일판매ㆍ공급계약체결,2024-12-03,20241203800040,013360
단일판매ㆍ공급계약체결,유가증권시장,현대로템,단일판매ㆍ공급계약체결,2024-12-03,20241203800009,064350
단일판매ㆍ공급계약체결,유가증권시장,일진하이솔루스,단일판매ㆍ공급계약체결,2024-12-02,20241202800566,271940
단일판매ㆍ공급계약체결,유가증권시장,진흥기업,단일판매ㆍ공급계약체결,2024-12-02,20241202800517,002780
단일판매ㆍ공급계약체결,유가증권시장,아이에스동서,단일판매ㆍ공급계약체결,2024-12-02,20241202800403,010780
단일판매ㆍ공급계약체결,유가증권시장,동부건설,단일판매ㆍ공급계약체결,2024-12-02,20241202800402,005960
단일판매ㆍ공급계약체결,코스닥시장,예스티,단일판매ㆍ공급계약체결,2024-12-02,20241202900170,122640
단일판매ㆍ공급계약체결,코스닥시장,프레스티지바이오로직스,단일판매ㆍ공급계약체결,2024-12-02,20241202900161,334970
단일판매ㆍ공급계약체결,코스닥시장,금화피에스시,단일판매ㆍ공급계약체결,2024-12-02,20241202900156,036190
단일판매ㆍ공급계약체결,유가증권시장,까뮤이앤씨,단일판매ㆍ공급계약체결,2024-12-02,20241202800098,013700
단일판매ㆍ공급계약체결,코스닥시장,앱튼,단일판매ㆍ공급계약체결,2024-11-29,20241129900765,270520
단일판매ㆍ공급계약체결,유가증권시장,선도전기,단일판매ㆍ공급계약체결,2024-11-29,20241129800604,007610
단일판매ㆍ공급계약체결,코스닥시장,케이쓰리아이,단일판매ㆍ공급계약체결,2024-11-29,20241129900298,431190
단일판매ㆍ공급계약체결,유가증권시장,동아지질,단일판매ㆍ공급계약체결,2024-11-29,20241129800202,028100
단일판매ㆍ공급계약체결,코스닥시장,딥노이드,단일판매ㆍ공급계약체결,2024-11-29,20241129900172,315640
단일판매ㆍ공급계약체결,유가증권시장,코오롱글로벌,단일판매ㆍ공급계약체결,2024-11-29,20241129800109,003070
단일판매ㆍ공급계약체결,유가증권시장,태영건설,단일판매ㆍ공급계약체결,2024-11-28,20241128800722,009410
단일판매ㆍ공급계약체결,유가증권시장,삼호개발,단일판매ㆍ공급계약체결,2024-11-28,20241128800707,010960
단일판매ㆍ공급계약체결,유가증권시장,HJ중공업,단일판매ㆍ공급계약체결,2024-11-28,20241128800706,097230
단일판매ㆍ공급계약체결,유가증권시장,핸즈코퍼레이션,단일판매ㆍ공급계약체결,2024-11-28,20241128800684,143210
단일판매ㆍ공급계약체결,유가증권시장,이엔플러스,단일판매ㆍ공급계약체결,2024-11-28,20241128800631,074610
단일판매ㆍ공급계약체결,코스닥시장,에코앤드림,단일판매ㆍ공급계약체결,2024-11-28,20241128900538,101360
단일판매ㆍ공급계약체결,유가증권시장,IPARK현대산업개발,단일판매ㆍ공급계약체결,2024-11-28,20241128800341,294870
단일판매ㆍ공급계약체결,유가증권시장,씨에스윈드,단일판매ㆍ공급계약체결,2024-11-28,20241128800328,112610
단일판매ㆍ공급계약체결,코스닥시장,신도기연,단일판매ㆍ공급계약체결,2024-11-27,20241127900115,290520
단일판매ㆍ공급계약체결,코스닥시장,유라클,단일판매ㆍ공급계약체결,2024-11-27,20241127900048,088340
단일판매ㆍ공급계약체결,유가증권시장,에코프로머티,단일판매ㆍ공급계약체결,2024-11-26,20241126800282,450080
단일판매ㆍ공급계약체결,유가증권시장,HJ중공업,단일판매ㆍ공급계약체결,2024-11-26,20241126800180,097230
단일판매ㆍ공급계약체결,코스닥시장,파두,단일판매ㆍ공급계약체결,2024-11-26,20241126900052,440110
단일판매ㆍ공급계약체결,유가증권시장,삼성물산,단일판매ㆍ공급계약체결,2024-11-26,20241126800044,028260
단일판매ㆍ공급계약체결,유가증권시장,한화에어로스페이스,단일판매ㆍ공급계약체결,2024-11-25,20241125800465,012450
단일판매ㆍ공급계약체결,유가증권시장,HJ중공업,단일판매ㆍ공급계약체결,2024-11-25,20241125800260,097230
단일판매ㆍ공급계약체결,코스닥시장,신테카바이오,단일판매ㆍ공급계약체결,2024-11-25,20241125900209,226330
단일판매ㆍ공급계약체결,유가증권시장,파미셀,단일판매ㆍ공급계약체결,2024-11-25,20241125800116,005690
단일판매ㆍ공급계약체결,유가증권시장,삼성중공업,단일판매ㆍ공급계약체결,2024-11-25,20241125800093,010140
단일판매ㆍ공급계약체결,코스닥시장,비에이치아이,단일판매ㆍ공급계약체결,2024-11-25,20241125900069,083650
단일판매ㆍ공급계약체결,코스닥시장,인티큐브,단일판매ㆍ공급계약체결,2024-11-25,20241125900067,070590
단일판매ㆍ공급계약체결,유가증권시장,두산퓨얼셀,단일판매ㆍ공급계약체결,2024-11-25,20241125800035,336260
단일판매ㆍ공급계약체결,유가증권시장,산일전기,단일판매ㆍ공급계약체결,2024-11-25,20241125800026,062040
단일판매ㆍ공급계약체결,유가증권시장,두산퓨얼셀,단일판매ㆍ공급계약체결,2024-11-22,20241122800315,336260
단일판매ㆍ공급계약체결,코스닥시장,엠오티,단일판매ㆍ공급계약체결,2024-11-22,20241122900157,413390
단일판매ㆍ공급계약체결,코스닥시장,피엔티엠에스,단일판매ㆍ공급계약체결,2024-11-22,20241122900151,257370
단일판매ㆍ공급계약체결,유가증권시장,HJ중공업,단일판매ㆍ공급계약체결,2024-11-22,20241122800027,097230
단일판매ㆍ공급계약체결,유가증권시장,두산퓨얼셀,단일판매ㆍ공급계약체결,2024-11-21,20241121800534,336260
단일판매ㆍ공급계약체결,유가증권시장,한국종합기술,단일판매ㆍ공급계약체결,2024-11-21,20241121800230,023350
단일판매ㆍ공급계약체결,코스닥시장,에스디시스템,단일판매ㆍ공급계약체결,2024-11-21,20241121900133,121890
단일판매ㆍ공급계약체결,유가증권시장,텔코웨어,단일판매ㆍ공급계약체결,2024-11-20,20241120800244,078000
단일판매ㆍ공급계약체결,코스닥시장,솔디펜스,단일판매ㆍ공급계약체결,2024-11-20,20241120900214,215090
단일판매ㆍ공급계약체결,유가증권시장,한미글로벌,단일판매ㆍ공급계약체결,2024-11-20,20241120800196,053690
단일판매ㆍ공급계약체결,유가증권시장,DKME,단일판매ㆍ공급계약체결,2024-11-20,20241120800069,015590
단일판매ㆍ공급계약체결,유가증권시장,아시아나IDT,단일판매ㆍ공급계약체결,2024-11-20,20241120800044,267850
단일판매ㆍ공급계약체결,코스닥시장,예스티,단일판매ㆍ공급계약체결,2024-11-20,20241120900041,122640
단일판매ㆍ공급계약체결,유가증권시장,삼성바이오로직스,단일판매ㆍ공급계약체결,2024-11-20,20241120800004,207940
단일판매ㆍ공급계약체결,유가증권시장,에스엠벡셀,단일판매ㆍ공급계약체결,2024-11-19,20241119800334,010580
단일판매ㆍ공급계약체결,코스닥시장,인크로스,단일판매ㆍ공급계약체결,2024-11-19,20241119900216,216050
단일판매ㆍ공급계약체결,코스닥시장,신원종합개발,단일판매ㆍ공급계약체결,2024-11-19,20241119900082,017000
단일판매ㆍ공급계약체결,코스닥시장,바이넥스,단일판매ㆍ공급계약체결,2024-11-19,20241119900039,053030
단일판매ㆍ공급계약체결,유가증권시장,HS화성,단일판매ㆍ공급계약체결,2024-11-18,20241118800277,002460
단일판매ㆍ공급계약체결,유가증권시장,동아지질,단일판매ㆍ공급계약체결,2024-11-18,20241118800228,028100
단일판매ㆍ공급계약체결,코스닥시장,아이씨디,단일판매ㆍ공급계약체결,2024-11-18,20241118900171,040910
단일판매ㆍ공급계약체결,유가증권시장,씨에스윈드,단일판매ㆍ공급계약체결,2024-11-18,20241118800113,112610
단일판매ㆍ공급계약체결,유가증권시장,한화오션,단일판매ㆍ공급계약체결,2024-11-18,20241118800073,042660
단일판매ㆍ공급계약체결,코스닥시장,우리기술,단일판매ㆍ공급계약체결,2024-11-18,20241118900056,032820
단일판매ㆍ공급계약체결,유가증권시장,HD현대중공업,단일판매ㆍ공급계약체결,2024-11-18,20241118800037,329180
단일판매ㆍ공급계약체결,유가증권시장,한화에어로스페이스,단일판매ㆍ공급계약체결,2024-11-15,20241115800453,012450
단일판매ㆍ공급계약체결,유가증권시장,효성중공업,단일판매ㆍ공급계약체결,2024-11-15,20241115800378,298040
단일판매ㆍ공급계약체결,코스닥시장,에이직랜드,단일판매ㆍ공급계약체결,2024-11-15,20241115900165,445090
단일판매ㆍ공급계약체결,코스닥시장,파두,단일판매ㆍ공급계약체결,2024-11-15,20241115900125,440110
단일판매ㆍ공급계약체결,유가증권시장,삼성E&A,단일판매ㆍ공급계약체결,2024-11-15,20241115800040,028050
단일판매ㆍ공급계약체결,코스닥시장,미디어젠,단일판매ㆍ공급계약체결,2024-11-14,20241114903164,279600
단일판매ㆍ공급계약체결,유가증권시장,산일전기,단일판매ㆍ공급계약체결,2024-11-14,20241114802720,062040
단일판매ㆍ공급계약체결,유가증권시장,이엔플러스,단일판매ㆍ공급계약체결,2024-11-14,20241114801930,074610
단일판매ㆍ공급계약체결,유가증권시장,HL D&I,단일판매ㆍ공급계약체결,2024-11-14,20241114800445,014790
단일판매ㆍ공급계약체결,유가증권시장,까뮤이앤씨,단일판매ㆍ공급계약체결,2024-11-14,20241114800305,013700
단일판매ㆍ공급계약체결,유가증권시장,HJ중공업,단일판매ㆍ공급계약체결,2024-11-13,20241113800246,097230
단일판매ㆍ공급계약체결,코스닥시장,이노테나,단일판매ㆍ공급계약체결,2024-11-13,20241113900139,333050
단일판매ㆍ공급계약체결,유가증권시장,HL D&I,단일판매ㆍ공급계약체결,2024-11-12,20241112800338,014790
단일판매ㆍ공급계약체결,유가증권시장,주성코퍼레이션,단일판매ㆍ공급계약체결,2024-11-12,20241112800333,109070
단일판매ㆍ공급계약체결,코스닥시장,비에이치아이,단일판매ㆍ공급계약체결,2024-11-12,20241112900267,083650
단일판매ㆍ공급계약체결,유가증권시장,한신공영,단일판매ㆍ공급계약체결,2024-11-12,20241112800186,004960
단일판매ㆍ공급계약체결,코스닥시장,유신,단일판매ㆍ공급계약체결,2024-11-12,20241112900093,054930
단일판매ㆍ공급계약체결,코스닥시장,피노,단일판매ㆍ공급계약체결,2024-11-11,20241111900331,033790
단일판매ㆍ공급계약체결,유가증권시장,HD현대마린엔진,단일판매ㆍ공급계약체결,2024-11-11,20241111800175,071970
단일판매ㆍ공급계약체결,유가증권시장,진흥기업,단일판매ㆍ공급계약체결,2024-11-11,20241111800170,002780
단일판매ㆍ공급계약체결,유가증권시장,한화오션,단일판매ㆍ공급계약체결,2024-11-11,20241111800103,042660
단일판매ㆍ공급계약체결,유가증권시장,DL이앤씨,단일판매ㆍ공급계약체결,2024-11-08,20241108800358,375500
단일판매ㆍ공급계약체결,코스닥시장,HB테크놀러지,단일판매ㆍ공급계약체결,2024-11-08,20241108900345,078150
단일판매ㆍ공급계약체결,유가증권시장,산일전기,단일판매ㆍ공급계약체결,2024-11-08,20241108800271,062040
단일판매ㆍ공급계약체결,코스닥시장,뉴로메카,단일판매ㆍ공급계약체결,2024-11-07,20241107900597,348340
단일판매ㆍ공급계약체결,유가증권시장,삼호개발,단일판매ㆍ공급계약체결,2024-11-07,20241107800222,010960
단일판매ㆍ공급계약체결,유가증권시장,씨에스윈드,단일판매ㆍ공급계약체결,2024-11-07,20241107800159,112610
단일판매ㆍ공급계약체결,유가증권시장,한신공영,단일판매ㆍ공급계약체결,2024-11-06,20241106800281,004960
단일판매ㆍ공급계약체결,코스닥시장,자이글,단일판매ㆍ공급계약체결,2024-11-06,20241106900177,234920
단일판매ㆍ공급계약체결,코스닥시장,모아데이타,단일판매ㆍ공급계약체결,2024-11-06,20241106900102,288980
단일판매ㆍ공급계약체결,코스닥시장,컨텍,단일판매ㆍ공급계약체결,2024-11-06,20241106900068,451760
단일판매ㆍ공급계약체결,유가증권시장,산일전기,단일판매ㆍ공급계약체결,2024-11-05,20241105800548,062040
단일판매ㆍ공급계약체결,코스닥시장,씨이랩,단일판매ㆍ공급계약체결,2024-11-05,20241105900402,189330
단일판매ㆍ공급계약체결,코스닥시장,신도기연,단일판매ㆍ공급계약체결,2024-11-05,20241105900257,290520
단일판매ㆍ공급계약체결,코스닥시장,아이씨디,단일판매ㆍ공급계약체결,2024-11-05,20241105900085,040910
단일판매ㆍ공급계약체결,코스닥시장,우원개발,단일판매ㆍ공급계약체결,2024-11-04,20241104900168,046940
단일판매ㆍ공급계약체결,코스닥시장,씨이랩,단일판매ㆍ공급계약체결,2024-11-04,20241104900114,189330
단일판매ㆍ공급계약체결,유가증권시장,효성중공업,단일판매ㆍ공급계약체결,2024-11-04,20241104800041,298040
단일판매ㆍ공급계약체결,코스닥시장,에이직랜드,단일판매ㆍ공급계약체결,2024-11-04,20241104900039,445090
단일판매ㆍ공급계약체결,코스닥시장,센서뷰,단일판매ㆍ공급계약체결,2024-11-01,20241101900609,321370
단일판매ㆍ공급계약체결,코스닥시장,스페코,단일판매ㆍ공급계약체결,2024-11-01,20241101900578,013810
단일판매ㆍ공급계약체결,코스닥시장,동성화인텍,단일판매ㆍ공급계약체결,2024-11-01,20241101900512,033500
단일판매ㆍ공급계약체결,유가증권시장,HJ중공업,단일판매ㆍ공급계약체결,2024-11-01,20241101800265,097230
단일판매ㆍ공급계약체결,유가증권시장,코오롱글로벌,단일판매ㆍ공급계약체결,2024-11-01,20241101800239,003070
단일판매ㆍ공급계약체결,코스닥시장,삼영이엔씨,단일판매ㆍ공급계약체결,2024-11-01,20241101900219,065570
단일판매ㆍ공급계약체결,유가증권시장,삼성중공업,단일판매ㆍ공급계약체결,2024-11-01,20241101800164,010140
단일판매ㆍ공급계약체결,코스닥시장,로지시스,단일판매ㆍ공급계약체결,2024-11-01,20241101900096,067730
단일판매ㆍ공급계약체결,유가증권시장,우성머티리얼스,단일판매ㆍ공급계약체결,2024-11-01,20241101800059,011300
단일판매ㆍ공급계약체결,유가증권시장,코오롱글로벌,단일판매ㆍ공급계약체결,2024-10-31,20241031800741,003070
단일판매ㆍ공급계약체결,코스닥시장,KCC건설,단일판매ㆍ공급계약체결,2024-10-31,20241031900668,021320
단일판매ㆍ공급계약체결,코스닥시장,그린리소스,단일판매ㆍ공급계약체결,2024-10-31,20241031900645,402490
단일판매ㆍ공급계약체결,코스닥시장,피노,단일판매ㆍ공급계약체결,2024-10-31,20241031900262,033790
단일판매ㆍ공급계약체결,유가증권시장,LIG디펜스앤에어로스페이스,단일판매ㆍ공급계약체결,2024-10-31,20241031800207,079550
단일판매ㆍ공급계약체결,코스닥시장,씨엔플러스,단일판매ㆍ공급계약체결,2024-10-31,20241031900163,115530
단일판매ㆍ공급계약체결,유가증권시장,삼성중공업,단일판매ㆍ공급계약체결,2024-10-31,20241031800038,010140
단일판매ㆍ공급계약체결,유가증권시장,포스코DX,단일판매ㆍ공급계약체결,2024-10-30,20241030800763,022100
단일판매ㆍ공급계약체결,코스닥시장,엑사이엔씨,단일판매ㆍ공급계약체결,2024-10-30,20241030900709,054940
단일판매ㆍ공급계약체결,유가증권시장,IPARK현대산업개발,단일판매ㆍ공급계약체결,2024-10-30,20241030800586,294870
단일판매ㆍ공급계약체결,유가증권시장,E1,단일판매ㆍ공급계약체결,2024-10-30,20241030800557,017940
단일판매ㆍ공급계약체결,코스닥시장,티사이언티픽,단일판매ㆍ공급계약체결,2024-10-30,20241030900431,057680
단일판매ㆍ공급계약체결,코스닥시장,선익시스템,단일판매ㆍ공급계약체결,2024-10-30,20241030900347,171090
단일판매ㆍ공급계약체결,유가증권시장,한전KPS,단일판매ㆍ공급계약체결,2024-10-30,20241030800335,051600
단일판매ㆍ공급계약체결,코스닥시장,에코앤드림,단일판매ㆍ공급계약체결,2024-10-30,20241030900291,101360
단일판매ㆍ공급계약체결,코스닥시장,비아트론,단일판매ㆍ공급계약체결,2024-10-30,20241030900212,141000
단일판매ㆍ공급계약체결,유가증권시장,조선내화,단일판매ㆍ공급계약체결,2024-10-30,20241030800196,462520
단일판매ㆍ공급계약체결,코스닥시장,코스텍시스,단일판매ㆍ공급계약체결,2024-10-30,20241030900101,355150
단일판매ㆍ공급계약체결,유가증권시장,진원생명과학,단일판매ㆍ공급계약체결,2024-10-30,20241030800060,011000
단일판매ㆍ공급계약체결,코스닥시장,다원넥스뷰,단일판매ㆍ공급계약체결,2024-10-29,20241029900633,323350
단일판매ㆍ공급계약체결,코스닥시장,비아트론,단일판매ㆍ공급계약체결,2024-10-29,20241029900164,141000
단일판매ㆍ공급계약체결,유가증권시장,씨에스윈드,단일판매ㆍ공급계약체결,2024-10-29,20241029800158,112610
단일판매ㆍ공급계약체결,유가증권시장,남광토건,단일판매ㆍ공급계약체결,2024-10-29,20241029800077,001260
단일판매ㆍ공급계약체결,코스닥시장,와이랩,단일판매ㆍ공급계약체결,2024-10-28,20241028900587,432430
단일판매ㆍ공급계약체결,유가증권시장,삼호개발,단일판매ㆍ공급계약체결,2024-10-28,20241028800328,010960
단일판매ㆍ공급계약체결,코스닥시장,선익시스템,단일판매ㆍ공급계약체결,2024-10-28,20241028900306,171090
단일판매ㆍ공급계약체결,코스닥시장,파두,단일판매ㆍ공급계약체결,2024-10-28,20241028900268,440110
단일판매ㆍ공급계약체결,유가증권시장,DS단석,단일판매ㆍ공급계약체결,2024-10-28,20241028800102,017860
단일판매ㆍ공급계약체결,유가증권시장,STX,단일판매ㆍ공급계약체결,2024-10-25,20241025800586,011810
단일판매ㆍ공급계약체결,유가증권시장,DL이앤씨,단일판매ㆍ공급계약체결,2024-10-25,20241025800041,375500
단일판매ㆍ공급계약체결,코스닥시장,한주에이알티,단일판매ㆍ공급계약체결,2024-10-24,20241024900336,058450
단일판매ㆍ공급계약체결,유가증권시장,주성코퍼레이션,단일판매ㆍ공급계약체결,2024-10-24,20241024800248,109070
단일판매ㆍ공급계약체결,유가증권시장,진원생명과학,단일판매ㆍ공급계약체결,2024-10-24,20241024800166,011000
단일판매ㆍ공급계약체결,코스닥시장,빅텍,단일판매ㆍ공급계약체결,2024-10-24,20241024900088,065450
단일판매ㆍ공급계약체결,코스닥시장,세보엠이씨,단일판매ㆍ공급계약체결,2024-10-24,20241024900079,011560
단일판매ㆍ공급계약체결,코스닥시장,디케이앤디,단일판매ㆍ공급계약체결,2024-10-24,20241024900068,263020
단일판매ㆍ공급계약체결,유가증권시장,SNT에너지,단일판매ㆍ공급계약체결,2024-10-24,20241024800044,100840
단일판매ㆍ공급계약체결,코스닥시장,피노,단일판매ㆍ공급계약체결,2024-10-22,20241022900185,033790
단일판매ㆍ공급계약체결,코스닥시장,금양그린파워,단일판매ㆍ공급계약체결,2024-10-22,20241022900091,282720
단일판매ㆍ공급계약체결,유가증권시장,셀트리온,단일판매ㆍ공급계약체결,2024-10-22,20241022800044,068270
단일판매ㆍ공급계약체결,유가증권시장,삼성바이오로직스,단일판매ㆍ공급계약체결,2024-10-22,20241022800030,207940
단일판매ㆍ공급계약체결,유가증권시장,HL D&I,단일판매ㆍ공급계약체결,2024-10-21,20241021800360,014790
단일판매ㆍ공급계약체결,코스닥시장,츌립앤사이언스,단일판매ㆍ공급계약체결,2024-10-21,20241021900196,291650
단일판매ㆍ공급계약체결,코스닥시장,유니온바이오메트릭스,단일판매ㆍ공급계약체결,2024-10-21,20241021900189,203450
단일판매ㆍ공급계약체결,코스닥시장,에프엔에스테크,단일판매ㆍ공급계약체결,2024-10-21,20241021900078,083500
단일판매ㆍ공급계약체결,코스닥시장,빅텍,단일판매ㆍ공급계약체결,2024-10-17,20241017900207,065450
단일판매ㆍ공급계약체결,코스닥시장,브이엠,단일판매ㆍ공급계약체결,2024-10-17,20241017900082,089970
단일판매ㆍ공급계약체결,코스닥시장,현대무벡스,단일판매ㆍ공급계약체결,2024-10-16,20241016900137,319400
단일판매ㆍ공급계약체결,코스닥시장,아이엠티,단일판매ㆍ공급계약체결,2024-10-16,20241016900091,451220
단일판매ㆍ공급계약체결,유가증권시장,태영건설,단일판매ㆍ공급계약체결,2024-10-15,20241015800387,009410
단일판매ㆍ공급계약체결,유가증권시장,STX엔진,단일판매ㆍ공급계약체결,2024-10-15,20241015800151,077970
단일판매ㆍ공급계약체결,유가증권시장,진흥기업,단일판매ㆍ공급계약체결,2024-10-15,20241015800058,002780
단일판매ㆍ공급계약체결,유가증권시장,HD현대중공업,단일판매ㆍ공급계약체결,2024-10-15,20241015800035,329180
단일판매ㆍ공급계약체결,코스닥시장,매커스,단일판매ㆍ공급계약체결,2024-10-14,20241014900517,093520
단일판매ㆍ공급계약체결,유가증권시장,씨에스윈드,단일판매ㆍ공급계약체결,2024-10-14,20241014800496,112610
단일판매ㆍ공급계약체결,코스닥시장,씨이랩,단일판매ㆍ공급계약체결,2024-10-14,20241014900405,189330
단일판매ㆍ공급계약체결,유가증권시장,HL D&I,단일판매ㆍ공급계약체결,2024-10-11,20241011800295,014790
단일판매ㆍ공급계약체결,코스닥시장,딥노이드,단일판매ㆍ공급계약체결,2024-10-11,20241011900247,315640
단일판매ㆍ공급계약체결,유가증권시장,한국종합기술,단일판매ㆍ공급계약체결,2024-10-11,20241011800120,023350
단일판매ㆍ공급계약체결,유가증권시장,SNT에너지,단일판매ㆍ공급계약체결,2024-10-11,20241011800061,100840
단일판매ㆍ공급계약체결,코스닥시장,에이디테크놀로지,단일판매ㆍ공급계약체결,2024-10-10,20241010900625,200710
단일판매ㆍ공급계약체결,코스닥시장,에코심플렉스,단일판매ㆍ공급계약체결,2024-10-10,20241010900206,038870
단일판매ㆍ공급계약체결,유가증권시장,흥아해운,단일판매ㆍ공급계약체결,2024-10-10,20241010800110,003280
단일판매ㆍ공급계약체결,코스닥시장,에이치와이티씨,단일판매ㆍ공급계약체결,2024-10-10,20241010900101,148930
단일판매ㆍ공급계약체결,코스닥시장,프레스티지바이오로직스,단일판매ㆍ공급계약체결,2024-10-10,20241010900082,334970
단일판매ㆍ공급계약체결,유가증권시장,한화오션,단일판매ㆍ공급계약체결,2024-10-10,20241010800064,042660
단일판매ㆍ공급계약체결,유가증권시장,DL이앤씨,단일판매ㆍ공급계약체결,2024-10-08,20241008800704,375500
단일판매ㆍ공급계약체결,코스닥시장,피노,단일판매ㆍ공급계약체결,2024-10-08,20241008900278,033790
단일판매ㆍ공급계약체결,코스닥시장,그린리소스,단일판매ㆍ공급계약체결,2024-10-08,20241008900241,402490
단일판매ㆍ공급계약체결,코스닥시장,머큐리,단일판매ㆍ공급계약체결,2024-10-08,20241008900133,100590
단일판매ㆍ공급계약체결,유가증권시장,두산퓨얼셀,단일판매ㆍ공급계약체결,2024-10-08,20241008800090,336260
단일판매ㆍ공급계약체결,유가증권시장,S-Oil,단일판매ㆍ공급계약체결,2024-10-08,20241008800084,010950
단일판매ㆍ공급계약체결,코스닥시장,플래스크,단일판매ㆍ공급계약체결,2024-10-07,20241007900532,041590
단일판매ㆍ공급계약체결,유가증권시장,남광토건,단일판매ㆍ공급계약체결,2024-10-07,20241007800340,001260
단일판매ㆍ공급계약체결,코스닥시장,컨텍,단일판매ㆍ공급계약체결,2024-10-07,20241007900221,451760
단일판매ㆍ공급계약체결,코스닥시장,파두,단일판매ㆍ공급계약체결,2024-10-07,20241007900149,440110
단일판매ㆍ공급계약체결,코스닥시장,브이엠,단일판매ㆍ공급계약체결,2024-10-04,20241004900206,089970
단일판매ㆍ공급계약체결,유가증권시장,대한전선,단일판매ㆍ공급계약체결,2024-10-04,20241004800074,001440
단일판매ㆍ공급계약체결,유가증권시장,도화엔지니어링,단일판매ㆍ공급계약체결,2024-10-02,20241002800718,002150
단일판매ㆍ공급계약체결,유가증권시장,두산퓨얼셀,단일판매ㆍ공급계약체결,2024-10-02,20241002800608,336260
단일판매ㆍ공급계약체결,유가증권시장,동부건설,단일판매ㆍ공급계약체결,2024-10-02,20241002800607,005960
단일판매ㆍ공급계약체결,유가증권시장,대우건설,단일판매ㆍ공급계약체결,2024-10-02,20241002800380,047040
단일판매ㆍ공급계약체결,유가증권시장,에쓰씨엔지니어링,단일판매ㆍ공급계약체결,2024-10-02,20241002800171,023960
단일판매ㆍ공급계약체결,코스닥시장,위드텍,단일판매ㆍ공급계약체결,2024-10-02,20241002900097,348350
단일판매ㆍ공급계약체결,유가증권시장,한화오션,단일판매ㆍ공급계약체결,2024-10-02,20241002800087,042660
단일판매ㆍ공급계약체결,유가증권시장,삼성중공업,단일판매ㆍ공급계약체결,2024-10-02,20241002800072,010140
단일판매ㆍ공급계약체결,유가증권시장,금호건설,단일판매ㆍ공급계약체결,2024-09-30,20240930800837,002990
단일판매ㆍ공급계약체결,유가증권시장,대우건설,단일판매ㆍ공급계약체결,2024-09-30,20240930800726,047040
단일판매ㆍ공급계약체결,코스닥시장,금화피에스시,단일판매ㆍ공급계약체결,2024-09-30,20240930900438,036190
단일판매ㆍ공급계약체결,유가증권시장,HJ중공업,단일판매ㆍ공급계약체결,2024-09-30,20240930800437,097230
단일판매ㆍ공급계약체결,유가증권시장,DL이앤씨,단일판매ㆍ공급계약체결,2024-09-30,20240930800434,375500
단일판매ㆍ공급계약체결,코스닥시장,에코앤드림,단일판매ㆍ공급계약체결,2024-09-30,20240930900414,101360
단일판매ㆍ공급계약체결,코스닥시장,성도이엔지,단일판매ㆍ공급계약체결,2024-09-30,20240930900291,037350
단일판매ㆍ공급계약체결,코스닥시장,코스텍시스,단일판매ㆍ공급계약체결,2024-09-30,20240930900249,355150
단일판매ㆍ공급계약체결,유가증권시장,HD현대마린엔진,단일판매ㆍ공급계약체결,2024-09-30,20240930800188,071970
단일판매ㆍ공급계약체결,코스닥시장,에프알텍,단일판매ㆍ공급계약체결,2024-09-27,20240927900640,073540
단일판매ㆍ공급계약체결,코스닥시장,다산디엠씨,단일판매ㆍ공급계약체결,2024-09-27,20240927900474,208860
단일판매ㆍ공급계약체결,유가증권시장,일성건설,단일판매ㆍ공급계약체결,2024-09-27,20240927800454,013360
단일판매ㆍ공급계약체결,코스닥시장,키이스트,단일판매ㆍ공급계약체결,2024-09-27,20240927900376,054780
단일판매ㆍ공급계약체결,코스닥시장,위세아이텍,단일판매ㆍ공급계약체결,2024-09-27,20240927900094,065370
단일판매ㆍ공급계약체결,코스닥시장,로체시스템즈,단일판매ㆍ공급계약체결,2024-09-26,20240926900167,071280
단일판매ㆍ공급계약체결,코스닥시장,다원넥스뷰,단일판매ㆍ공급계약체결,2024-09-26,20240926900139,323350
단일판매ㆍ공급계약체결,코스닥시장,디아이티,단일판매ㆍ공급계약체결,2024-09-26,20240926900115,110990
단일판매ㆍ공급계약체결,코스닥시장,폴라리스AI핸디,단일판매ㆍ공급계약체결,2024-09-26,20240926900113,220180
단일판매ㆍ공급계약체결,유가증권시장,HD현대마린엔진,단일판매ㆍ공급계약체결,2024-09-26,20240926800111,071970
단일판매ㆍ공급계약체결,유가증권시장,HJ중공업,단일판매ㆍ공급계약체결,2024-09-26,20240926800060,097230
단일판매ㆍ공급계약체결,유가증권시장,HJ중공업,단일판매ㆍ공급계약체결,2024-09-25,20240925800628,097230
단일판매ㆍ공급계약체결,코스닥시장,칩스앤미디어,단일판매ㆍ공급계약체결,2024-09-25,20240925900373,094360
단일판매ㆍ공급계약체결,코스닥시장,코스텍시스,단일판매ㆍ공급계약체결,2024-09-25,20240925900212,355150
단일판매ㆍ공급계약체결,코스닥시장,보성파워텍,단일판매ㆍ공급계약체결,2024-09-24,20240924900483,006910
단일판매ㆍ공급계약체결,코스닥시장,에스아이리소스,단일판매ㆍ공급계약체결,2024-09-24,20240924900180,065420
단일판매ㆍ공급계약체결,코스닥시장,바이넥스,단일판매ㆍ공급계약체결,2024-09-24,20240924900070,053030
단일판매ㆍ공급계약체결,코스닥시장,서남,단일판매ㆍ공급계약체결,2024-09-23,20240923900336,294630
단일판매ㆍ공급계약체결,유가증권시장,HD현대마린엔진,단일판매ㆍ공급계약체결,2024-09-23,20240923800125,071970
단일판매ㆍ공급계약체결,코스닥시장,인텔리안테크,단일판매ㆍ공급계약체결,2024-09-23,20240923900104,189300
단일판매ㆍ공급계약체결,코스닥시장,마이크로디지탈,단일판매ㆍ공급계약체결,2024-09-23,20240923900002,305090
단일판매ㆍ공급계약체결,코스닥시장,동원개발,단일판매ㆍ공급계약체결,2024-09-20,20240920900240,013120
단일판매ㆍ공급계약체결,유가증권시장,HJ중공업,단일판매ㆍ공급계약체결,2024-09-20,20240920800170,097230
단일판매ㆍ공급계약체결,코스닥시장,아이씨디,단일판매ㆍ공급계약체결,2024-09-20,20240920900157,040910
단일판매ㆍ공급계약체결,유가증권시장,유한양행,단일판매ㆍ공급계약체결,2024-09-20,20240920800004,000100
단일판매ㆍ공급계약체결,유가증권시장,LIG디펜스앤에어로스페이스,단일판매ㆍ공급계약체결,2024-09-20,20240920800002,079550
단일판매ㆍ공급계약체결,코스닥시장,씨이랩,단일판매ㆍ공급계약체결,2024-09-19,20240919900171,189330
단일판매ㆍ공급계약체결,코스닥시장,넥사다이내믹스,단일판매ㆍ공급계약체결,2024-09-13,20240913900561,351320
단일판매ㆍ공급계약체결,코스닥시장,블리츠웨이엔터테인먼트,단일판매ㆍ공급계약체결,2024-09-13,20240913900291,369370
단일판매ㆍ공급계약체결,코스닥시장,프로텍,단일판매ㆍ공급계약체결,2024-09-13,20240913900277,053610
단일판매ㆍ공급계약체결,유가증권시장,삼성바이오로직스,단일판매ㆍ공급계약체결,2024-09-13,20240913800007,207940
단일판매ㆍ공급계약체결,유가증권시장,에쓰씨엔지니어링,단일판매ㆍ공급계약체결,2024-09-13,20240913800004,023960
단일판매ㆍ공급계약체결,코스닥시장,에스오에스랩,단일판매ㆍ공급계약체결,2024-09-12,20240912900303,464080
단일판매ㆍ공급계약체결,유가증권시장,코오롱글로벌,단일판매ㆍ공급계약체결,2024-09-12,20240912800171,003070
단일판매ㆍ공급계약체결,유가증권시장,포스코퓨처엠,단일판매ㆍ공급계약체결,2024-09-11,20240911800475,003670
단일판매ㆍ공급계약체결,코스닥시장,디바이스,단일판매ㆍ공급계약체결,2024-09-11,20240911900186,187870
단일판매ㆍ공급계약체결,유가증권시장,HJ중공업,단일판매ㆍ공급계약체결,2024-09-11,20240911800171,097230
단일판매ㆍ공급계약체결,코스닥시장,에프엔에스테크,단일판매ㆍ공급계약체결,2024-09-11,20240911900045,083500
단일판매ㆍ공급계약체결,유가증권시장,영진약품,단일판매ㆍ공급계약체결,2024-09-10,20240910800478,003520
단일판매ㆍ공급계약체결,유가증권시장,한화엔진,단일판매ㆍ공급계약체결,2024-09-10,20240910800275,082740
단일판매ㆍ공급계약체결,코스닥시장,특수건설,단일판매ㆍ공급계약체결,2024-09-10,20240910900270,026150
단일판매ㆍ공급계약체결,코스닥시장,셀피글로벌,단일판매ㆍ공급계약체결,2024-09-09,20240909900479,068940
단일판매ㆍ공급계약체결,코스닥시장,서호전기,단일판매ㆍ공급계약체결,2024-09-09,20240909900397,065710
단일판매ㆍ공급계약체결,유가증권시장,핸즈코퍼레이션,단일판매ㆍ공급계약체결,2024-09-09,20240909800207,143210
단일판매ㆍ공급계약체결,유가증권시장,HD현대마린엔진,단일판매ㆍ공급계약체결,2024-09-09,20240909800151,071970
단일판매ㆍ공급계약체결,유가증권시장,남광토건,단일판매ㆍ공급계약체결,2024-09-09,20240909800121,001260
단일판매ㆍ공급계약체결,유가증권시장,진흥기업,단일판매ㆍ공급계약체결,2024-09-06,20240906800327,002780
단일판매ㆍ공급계약체결,코스닥시장,오브젠,단일판매ㆍ공급계약체결,2024-09-06,20240906900123,417860
단일판매ㆍ공급계약체결,코스닥시장,씨이랩,단일판매ㆍ공급계약체결,2024-09-06,20240906900081,189330
단일판매ㆍ공급계약체결,코스닥시장,서호전기,단일판매ㆍ공급계약체결,2024-09-05,20240905900456,065710
단일판매ㆍ공급계약체결,유가증권시장,한화에어로스페이스,단일판매ㆍ공급계약체결,2024-09-05,20240905800161,012450
단일판매ㆍ공급계약체결,유가증권시장,제일약품,단일판매ㆍ공급계약체결,2024-09-05,20240905800108,271980
단일판매ㆍ공급계약체결,유가증권시장,DL이앤씨,단일판매ㆍ공급계약체결,2024-09-05,20240905800082,375500
단일판매ㆍ공급계약체결,유가증권시장,코오롱글로벌,단일판매ㆍ공급계약체결,2024-09-04,20240904800250,003070
단일판매ㆍ공급계약체결,유가증권시장,두산퓨얼셀,단일판매ㆍ공급계약체결,2024-09-04,20240904800036,336260
단일판매ㆍ공급계약체결,코스닥시장,다보링크,단일판매ㆍ공급계약체결,2024-09-03,20240903900211,340360
단일판매ㆍ공급계약체결,코스닥시장,KCC건설,단일판매ㆍ공급계약체결,2024-09-03,20240903900165,021320
단일판매ㆍ공급계약체결,코스닥시장,HB솔루션,단일판매ㆍ공급계약체결,2024-09-03,20240903900146,297890
단일판매ㆍ공급계약체결,유가증권시장,진흥기업,단일판매ㆍ공급계약체결,2024-09-03,20240903800098,002780
단일판매ㆍ공급계약체결,유가증권시장,진흥기업,단일판매ㆍ공급계약체결,2024-09-02,20240902800521,002780
단일판매ㆍ공급계약체결,유가증권시장,대우건설,단일판매ㆍ공급계약체결,2024-09-02,20240902800517,047040
단일판매ㆍ공급계약체결,코스닥시장,스마트레이더시스템,단일판매ㆍ공급계약체결,2024-09-02,20240902900485,424960
단일판매ㆍ공급계약체결,유가증권시장,동부건설,단일판매ㆍ공급계약체결,2024-09-02,20240902800463,005960
단일판매ㆍ공급계약체결,코스닥시장,레인보우로보틱스,단일판매ㆍ공급계약체결,2024-09-02,20240902900360,277810
단일판매ㆍ공급계약체결,코스닥시장,우원개발,단일판매ㆍ공급계약체결,2024-09-02,20240902900345,046940
단일판매ㆍ공급계약체결,코스닥시장,광무,단일판매ㆍ공급계약체결,2024-08-30,20240830900773,029480
단일판매ㆍ공급계약체결,유가증권시장,한화엔진,단일판매ㆍ공급계약체결,2024-08-30,20240830800430,082740
단일판매ㆍ공급계약체결,코스닥시장,이지케어텍,단일판매ㆍ공급계약체결,2024-08-30,20240830900291,099750
단일판매ㆍ공급계약체결,코스닥시장,DXVX,단일판매ㆍ공급계약체결,2024-08-30,20240830900209,180400
단일판매ㆍ공급계약체결,유가증권시장,DL이앤씨,단일판매ㆍ공급계약체결,2024-08-30,20240830800187,375500
단일판매ㆍ공급계약체결,코스닥시장,나래나노텍,단일판매ㆍ공급계약체결,2024-08-30,20240830900164,137080
단일판매ㆍ공급계약체결,코스닥시장,비츠로시스,단일판매ㆍ공급계약체결,2024-08-30,20240830900072,054220
단일판매ㆍ공급계약체결,유가증권시장,핸즈코퍼레이션,단일판매ㆍ공급계약체결,2024-08-29,20240829800152,143210
단일판매ㆍ공급계약체결,유가증권시장,핸즈코퍼레이션,단일판매ㆍ공급계약체결,2024-08-28,20240828800199,143210
단일판매ㆍ공급계약체결,유가증권시장,STX엔진,단일판매ㆍ공급계약체결,2024-08-28,20240828800175,077970
단일판매ㆍ공급계약체결,유가증권시장,엑시큐어하이트론,단일판매ㆍ공급계약체결,2024-08-27,20240827800548,019490
단일판매ㆍ공급계약체결,코스닥시장,카이노스메드,단일판매ㆍ공급계약체결,2024-08-27,20240827900248,284620
단일판매ㆍ공급계약체결,코스닥시장,보성파워텍,단일판매ㆍ공급계약체결,2024-08-27,20240827900192,006910
단일판매ㆍ공급계약체결,코스닥시장,아이티센피엔에스,단일판매ㆍ공급계약체결,2024-08-27,20240827900134,232830
단일판매ㆍ공급계약체결,유가증권시장,팬오션,단일판매ㆍ공급계약체결,2024-08-26,20240826800452,028670
단일판매ㆍ공급계약체결,유가증권시장,한화엔진,단일판매ㆍ공급계약체결,2024-08-26,20240826800257,082740
단일판매ㆍ공급계약체결,코스닥시장,CNT85,단일판매ㆍ공급계약체결,2024-08-26,20240826900184,056730
단일판매ㆍ공급계약체결,코스닥시장,테스,단일판매ㆍ공급계약체결,2024-08-26,20240826900154,095610
단일판매ㆍ공급계약체결,코스닥시장,사피엔반도체,단일판매ㆍ공급계약체결,2024-08-26,20240826900104,452430
단일판매ㆍ공급계약체결,유가증권시장,현대로템,단일판매ㆍ공급계약체결,2024-08-26,20240826800037,064350
단일판매ㆍ공급계약체결,코스닥시장,피노,단일판매ㆍ공급계약체결,2024-08-23,20240823900565,033790
단일판매ㆍ공급계약체결,코스닥시장,제일엠앤에스,단일판매ㆍ공급계약체결,2024-08-23,20240823900524,412540
단일판매ㆍ공급계약체결,유가증권시장,한화오션,단일판매ㆍ공급계약체결,2024-08-23,20240823800495,042660
단일판매ㆍ공급계약체결,코스닥시장,동신건설,단일판매ㆍ공급계약체결,2024-08-23,20240823900478,025950
단일판매ㆍ공급계약체결,유가증권시장,대우건설,단일판매ㆍ공급계약체결,2024-08-23,20240823800382,047040
단일판매ㆍ공급계약체결,코스닥시장,아이씨디,단일판매ㆍ공급계약체결,2024-08-23,20240823900172,040910
단일판매ㆍ공급계약체결,유가증권시장,HS화성,단일판매ㆍ공급계약체결,2024-08-23,20240823800062,002460
단일판매ㆍ공급계약체결,코스닥시장,우원개발,단일판매ㆍ공급계약체결,2024-08-22,20240822900122,046940
단일판매ㆍ공급계약체결,코스닥시장,블리츠웨이엔터테인먼트,단일판매ㆍ공급계약체결,2024-08-22,20240822900093,369370
단일판매ㆍ공급계약체결,코스닥시장,비에이치아이,단일판매ㆍ공급계약체결,2024-08-22,20240822900059,083650
단일판매ㆍ공급계약체결,유가증권시장,IPARK현대산업개발,단일판매ㆍ공급계약체결,2024-08-21,20240821800381,294870
단일판매ㆍ공급계약체결,코스닥시장,MSDI,단일판매ㆍ공급계약체결,2024-08-21,20240821900174,123010
단일판매ㆍ공급계약체결,코스닥시장,그린플러스,단일판매ㆍ공급계약체결,2024-08-21,20240821900115,186230
단일판매ㆍ공급계약체결,코스닥시장,소마젠,단일판매ㆍ공급계약체결,2024-08-21,20240821900054,950200
단일판매ㆍ공급계약체결,코스닥시장,대성미생물,단일판매ㆍ공급계약체결,2024-08-20,20240820900552,036480
단일판매ㆍ공급계약체결,코스닥시장,피노,단일판매ㆍ공급계약체결,2024-08-20,20240820900502,033790
단일판매ㆍ공급계약체결,코스닥시장,엑스페릭스,단일판매ㆍ공급계약체결,2024-08-20,20240820900462,317770
단일판매ㆍ공급계약체결,유가증권시장,한화엔진,단일판매ㆍ공급계약체결,2024-08-20,20240820800106,082740
단일판매ㆍ공급계약체결,유가증권시장,두산퓨얼셀,단일판매ㆍ공급계약체결,2024-08-20,20240820800069,336260
단일판매ㆍ공급계약체결,유가증권시장,코오롱글로벌,단일판매ㆍ공급계약체결,2024-08-19,20240819800502,003070
단일판매ㆍ공급계약체결,코스닥시장,딥노이드,단일판매ㆍ공급계약체결,2024-08-16,20240816900202,315640
단일판매ㆍ공급계약체결,유가증권시장,SNT에너지,단일판매ㆍ공급계약체결,2024-08-16,20240816800047,100840
단일판매ㆍ공급계약체결,코스닥시장,에스티팜,단일판매ㆍ공급계약체결,2024-08-14,20240814903546,237690
단일판매ㆍ공급계약체결,코스닥시장,피엔티엠에스,단일판매ㆍ공급계약체결,2024-08-14,20240814902919,257370
단일판매ㆍ공급계약체결,코스닥시장,강원에너지,단일판매ㆍ공급계약체결,2024-08-14,20240814900160,114190
단일판매ㆍ공급계약체결,유가증권시장,진흥기업,단일판매ㆍ공급계약체결,2024-08-13,20240813800938,002780
단일판매ㆍ공급계약체결,유가증권시장,녹십자,단일판매ㆍ공급계약체결,2024-08-13,20240813800570,006280
단일판매ㆍ공급계약체결,코스닥시장,유니슨,단일판매ㆍ공급계약체결,2024-08-13,20240813900447,018000
단일판매ㆍ공급계약체결,코스닥시장,퀄리타스반도체,단일판매ㆍ공급계약체결,2024-08-12,20240812900263,432720
단일판매ㆍ공급계약체결,코스닥시장,나노실리칸첨단소재,단일판매ㆍ공급계약체결,2024-08-12,20240812900230,286750
단일판매ㆍ공급계약체결,코스닥시장,인스웨이브,단일판매ㆍ공급계약체결,2024-08-12,20240812900145,450520
단일판매ㆍ공급계약체결,코스닥시장,에스티아이,단일판매ㆍ공급계약체결,2024-08-12,20240812900107,039440
단일판매ㆍ공급계약체결,유가증권시장,두산퓨얼셀,단일판매ㆍ공급계약체결,2024-08-12,20240812800060,336260
단일판매ㆍ공급계약체결,코스닥시장,다원넥스뷰,단일판매ㆍ공급계약체결,2024-08-09,20240809900319,323350
단일판매ㆍ공급계약체결,코스닥시장,씨앤지하이테크,단일판매ㆍ공급계약체결,2024-08-09,20240809900300,264660
단일판매ㆍ공급계약체결,코스닥시장,스코넥,단일판매ㆍ공급계약체결,2024-08-09,20240809900226,276040
단일판매ㆍ공급계약체결,유가증권시장,한국공항,단일판매ㆍ공급계약체결,2024-08-08,20240808800356,005430
단일판매ㆍ공급계약체결,코스닥시장,가온칩스,단일판매ㆍ공급계약체결,2024-08-08,20240808900153,399720
단일판매ㆍ공급계약체결,코스닥시장,뉴온,단일판매ㆍ공급계약체결,2024-08-07,20240807900629,123840
단일판매ㆍ공급계약체결,유가증권시장,한전KPS,단일판매ㆍ공급계약체결,2024-08-07,20240807800314,051600
단일판매ㆍ공급계약체결,코스닥시장,다원시스,단일판매ㆍ공급계약체결,2024-08-06,20240806900875,068240
단일판매ㆍ공급계약체결,코스닥시장,파두,단일판매ㆍ공급계약체결,2024-08-05,20240805900198,440110
단일판매ㆍ공급계약체결,코스닥시장,우리넷,단일판매ㆍ공급계약체결,2024-08-05,20240805900187,115440
단일판매ㆍ공급계약체결,코스닥시장,RFHIC,단일판매ㆍ공급계약체결,2024-08-02,20240802900292,218410
단일판매ㆍ공급계약체결,유가증권시장,진원생명과학,단일판매ㆍ공급계약체결,2024-08-02,20240802800094,011000
단일판매ㆍ공급계약체결,유가증권시장,일성건설,단일판매ㆍ공급계약체결,2024-08-02,20240802800040,013360
단일판매ㆍ공급계약체결,코스닥시장,민테크,단일판매ㆍ공급계약체결,2024-08-01,20240801900233,452200
단일판매ㆍ공급계약체결,유가증권시장,대우건설,단일판매ㆍ공급계약체결,2024-08-01,20240801800220,047040
단일판매ㆍ공급계약체결,코스닥시장,HB솔루션,단일판매ㆍ공급계약체결,2024-08-01,20240801900218,297890
단일판매ㆍ공급계약체결,코스닥시장,희림,단일판매ㆍ공급계약체결,2024-08-01,20240801900140,037440
단일판매ㆍ공급계약체결,유가증권시장,산일전기,단일판매ㆍ공급계약체결,2024-07-31,20240731800710,062040
단일판매ㆍ공급계약체결,코스닥시장,케이옥션,단일판매ㆍ공급계약체결,2024-07-31,20240731900437,102370
단일판매ㆍ공급계약체결,유가증권시장,진흥기업,단일판매ㆍ공급계약체결,2024-07-31,20240731800193,002780
단일판매ㆍ공급계약체결,유가증권시장,수산인더스트리,단일판매ㆍ공급계약체결,2024-07-31,20240731800087,126720
단일판매ㆍ공급계약체결,코스닥시장,에이직랜드,단일판매ㆍ공급계약체결,2024-07-31,20240731900084,445090
단일판매ㆍ공급계약체결,코스닥시장,유바이오로직스,단일판매ㆍ공급계약체결,2024-07-31,20240731900080,206650
단일판매ㆍ공급계약체결,코스닥시장,비에이치아이,단일판매ㆍ공급계약체결,2024-07-31,20240731900069,083650
단일판매ㆍ공급계약체결,코스닥시장,제우스,단일판매ㆍ공급계약체결,2024-07-30,20240730900289,079370
단일판매ㆍ공급계약체결,코스닥시장,드림어스컴퍼니,단일판매ㆍ공급계약체결,2024-07-30,20240730900216,060570
단일판매ㆍ공급계약체결,코스닥시장,하나기술,단일판매ㆍ공급계약체결,2024-07-30,20240730900137,299030
단일판매ㆍ공급계약체결,코스닥시장,에이텍,단일판매ㆍ공급계약체결,2024-07-29,20240729900595,045660
단일판매ㆍ공급계약체결,유가증권시장,한국내화,단일판매ㆍ공급계약체결,2024-07-29,20240729800421,010040
단일판매ㆍ공급계약체결,코스닥시장,예스티,단일판매ㆍ공급계약체결,2024-07-29,20240729900248,122640
단일판매ㆍ공급계약체결,코스닥시장,하나기술,단일판매ㆍ공급계약체결,2024-07-29,20240729900123,299030
단일판매ㆍ공급계약체결,코스닥시장,우진엔텍,단일판매ㆍ공급계약체결,2024-07-29,20240729900120,457550
단일판매ㆍ공급계약체결,유가증권시장,HD현대마린솔루션,단일판매ㆍ공급계약체결,2024-07-29,20240729800081,443060
단일판매ㆍ공급계약체결,코스닥시장,와이씨,단일판매ㆍ공급계약체결,2024-07-29,20240729900077,232140
단일판매ㆍ공급계약체결,유가증권시장,현대로템,단일판매ㆍ공급계약체결,2024-07-29,20240729800013,064350
단일판매ㆍ공급계약체결,코스닥시장,이수앱지스,단일판매ㆍ공급계약체결,2024-07-29,20240729900001,086890
단일판매ㆍ공급계약체결,코스닥시장,서호전기,단일판매ㆍ공급계약체결,2024-07-26,20240726900824,065710
단일판매ㆍ공급계약체결,코스닥시장,컨텍,단일판매ㆍ공급계약체결,2024-07-26,20240726900812,451760
단일판매ㆍ공급계약체결,유가증권시장,HJ중공업,단일판매ㆍ공급계약체결,2024-07-26,20240726800419,097230
단일판매ㆍ공급계약체결,유가증권시장,KSS해운,단일판매ㆍ공급계약체결,2024-07-26,20240726800152,044450
단일판매ㆍ공급계약체결,코스닥시장,오로스테크놀로지,단일판매ㆍ공급계약체결,2024-07-26,20240726900128,322310
단일판매ㆍ공급계약체결,유가증권시장,현대로템,단일판매ㆍ공급계약체결,2024-07-26,20240726800109,064350
단일판매ㆍ공급계약체결,코스닥시장,디바이스,단일판매ㆍ공급계약체결,2024-07-25,20240725900275,187870
단일판매ㆍ공급계약체결,코스닥시장,쎄트렉아이,단일판매ㆍ공급계약체결,2024-07-25,20240725900242,099320
단일판매ㆍ공급계약체결,코스닥시장,오브젠,단일판매ㆍ공급계약체결,2024-07-25,20240725900022,417860
단일판매ㆍ공급계약체결,코스닥시장,중앙첨단소재,단일판매ㆍ공급계약체결,2024-07-24,20240724900577,051980
단일판매ㆍ공급계약체결,코스닥시장,케이엔에스,단일판매ㆍ공급계약체결,2024-07-24,20240724900162,432470
단일판매ㆍ공급계약체결,코스닥시장,코스텍시스,단일판매ㆍ공급계약체결,2024-07-24,20240724900153,355150
단일판매ㆍ공급계약체결,코스닥시장,컨텍,단일판매ㆍ공급계약체결,2024-07-24,20240724900135,451760
단일판매ㆍ공급계약체결,코스닥시장,이지트로닉스,단일판매ㆍ공급계약체결,2024-07-24,20240724900089,377330
단일판매ㆍ공급계약체결,코스닥시장,나노씨엠에스,단일판매ㆍ공급계약체결,2024-07-23,20240723900497,247660
단일판매ㆍ공급계약체결,유가증권시장,HDC랩스,단일판매ㆍ공급계약체결,2024-07-23,20240723800243,039570
단일판매ㆍ공급계약체결,유가증권시장,한국종합기술,단일판매ㆍ공급계약체결,2024-07-23,20240723800123,023350
단일판매ㆍ공급계약체결,코스닥시장,사피엔반도체,단일판매ㆍ공급계약체결,2024-07-22,20240722900176,452430
단일판매ㆍ공급계약체결,유가증권시장,진원생명과학,단일판매ㆍ공급계약체결,2024-07-22,20240722800107,011000
단일판매ㆍ공급계약체결,코스닥시장,금양그린파워,단일판매ㆍ공급계약체결,2024-07-22,20240722900091,282720
단일판매ㆍ공급계약체결,코스닥시장,제일엠앤에스,단일판매ㆍ공급계약체결,2024-07-19,20240719900344,412540
단일판매ㆍ공급계약체결,코스닥시장,성원에너텍,단일판매ㆍ공급계약체결,2024-07-19,20240719900210,340930
단일판매ㆍ공급계약체결,코스닥시장,라온텍,단일판매ㆍ공급계약체결,2024-07-19,20240719900196,418420
단일판매ㆍ공급계약체결,코스닥시장,에스티팜,단일판매ㆍ공급계약체결,2024-07-19,20240719900167,237690
단일판매ㆍ공급계약체결,유가증권시장,선도전기,단일판매ㆍ공급계약체결,2024-07-18,20240718800178,007610
단일판매ㆍ공급계약체결,유가증권시장,동부건설,단일판매ㆍ공급계약체결,2024-07-18,20240718800086,005960
단일판매ㆍ공급계약체결,코스닥시장,에프엔에스테크,단일판매ㆍ공급계약체결,2024-07-18,20240718900056,083500
단일판매ㆍ공급계약체결,유가증권시장,녹십자,단일판매ㆍ공급계약체결,2024-07-17,20240717800625,006280
단일판매ㆍ공급계약체결,코스닥시장,솔디펜스,단일판매ㆍ공급계약체결,2024-07-17,20240717900620,215090
단일판매ㆍ공급계약체결,코스닥시장,제노코,단일판매ㆍ공급계약체결,2024-07-17,20240717900083,361390
단일판매ㆍ공급계약체결,코스닥시장,에스에너지,단일판매ㆍ공급계약체결,2024-07-16,20240716900631,095910
단일판매ㆍ공급계약체결,코스닥시장,파인텍,단일판매ㆍ공급계약체결,2024-07-16,20240716900111,131760
단일판매ㆍ공급계약체결,코스닥시장,동신건설,단일판매ㆍ공급계약체결,2024-07-15,20240715900590,025950
단일판매ㆍ공급계약체결,코스닥시장,유진로봇,단일판매ㆍ공급계약체결,2024-07-15,20240715900340,056080
단일판매ㆍ공급계약체결,유가증권시장,에이프로젠바이오로직스,단일판매ㆍ공급계약체결,2024-07-15,20240715800236,003060
단일판매ㆍ공급계약체결,유가증권시장,HD현대중공업,단일판매ㆍ공급계약체결,2024-07-15,20240715800151,329180
단일판매ㆍ공급계약체결,코스닥시장,APS이노베이션,단일판매ㆍ공급계약체결,2024-07-15,20240715900140,079810
단일판매ㆍ공급계약체결,코스닥시장,유바이오로직스,단일판매ㆍ공급계약체결,2024-07-12,20240712900079,206650
단일판매ㆍ공급계약체결,유가증권시장,한화엔진,단일판매ㆍ공급계약체결,2024-07-11,20240711800203,082740
단일판매ㆍ공급계약체결,코스닥시장,E8,단일판매ㆍ공급계약체결,2024-07-11,20240711900071,418620
단일판매ㆍ공급계약체결,코스닥시장,APS이노베이션,단일판매ㆍ공급계약체결,2024-07-11,20240711900068,079810
단일판매ㆍ공급계약체결,유가증권시장,HJ중공업,단일판매ㆍ공급계약체결,2024-07-11,20240711800042,097230
단일판매ㆍ공급계약체결,코스닥시장,태성,단일판매ㆍ공급계약체결,2024-07-10,20240710900088,323280
단일판매ㆍ공급계약체결,유가증권시장,남광토건,단일판매ㆍ공급계약체결,2024-07-10,20240710800085,001260
단일판매ㆍ공급계약체결,유가증권시장,한화에어로스페이스,단일판매ㆍ공급계약체결,2024-07-10,20240710800031,012450
단일판매ㆍ공급계약체결,코스닥시장,솔디펜스,단일판매ㆍ공급계약체결,2024-07-09,20240709900592,215090
단일판매ㆍ공급계약체결,코스닥시장,다보링크,단일판매ㆍ공급계약체결,2024-07-09,20240709900248,340360
단일판매ㆍ공급계약체결,코스닥시장,파두,단일판매ㆍ공급계약체결,2024-07-09,20240709900213,440110
단일판매ㆍ공급계약체결,유가증권시장,에쓰씨엔지니어링,단일판매ㆍ공급계약체결,2024-07-09,20240709800048,023960
단일판매ㆍ공급계약체결,코스닥시장,토탈소프트,단일판매ㆍ공급계약체결,2024-07-08,20240708900166,045340
단일판매ㆍ공급계약체결,유가증권시장,퍼스텍,단일판매ㆍ공급계약체결,2024-07-08,20240708800120,010820
단일판매ㆍ공급계약체결,유가증권시장,HD현대중공업,단일판매ㆍ공급계약체결,2024-07-08,20240708800114,329180
단일판매ㆍ공급계약체결,유가증권시장,효성중공업,단일판매ㆍ공급계약체결,2024-07-08,20240708800058,298040
단일판매ㆍ공급계약체결,유가증권시장,한화엔진,단일판매ㆍ공급계약체결,2024-07-05,20240705800273,082740
단일판매ㆍ공급계약체결,코스닥시장,와이랩,단일판매ㆍ공급계약체결,2024-07-05,20240705900257,432430
단일판매ㆍ공급계약체결,유가증권시장,도화엔지니어링,단일판매ㆍ공급계약체결,2024-07-05,20240705800240,002150
단일판매ㆍ공급계약체결,유가증권시장,동방,단일판매ㆍ공급계약체결,2024-07-05,20240705800216,004140
단일판매ㆍ공급계약체결,유가증권시장,E1,단일판매ㆍ공급계약체결,2024-07-04,20240704800396,017940
단일판매ㆍ공급계약체결,코스닥시장,디아이티,단일판매ㆍ공급계약체결,2024-07-04,20240704900384,110990
단일판매ㆍ공급계약체결,코스닥시장,씨이랩,단일판매ㆍ공급계약체결,2024-07-03,20240703900228,189330
단일판매ㆍ공급계약체결,코스닥시장,파인텍,단일판매ㆍ공급계약체결,2024-07-03,20240703900189,131760
단일판매ㆍ공급계약체결,코스닥시장,다산디엠씨,단일판매ㆍ공급계약체결,2024-07-03,20240703900105,208860
단일판매ㆍ공급계약체결,유가증권시장,삼성바이오로직스,단일판매ㆍ공급계약체결,2024-07-02,20240702800160,207940
단일판매ㆍ공급계약체결,코스닥시장,제이스로보틱스,단일판매ㆍ공급계약체결,2024-07-02,20240702900119,090470
단일판매ㆍ공급계약체결,코스닥시장,소마젠,단일판매ㆍ공급계약체결,2024-07-02,20240702900091,950200
단일판매ㆍ공급계약체결,유가증권시장,진원생명과학,단일판매ㆍ공급계약체결,2024-07-02,20240702800090,011000
단일판매ㆍ공급계약체결,유가증권시장,두산퓨얼셀,단일판매ㆍ공급계약체결,2024-07-01,20240701800555,336260
단일판매ㆍ공급계약체결,코스닥시장,솔디펜스,단일판매ㆍ공급계약체결,2024-07-01,20240701900509,215090
단일판매ㆍ공급계약체결,코스닥시장,케이씨티,단일판매ㆍ공급계약체결,2024-07-01,20240701900361,089150
단일판매ㆍ공급계약체결,코스닥시장,토탈소프트,단일판매ㆍ공급계약체결,2024-07-01,20240701900352,045340
단일판매ㆍ공급계약체결,유가증권시장,아시아나IDT,단일판매ㆍ공급계약체결,2024-07-01,20240701800268,267850
단일판매ㆍ공급계약체결,유가증권시장,HD현대마린엔진,단일판매ㆍ공급계약체결,2024-07-01,20240701800169,071970
단일판매ㆍ공급계약체결,유가증권시장,삼성중공업,단일판매ㆍ공급계약체결,2024-07-01,20240701800160,010140
단일판매ㆍ공급계약체결,유가증권시장,한화오션,단일판매ㆍ공급계약체결,2024-07-01,20240701800088,042660
단일판매ㆍ공급계약체결,코스닥시장,오픈엣지테크놀로지,단일판매ㆍ공급계약체결,2024-07-01,20240701900082,394280
단일판매ㆍ공급계약체결,코스닥시장,유진로봇,단일판매ㆍ공급계약체결,2024-07-01,20240701900006,056080
단일판매ㆍ공급계약체결,유가증권시장,SK오션플랜트,단일판매ㆍ공급계약체결,2025-06-30,20250630800770,100090
단일판매ㆍ공급계약체결,유가증권시장,동부건설,단일판매ㆍ공급계약체결,2025-06-30,20250630800586,005960
단일판매ㆍ공급계약체결,코스닥시장,포바이포,단일판매ㆍ공급계약체결,2025-06-30,20250630900316,389140
단일판매ㆍ공급계약체결,코스닥시장,이노테나,단일판매ㆍ공급계약체결,2025-06-30,20250630900049,333050
단일판매ㆍ공급계약체결,코스닥시장,바이넥스,단일판매ㆍ공급계약체결,2025-06-30,20250630900023,053030
단일판매ㆍ공급계약체결,코스닥시장,스피어,단일판매ㆍ공급계약체결,2025-06-27,20250627900807,347700
단일판매ㆍ공급계약체결,유가증권시장,코오롱글로벌,단일판매ㆍ공급계약체결,2025-06-27,20250627800786,003070
단일판매ㆍ공급계약체결,유가증권시장,태영건설,단일판매ㆍ공급계약체결,2025-06-27,20250627800624,009410
단일판매ㆍ공급계약체결,유가증권시장,진흥기업,단일판매ㆍ공급계약체결,2025-06-27,20250627800396,002780
단일판매ㆍ공급계약체결,유가증권시장,우진,단일판매ㆍ공급계약체결,2025-06-27,20250627800289,105840
단일판매ㆍ공급계약체결,유가증권시장,한국항공우주,단일판매ㆍ공급계약체결,2025-06-27,20250627800228,047810
단일판매ㆍ공급계약체결,유가증권시장,KSS해운,단일판매ㆍ공급계약체결,2025-06-27,20250627800188,044450
단일판매ㆍ공급계약체결,코스닥시장,삼화네트웍스,단일판매ㆍ공급계약체결,2025-06-27,20250627900145,046390
단일판매ㆍ공급계약체결,유가증권시장,SNT에너지,단일판매ㆍ공급계약체결,2025-06-27,20250627800042,100840
단일판매ㆍ공급계약체결,유가증권시장,알루코,단일판매ㆍ공급계약체결,2025-06-26,20250626800478,001780
단일판매ㆍ공급계약체결,유가증권시장,퍼스텍,단일판매ㆍ공급계약체결,2025-06-26,20250626800418,010820
단일판매ㆍ공급계약체결,유가증권시장,한화에어로스페이스,단일판매ㆍ공급계약체결,2025-06-26,20250626800320,012450
단일판매ㆍ공급계약체결,유가증권시장,한국항공우주,단일판매ㆍ공급계약체결,2025-06-26,20250626800313,047810
단일판매ㆍ공급계약체결,유가증권시장,한신공영,단일판매ㆍ공급계약체결,2025-06-26,20250626800095,004960
단일판매ㆍ공급계약체결,유가증권시장,코오롱글로벌,단일판매ㆍ공급계약체결,2025-06-25,20250625800439,003070
단일판매ㆍ공급계약체결,유가증권시장,HS화성,단일판매ㆍ공급계약체결,2025-06-25,20250625800287,002460
단일판매ㆍ공급계약체결,코스닥시장,에스오에스랩,단일판매ㆍ공급계약체결,2025-06-25,20250625900255,464080
단일판매ㆍ공급계약체결,유가증권시장,HDC랩스,단일판매ㆍ공급계약체결,2025-06-25,20250625800245,039570
단일판매ㆍ공급계약체결,코스닥시장,웨이브일렉트로,단일판매ㆍ공급계약체결,2025-06-25,20250625900108,095270
단일판매ㆍ공급계약체결,유가증권시장,남광토건,단일판매ㆍ공급계약체결,2025-06-25,20250625800084,001260
단일판매ㆍ공급계약체결,코스닥시장,플래스크,단일판매ㆍ공급계약체결,2025-06-25,20250625900002,041590
단일판매ㆍ공급계약체결,유가증권시장,달바글로벌,단일판매ㆍ공급계약체결,2025-06-24,20250624800595,483650
단일판매ㆍ공급계약체결,유가증권시장,STX엔진,단일판매ㆍ공급계약체결,2025-06-24,20250624800121,077970
단일판매ㆍ공급계약체결,코스닥시장,샌즈랩,단일판매ㆍ공급계약체결,2025-06-24,20250624900084,411080
단일판매ㆍ공급계약체결,코스닥시장,케이엔알시스템,단일판매ㆍ공급계약체결,2025-06-24,20250624900058,199430
단일판매ㆍ공급계약체결,코스닥시장,스피어,단일판매ㆍ공급계약체결,2025-06-23,20250623900416,347700
단일판매ㆍ공급계약체결,유가증권시장,LG씨엔에스,단일판매ㆍ공급계약체결,2025-06-23,20250623800158,064400
단일판매ㆍ공급계약체결,코스닥시장,닷밀,단일판매ㆍ공급계약체결,2025-06-23,20250623900049,464580
단일판매ㆍ공급계약체결,코스닥시장,LS마린솔루션,단일판매ㆍ공급계약체결,2025-06-20,20250620900309,060370
단일판매ㆍ공급계약체결,유가증권시장,금호건설,단일판매ㆍ공급계약체결,2025-06-19,20250619800649,002990
단일판매ㆍ공급계약체결,유가증권시장,LIG디펜스앤에어로스페이스,단일판매ㆍ공급계약체결,2025-06-19,20250619800589,079550
단일판매ㆍ공급계약체결,코스닥시장,인벤티지랩,단일판매ㆍ공급계약체결,2025-06-19,20250619900416,389470
단일판매ㆍ공급계약체결,코스닥시장,머큐리,단일판매ㆍ공급계약체결,2025-06-19,20250619900314,100590
단일판매ㆍ공급계약체결,유가증권시장,일성건설,단일판매ㆍ공급계약체결,2025-06-19,20250619800254,013360
단일판매ㆍ공급계약체결,코스닥시장,에스지헬스케어,단일판매ㆍ공급계약체결,2025-06-19,20250619900252,398120
단일판매ㆍ공급계약체결,유가증권시장,두산퓨얼셀,단일판매ㆍ공급계약체결,2025-06-19,20250619800245,336260
단일판매ㆍ공급계약체결,유가증권시장,동부건설,단일판매ㆍ공급계약체결,2025-06-18,20250618800588,005960
단일판매ㆍ공급계약체결,코스닥시장,스튜디오미르,단일판매ㆍ공급계약체결,2025-06-18,20250618900447,408900
단일판매ㆍ공급계약체결,코스닥시장,와이씨,단일판매ㆍ공급계약체결,2025-06-18,20250618900293,232140
단일판매ㆍ공급계약체결,코스닥시장,뱅크웨어글로벌,단일판매ㆍ공급계약체결,2025-06-17,20250617900257,199480
단일판매ㆍ공급계약체결,코스닥시장,RFHIC,단일판매ㆍ공급계약체결,2025-06-17,20250617900188,218410
단일판매ㆍ공급계약체결,코스닥시장,아티스트스튜디오,단일판매ㆍ공급계약체결,2025-06-16,20250616900597,200350
단일판매ㆍ공급계약체결,코스닥시장,비나텍,단일판매ㆍ공급계약체결,2025-06-16,20250616900274,126340
단일판매ㆍ공급계약체결,코스닥시장,야스,단일판매ㆍ공급계약체결,2025-06-16,20250616900187,255440
단일판매ㆍ공급계약체결,유가증권시장,씨케이솔루션,단일판매ㆍ공급계약체결,2025-06-16,20250616800132,480370
단일판매ㆍ공급계약체결,코스닥시장,케이씨티,단일판매ㆍ공급계약체결,2025-06-13,20250613900526,089150
단일판매ㆍ공급계약체결,유가증권시장,남광토건,단일판매ㆍ공급계약체결,2025-06-13,20250613800122,001260
단일판매ㆍ공급계약체결,코스닥시장,브이엠,단일판매ㆍ공급계약체결,2025-06-12,20250612900106,089970
단일판매ㆍ공급계약체결,코스닥시장,파두,단일판매ㆍ공급계약체결,2025-06-12,20250612900075,440110
단일판매ㆍ공급계약체결,코스닥시장,나노씨엠에스,단일판매ㆍ공급계약체결,2025-06-11,20250611900689,247660
단일판매ㆍ공급계약체결,코스닥시장,케이씨티,단일판매ㆍ공급계약체결,2025-06-11,20250611900224,089150
단일판매ㆍ공급계약체결,코스닥시장,엑시콘,단일판매ㆍ공급계약체결,2025-06-11,20250611900143,092870
단일판매ㆍ공급계약체결,코스닥시장,레이저쎌,단일판매ㆍ공급계약체결,2025-06-11,20250611900102,412350
단일판매ㆍ공급계약체결,코스닥시장,남화토건,단일판매ㆍ공급계약체결,2025-06-10,20250610900466,091590
단일판매ㆍ공급계약체결,유가증권시장,한신공영,단일판매ㆍ공급계약체결,2025-06-10,20250610800257,004960
단일판매ㆍ공급계약체결,코스닥시장,피노,단일판매ㆍ공급계약체결,2025-06-10,20250610900247,033790
단일판매ㆍ공급계약체결,유가증권시장,STX엔진,단일판매ㆍ공급계약체결,2025-06-10,20250610800129,077970
단일판매ㆍ공급계약체결,유가증권시장,HD현대중공업,단일판매ㆍ공급계약체결,2025-06-10,20250610800109,329180
단일판매ㆍ공급계약체결,코스닥시장,AP시스템,단일판매ㆍ공급계약체결,2025-06-10,20250610900089,265520
단일판매ㆍ공급계약체결,코스닥시장,크레오에스지,단일판매ㆍ공급계약체결,2025-06-10,20250610900074,040350
단일판매ㆍ공급계약체결,코스닥시장,대명에너지,단일판매ㆍ공급계약체결,2025-06-10,20250610900057,389260
단일판매ㆍ공급계약체결,유가증권시장,대우건설,단일판매ㆍ공급계약체결,2025-06-10,20250610800054,047040
단일판매ㆍ공급계약체결,유가증권시장,선도전기,단일판매ㆍ공급계약체결,2025-06-09,20250609800527,007610
단일판매ㆍ공급계약체결,코스닥시장,스피어,단일판매ㆍ공급계약체결,2025-06-09,20250609900502,347700
단일판매ㆍ공급계약체결,코스닥시장,한성크린텍,단일판매ㆍ공급계약체결,2025-06-09,20250609900467,066980
단일판매ㆍ공급계약체결,코스닥시장,DMS,단일판매ㆍ공급계약체결,2025-06-09,20250609900256,068790
단일판매ㆍ공급계약체결,코스닥시장,피노,단일판매ㆍ공급계약체결,2025-06-09,20250609900247,033790
단일판매ㆍ공급계약체결,코스닥시장,비아트론,단일판매ㆍ공급계약체결,2025-06-09,20250609900163,141000
단일판매ㆍ공급계약체결,코스닥시장,웨이비스,단일판매ㆍ공급계약체결,2025-06-09,20250609900102,289930
단일판매ㆍ공급계약체결,코스닥시장,서한,단일판매ㆍ공급계약체결,2025-06-05,20250605900573,011370
단일판매ㆍ공급계약체결,유가증권시장,삼일씨엔에스,단일판매ㆍ공급계약체결,2025-06-05,20250605800399,004440
단일판매ㆍ공급계약체결,코스닥시장,비에이치아이,단일판매ㆍ공급계약체결,2025-06-05,20250605900128,083650
단일판매ㆍ공급계약체결,유가증권시장,SK바이오사이언스,단일판매ㆍ공급계약체결,2025-06-04,20250604800296,302440
단일판매ㆍ공급계약체결,유가증권시장,핸즈코퍼레이션,단일판매ㆍ공급계약체결,2025-06-04,20250604800256,143210
단일판매ㆍ공급계약체결,코스닥시장,특수건설,단일판매ㆍ공급계약체결,2025-06-04,20250604900078,026150
단일판매ㆍ공급계약체결,유가증권시장,LIG디펜스앤에어로스페이스,단일판매ㆍ공급계약체결,2025-06-04,20250604800068,079550
단일판매ㆍ공급계약체결,유가증권시장,한국항공우주,단일판매ㆍ공급계약체결,2025-06-04,20250604800028,047810
단일판매ㆍ공급계약체결,코스닥시장,카이노스메드,단일판매ㆍ공급계약체결,2025-06-02,20250602900851,284620
단일판매ㆍ공급계약체결,유가증권시장,일양약품,단일판매ㆍ공급계약체결,2025-06-02,20250602800546,007570
단일판매ㆍ공급계약체결,코스닥시장,비트컴퓨터,단일판매ㆍ공급계약체결,2025-06-02,20250602900311,032850
단일판매ㆍ공급계약체결,유가증권시장,일성건설,단일판매ㆍ공급계약체결,2025-06-02,20250602800309,013360
단일판매ㆍ공급계약체결,유가증권시장,한국가스공사,단일판매ㆍ공급계약체결,2025-06-02,20250602800250,036460
단일판매ㆍ공급계약체결,유가증권시장,진흥기업,단일판매ㆍ공급계약체결,2025-06-02,20250602800173,002780
단일판매ㆍ공급계약체결,유가증권시장,태영건설,단일판매ㆍ공급계약체결,2025-05-30,20250530801206,009410
단일판매ㆍ공급계약체결,유가증권시장,DB,단일판매ㆍ공급계약체결,2025-05-30,20250530800461,012030
단일판매ㆍ공급계약체결,유가증권시장,IPARK현대산업개발,단일판매ㆍ공급계약체결,2025-05-29,20250529800390,294870
단일판매ㆍ공급계약체결,코스닥시장,바이브컴퍼니,단일판매ㆍ공급계약체결,2025-05-29,20250529900163,301300
단일판매ㆍ공급계약체결,코스닥시장,민테크,단일판매ㆍ공급계약체결,2025-05-29,20250529900144,452200
단일판매ㆍ공급계약체결,코스닥시장,마이크로투나노,단일판매ㆍ공급계약체결,2025-05-29,20250529900139,424980
단일판매ㆍ공급계약체결,코스닥시장,신원종합개발,단일판매ㆍ공급계약체결,2025-05-29,20250529900106,017000
단일판매ㆍ공급계약체결,코스닥시장,위드텍,단일판매ㆍ공급계약체결,2025-05-29,20250529900062,348350
단일판매ㆍ공급계약체결,코스닥시장,코어라인소프트,단일판매ㆍ공급계약체결,2025-05-29,20250529900048,384470
단일판매ㆍ공급계약체결,유가증권시장,HD현대마린엔진,단일판매ㆍ공급계약체결,2025-05-29,20250529800018,071970
단일판매ㆍ공급계약체결,코스닥시장,삼일기업공사,단일판매ㆍ공급계약체결,2025-05-28,20250528900488,002290
단일판매ㆍ공급계약체결,코스닥시장,아이빔테크놀로지,단일판매ㆍ공급계약체결,2025-05-28,20250528900164,460470
단일판매ㆍ공급계약체결,유가증권시장,자이에스앤디,단일판매ㆍ공급계약체결,2025-05-28,20250528800153,317400
단일판매ㆍ공급계약체결,코스닥시장,이엔셀,단일판매ㆍ공급계약체결,2025-05-28,20250528900106,456070
단일판매ㆍ공급계약체결,유가증권시장,코오롱글로벌,단일판매ㆍ공급계약체결,2025-05-28,20250528800105,003070
단일판매ㆍ공급계약체결,코스닥시장,에스디시스템,단일판매ㆍ공급계약체결,2025-05-27,20250527900468,121890
단일판매ㆍ공급계약체결,코스닥시장,사피엔반도체,단일판매ㆍ공급계약체결,2025-05-27,20250527900425,452430
단일판매ㆍ공급계약체결,유가증권시장,DB,단일판매ㆍ공급계약체결,2025-05-27,20250527800407,012030
단일판매ㆍ공급계약체결,유가증권시장,현대로템,단일판매ㆍ공급계약체결,2025-05-27,20250527800286,064350
단일판매ㆍ공급계약체결,유가증권시장,삼호개발,단일판매ㆍ공급계약체결,2025-05-27,20250527800134,010960
단일판매ㆍ공급계약체결,코스닥시장,CNT85,단일판매ㆍ공급계약체결,2025-05-26,20250526900800,056730
단일판매ㆍ공급계약체결,코스닥시장,선익시스템,단일판매ㆍ공급계약체결,2025-05-26,20250526900558,171090
단일판매ㆍ공급계약체결,코스닥시장,딥노이드,단일판매ㆍ공급계약체결,2025-05-26,20250526900513,315640
단일판매ㆍ공급계약체결,유가증권시장,엠앤씨솔루션,단일판매ㆍ공급계약체결,2025-05-26,20250526800454,484870
단일판매ㆍ공급계약체결,유가증권시장,대우건설,단일판매ㆍ공급계약체결,2025-05-26,20250526800282,047040
단일판매ㆍ공급계약체결,유가증권시장,삼성바이오로직스,단일판매ㆍ공급계약체결,2025-05-26,20250526800004,207940
단일판매ㆍ공급계약체결,유가증권시장,HD현대마린엔진,단일판매ㆍ공급계약체결,2025-05-23,20250523800034,071970
단일판매ㆍ공급계약체결,코스닥시장,피앤에스로보틱스,단일판매ㆍ공급계약체결,2025-05-22,20250522900373,460940
단일판매ㆍ공급계약체결,코스닥시장,앱튼,단일판매ㆍ공급계약체결,2025-05-22,20250522900271,270520
단일판매ㆍ공급계약체결,유가증권시장,유한양행,단일판매ㆍ공급계약체결,2025-05-22,20250522800001,000100
단일판매ㆍ공급계약체결,코스닥시장,제이엔케이글로벌,단일판매ㆍ공급계약체결,2025-05-21,20250521900451,126880
단일판매ㆍ공급계약체결,유가증권시장,진흥기업,단일판매ㆍ공급계약체결,2025-05-21,20250521800034,002780
단일판매ㆍ공급계약체결,코스닥시장,앱클론,단일판매ㆍ공급계약체결,2025-05-20,20250520900263,174900
단일판매ㆍ공급계약체결,코스닥시장,세보엠이씨,단일판매ㆍ공급계약체결,2025-05-20,20250520900219,011560
단일판매ㆍ공급계약체결,코스닥시장,케이엔솔,단일판매ㆍ공급계약체결,2025-05-20,20250520900092,053080
단일판매ㆍ공급계약체결,유가증권시장,IPARK현대산업개발,단일판매ㆍ공급계약체결,2025-05-19,20250519800396,294870
단일판매ㆍ공급계약체결,코스닥시장,제이티,단일판매ㆍ공급계약체결,2025-05-19,20250519900135,089790
단일판매ㆍ공급계약체결,코스닥시장,피노,단일판매ㆍ공급계약체결,2025-05-19,20250519900093,033790
단일판매ㆍ공급계약체결,코스닥시장,서희건설,단일판매ㆍ공급계약체결,2025-05-16,20250516900484,035890
단일판매ㆍ공급계약체결,유가증권시장,한미반도체,단일판매ㆍ공급계약체결,2025-05-16,20250516800319,042700
단일판매ㆍ공급계약체결,코스닥시장,벨로크,단일판매ㆍ공급계약체결,2025-05-16,20250516900294,424760
단일판매ㆍ공급계약체결,코스닥시장,나노실리칸첨단소재,단일판매ㆍ공급계약체결,2025-05-16,20250516900182,286750
단일판매ㆍ공급계약체결,코스닥시장,스마트레이더시스템,단일판매ㆍ공급계약체결,2025-05-16,20250516900110,424960
단일판매ㆍ공급계약체결,유가증권시장,HS화성,단일판매ㆍ공급계약체결,2025-05-15,20250515801864,002460
단일판매ㆍ공급계약체결,코스닥시장,뱅크웨어글로벌,단일판매ㆍ공급계약체결,2025-05-15,20250515901258,199480
단일판매ㆍ공급계약체결,유가증권시장,노루페인트,단일판매ㆍ공급계약체결,2025-05-15,20250515801253,090350
단일판매ㆍ공급계약체결,코스닥시장,케이씨티,단일판매ㆍ공급계약체결,2025-05-15,20250515901216,089150
단일판매ㆍ공급계약체결,유가증권시장,HL D&I,단일판매ㆍ공급계약체결,2025-05-15,20250515800451,014790
단일판매ㆍ공급계약체결,코스닥시장,다원넥스뷰,단일판매ㆍ공급계약체결,2025-05-15,20250515900360,323350
단일판매ㆍ공급계약체결,코스닥시장,대명에너지,단일판매ㆍ공급계약체결,2025-05-15,20250515900342,389260
단일판매ㆍ공급계약체결,코스닥시장,앱클론,단일판매ㆍ공급계약체결,2025-05-15,20250515900263,174900
단일판매ㆍ공급계약체결,코스닥시장,아티스트컴퍼니,단일판매ㆍ공급계약체결,2025-05-14,20250514901182,321820
단일판매ㆍ공급계약체결,코스닥시장,페니트리움바이오,단일판매ㆍ공급계약체결,2025-05-14,20250514901081,187660
단일판매ㆍ공급계약체결,유가증권시장,LIG디펜스앤에어로스페이스,단일판매ㆍ공급계약체결,2025-05-14,20250514800672,079550
단일판매ㆍ공급계약체결,코스닥시장,피노,단일판매ㆍ공급계약체결,2025-05-14,20250514900323,033790
단일판매ㆍ공급계약체결,유가증권시장,KSS해운,단일판매ㆍ공급계약체결,2025-05-14,20250514800177,044450
단일판매ㆍ공급계약체결,유가증권시장,선도전기,단일판매ㆍ공급계약체결,2025-05-14,20250514800155,007610
단일판매ㆍ공급계약체결,코스닥시장,제이에스링크,단일판매ㆍ공급계약체결,2025-05-13,20250513900255,127120
단일판매ㆍ공급계약체결,코스닥시장,CNT85,단일판매ㆍ공급계약체결,2025-05-12,20250512900751,056730
단일판매ㆍ공급계약체결,유가증권시장,수산세보틱스,단일판매ㆍ공급계약체결,2025-05-12,20250512800571,017550
단일판매ㆍ공급계약체결,유가증권시장,DL이앤씨,단일판매ㆍ공급계약체결,2025-05-12,20250512800288,375500
단일판매ㆍ공급계약체결,유가증권시장,선도전기,단일판매ㆍ공급계약체결,2025-05-12,20250512800285,007610
단일판매ㆍ공급계약체결,코스닥시장,KCC건설,단일판매ㆍ공급계약체결,2025-05-12,20250512900272,021320
단일판매ㆍ공급계약체결,코스닥시장,스튜디오미르,단일판매ㆍ공급계약체결,2025-05-12,20250512900252,408900
단일판매ㆍ공급계약체결,유가증권시장,HS화성,단일판매ㆍ공급계약체결,2025-05-12,20250512800236,002460
단일판매ㆍ공급계약체결,유가증권시장,IPARK현대산업개발,단일판매ㆍ공급계약체결,2025-05-12,20250512800218,294870
단일판매ㆍ공급계약체결,코스닥시장,그린플러스,단일판매ㆍ공급계약체결,2025-05-12,20250512900191,186230
단일판매ㆍ공급계약체결,유가증권시장,삼호개발,단일판매ㆍ공급계약체결,2025-05-12,20250512800183,010960
단일판매ㆍ공급계약체결,코스닥시장,엔젤로보틱스,단일판매ㆍ공급계약체결,2025-05-12,20250512900051,455900
단일판매ㆍ공급계약체결,유가증권시장,아센디오,단일판매ㆍ공급계약체결,2025-05-09,20250509800615,012170
단일판매ㆍ공급계약체결,유가증권시장,HD현대마린엔진,단일판매ㆍ공급계약체결,2025-05-09,20250509800060,071970
단일판매ㆍ공급계약체결,코스닥시장,피노,단일판매ㆍ공급계약체결,2025-05-08,20250508900455,033790
단일판매ㆍ공급계약체결,유가증권시장,HS화성,단일판매ㆍ공급계약체결,2025-05-08,20250508800393,002460
단일판매ㆍ공급계약체결,코스닥시장,유틸렉스,단일판매ㆍ공급계약체결,2025-05-08,20250508900220,263050
단일판매ㆍ공급계약체결,코스닥시장,스피어,단일판매ㆍ공급계약체결,2025-05-07,20250507900776,347700
단일판매ㆍ공급계약체결,유가증권시장,현대로템,단일판매ㆍ공급계약체결,2025-05-07,20250507800534,064350
단일판매ㆍ공급계약체결,코스닥시장,아티스트스튜디오,단일판매ㆍ공급계약체결,2025-05-07,20250507900276,200350
단일판매ㆍ공급계약체결,코스닥시장,스마트레이더시스템,단일판매ㆍ공급계약체결,2025-05-07,20250507900208,424960
단일판매ㆍ공급계약체결,유가증권시장,HL D&I,단일판매ㆍ공급계약체결,2025-05-07,20250507800125,014790
단일판매ㆍ공급계약체결,유가증권시장,코오롱글로벌,단일판매ㆍ공급계약체결,2025-04-30,20250430801430,003070
단일판매ㆍ공급계약체결,유가증권시장,LIG디펜스앤에어로스페이스,단일판매ㆍ공급계약체결,2025-04-30,20250430801123,079550
단일판매ㆍ공급계약체결,코스닥시장,플래스크,단일판매ㆍ공급계약체결,2025-04-30,20250430901119,041590
단일판매ㆍ공급계약체결,코스닥시장,에이치브이엠,단일판매ㆍ공급계약체결,2025-04-30,20250430901091,295310
단일판매ㆍ공급계약체결,코스닥시장,스피어,단일판매ㆍ공급계약체결,2025-04-30,20250430900857,347700
단일판매ㆍ공급계약체결,코스닥시장,삼일기업공사,단일판매ㆍ공급계약체결,2025-04-30,20250430900540,002290
단일판매ㆍ공급계약체결,유가증권시장,한화엔진,단일판매ㆍ공급계약체결,2025-04-30,20250430800430,082740
단일판매ㆍ공급계약체결,유가증권시장,파미셀,단일판매ㆍ공급계약체결,2025-04-30,20250430800240,005690
단일판매ㆍ공급계약체결,유가증권시장,SNT다이내믹스,단일판매ㆍ공급계약체결,2025-04-30,20250430800076,003570
단일판매ㆍ공급계약체결,코스닥시장,빛과전자,단일판매ㆍ공급계약체결,2025-04-29,20250429900725,069540
단일판매ㆍ공급계약체결,유가증권시장,텔코웨어,단일판매ㆍ공급계약체결,2025-04-29,20250429800426,078000
단일판매ㆍ공급계약체결,유가증권시장,S-Oil,단일판매ㆍ공급계약체결,2025-04-29,20250429800266,010950
단일판매ㆍ공급계약체결,코스닥시장,에이직랜드,단일판매ㆍ공급계약체결,2025-04-29,20250429900204,445090
단일판매ㆍ공급계약체결,코스닥시장,스피어,단일판매ㆍ공급계약체결,2025-04-28,20250428900713,347700
단일판매ㆍ공급계약체결,유가증권시장,HL D&I,단일판매ㆍ공급계약체결,2025-04-28,20250428800334,014790
단일판매ㆍ공급계약체결,유가증권시장,LIG디펜스앤에어로스페이스,단일판매ㆍ공급계약체결,2025-04-28,20250428800278,079550
단일판매ㆍ공급계약체결,코스닥시장,LS마린솔루션,단일판매ㆍ공급계약체결,2025-04-28,20250428900159,060370
단일판매ㆍ공급계약체결,코스닥시장,현대무벡스,단일판매ㆍ공급계약체결,2025-04-28,20250428900156,319400
단일판매ㆍ공급계약체결,유가증권시장,아이에스동서,단일판매ㆍ공급계약체결,2025-04-28,20250428800145,010780
단일판매ㆍ공급계약체결,유가증권시장,HJ중공업,단일판매ㆍ공급계약체결,2025-04-28,20250428800143,097230
단일판매ㆍ공급계약체결,유가증권시장,한화오션,단일판매ㆍ공급계약체결,2025-04-28,20250428800105,042660
단일판매ㆍ공급계약체결,코스닥시장,웨이비스,단일판매ㆍ공급계약체결,2025-04-28,20250428900102,289930
단일판매ㆍ공급계약체결,유가증권시장,삼성중공업,단일판매ㆍ공급계약체결,2025-04-28,20250428800076,010140
단일판매ㆍ공급계약체결,유가증권시장,삼성바이오로직스,단일판매ㆍ공급계약체결,2025-04-28,20250428800048,207940
단일판매ㆍ공급계약체결,코스닥시장,피노,단일판매ㆍ공급계약체결,2025-04-25,20250425900917,033790
단일판매ㆍ공급계약체결,코스닥시장,한성크린텍,단일판매ㆍ공급계약체결,2025-04-25,20250425900766,066980
단일판매ㆍ공급계약체결,유가증권시장,갤럭시아에스엠,단일판매ㆍ공급계약체결,2025-04-25,20250425800706,011420
단일판매ㆍ공급계약체결,코스닥시장,스피어,단일판매ㆍ공급계약체결,2025-04-25,20250425900592,347700
단일판매ㆍ공급계약체결,코스닥시장,비에이치아이,단일판매ㆍ공급계약체결,2025-04-25,20250425900537,083650
단일판매ㆍ공급계약체결,코스닥시장,아이쓰리시스템,단일판매ㆍ공급계약체결,2025-04-25,20250425900266,214430
단일판매ㆍ공급계약체결,코스닥시장,빅텍,단일판매ㆍ공급계약체결,2025-04-25,20250425900155,065450
단일판매ㆍ공급계약체결,유가증권시장,DL이앤씨,단일판매ㆍ공급계약체결,2025-04-25,20250425800101,375500
단일판매ㆍ공급계약체결,코스닥시장,스피어,단일판매ㆍ공급계약체결,2025-04-24,20250424900780,347700
단일판매ㆍ공급계약체결,코스닥시장,서한,단일판매ㆍ공급계약체결,2025-04-24,20250424900728,011370
단일판매ㆍ공급계약체결,코스닥시장,브리지텍,단일판매ㆍ공급계약체결,2025-04-24,20250424900377,064480
단일판매ㆍ공급계약체결,코스닥시장,기가비스,단일판매ㆍ공급계약체결,2025-04-23,20250423900295,420770
단일판매ㆍ공급계약체결,코스닥시장,아이빔테크놀로지,단일판매ㆍ공급계약체결,2025-04-23,20250423900183,460470
단일판매ㆍ공급계약체결,코스닥시장,비에이치아이,단일판매ㆍ공급계약체결,2025-04-23,20250423900073,083650
단일판매ㆍ공급계약체결,코스닥시장,유신,단일판매ㆍ공급계약체결,2025-04-22,20250422900515,054930
단일판매ㆍ공급계약체결,유가증권시장,파미셀,단일판매ㆍ공급계약체결,2025-04-22,20250422800218,005690
단일판매ㆍ공급계약체결,유가증권시장,HL D&I,단일판매ㆍ공급계약체결,2025-04-22,20250422800049,014790
단일판매ㆍ공급계약체결,유가증권시장,동아지질,단일판매ㆍ공급계약체결,2025-04-21,20250421800727,028100
단일판매ㆍ공급계약체결,코스닥시장,스피어,단일판매ㆍ공급계약체결,2025-04-21,20250421900388,347700
단일판매ㆍ공급계약체결,코스닥시장,아이엠티,단일판매ㆍ공급계약체결,2025-04-21,20250421900247,451220
단일판매ㆍ공급계약체결,코스닥시장,핀텔,단일판매ㆍ공급계약체결,2025-04-21,20250421900178,291810
단일판매ㆍ공급계약체결,유가증권시장,대우건설,단일판매ㆍ공급계약체결,2025-04-18,20250418800756,047040
단일판매ㆍ공급계약체결,유가증권시장,STX엔진,단일판매ㆍ공급계약체결,2025-04-18,20250418800509,077970
단일판매ㆍ공급계약체결,유가증권시장,삼호개발,단일판매ㆍ공급계약체결,2025-04-18,20250418800444,010960
단일판매ㆍ공급계약체결,코스닥시장,성일하이텍,단일판매ㆍ공급계약체결,2025-04-18,20250418900401,365340
단일판매ㆍ공급계약체결,유가증권시장,HD현대마린엔진,단일판매ㆍ공급계약체결,2025-04-17,20250417800159,071970
단일판매ㆍ공급계약체결,유가증권시장,미래아이앤지,단일판매ㆍ공급계약체결,2025-04-16,20250416800244,007120
단일판매ㆍ공급계약체결,코스닥시장,특수건설,단일판매ㆍ공급계약체결,2025-04-16,20250416900233,026150
단일판매ㆍ공급계약체결,코스닥시장,아티스트컴퍼니,단일판매ㆍ공급계약체결,2025-04-16,20250416900224,321820
단일판매ㆍ공급계약체결,유가증권시장,한전기술,단일판매ㆍ공급계약체결,2025-04-15,20250415800443,052690
단일판매ㆍ공급계약체결,유가증권시장,HDC랩스,단일판매ㆍ공급계약체결,2025-04-15,20250415800423,039570
단일판매ㆍ공급계약체결,코스닥시장,이지케어텍,단일판매ㆍ공급계약체결,2025-04-15,20250415900196,099750
단일판매ㆍ공급계약체결,유가증권시장,HD현대마린엔진,단일판매ㆍ공급계약체결,2025-04-15,20250415800061,071970
단일판매ㆍ공급계약체결,코스닥시장,나래나노텍,단일판매ㆍ공급계약체결,2025-04-14,20250414900550,137080
단일판매ㆍ공급계약체결,유가증권시장,DS단석,단일판매ㆍ공급계약체결,2025-04-14,20250414800344,017860
단일판매ㆍ공급계약체결,코스닥시장,스피어,단일판매ㆍ공급계약체결,2025-04-11,20250411900564,347700
단일판매ㆍ공급계약체결,유가증권시장,자이에스앤디,단일판매ㆍ공급계약체결,2025-04-11,20250411800216,317400
단일판매ㆍ공급계약체결,유가증권시장,두산퓨얼셀,단일판매ㆍ공급계약체결,2025-04-11,20250411800115,336260
단일판매ㆍ공급계약체결,유가증권시장,DL이앤씨,단일판매ㆍ공급계약체결,2025-04-10,20250410801139,375500
단일판매ㆍ공급계약체결,코스닥시장,플래티어,단일판매ㆍ공급계약체결,2025-04-10,20250410900188,367000
단일판매ㆍ공급계약체결,코스닥시장,유진로봇,단일판매ㆍ공급계약체결,2025-04-09,20250409900272,056080
단일판매ㆍ공급계약체결,유가증권시장,디아이,단일판매ㆍ공급계약체결,2025-04-09,20250409800252,003160
단일판매ㆍ공급계약체결,코스닥시장,다보링크,단일판매ㆍ공급계약체결,2025-04-09,20250409900093,340360
단일판매ㆍ공급계약체결,유가증권시장,팬오션,단일판매ㆍ공급계약체결,2025-04-09,20250409800069,028670
단일판매ㆍ공급계약체결,코스닥시장,엑시콘,단일판매ㆍ공급계약체결,2025-04-08,20250408900612,092870
단일판매ㆍ공급계약체결,유가증권시장,동부건설,단일판매ㆍ공급계약체결,2025-04-08,20250408800592,005960
단일판매ㆍ공급계약체결,유가증권시장,삼성중공업,단일판매ㆍ공급계약체결,2025-04-08,20250408800489,010140
단일판매ㆍ공급계약체결,유가증권시장,한신공영,단일판매ㆍ공급계약체결,2025-04-08,20250408800473,004960
단일판매ㆍ공급계약체결,유가증권시장,한화에어로스페이스,단일판매ㆍ공급계약체결,2025-04-07,20250407801158,012450
단일판매ㆍ공급계약체결,유가증권시장,현대로템,단일판매ㆍ공급계약체결,2025-04-07,20250407800743,064350
단일판매ㆍ공급계약체결,코스닥시장,토탈소프트,단일판매ㆍ공급계약체결,2025-04-07,20250407900659,045340
단일판매ㆍ공급계약체결,유가증권시장,한신공영,단일판매ㆍ공급계약체결,2025-04-07,20250407800183,004960
단일판매ㆍ공급계약체결,코스닥시장,피노,단일판매ㆍ공급계약체결,2025-04-04,20250404901147,033790
단일판매ㆍ공급계약체결,코스닥시장,오상헬스케어,단일판매ㆍ공급계약체결,2025-04-04,20250404900585,036220
단일판매ㆍ공급계약체결,코스닥시장,지엔씨에너지,단일판매ㆍ공급계약체결,2025-04-04,20250404900515,119850
단일판매ㆍ공급계약체결,코스닥시장,한텍,단일판매ㆍ공급계약체결,2025-04-03,20250403900464,098070
단일판매ㆍ공급계약체결,유가증권시장,한화에어로스페이스,단일판매ㆍ공급계약체결,2025-04-03,20250403800374,012450
단일판매ㆍ공급계약체결,유가증권시장,엠앤씨솔루션,단일판매ㆍ공급계약체결,2025-04-03,20250403800282,484870
단일판매ㆍ공급계약체결,코스닥시장,브이엠,단일판매ㆍ공급계약체결,2025-04-03,20250403900190,089970
단일판매ㆍ공급계약체결,코스닥시장,모비스,단일판매ㆍ공급계약체결,2025-04-03,20250403900187,250060
단일판매ㆍ공급계약체결,코스닥시장,빅텍,단일판매ㆍ공급계약체결,2025-04-03,20250403900169,065450
단일판매ㆍ공급계약체결,코스닥시장,서한,단일판매ㆍ공급계약체결,2025-04-03,20250403900152,011370
단일판매ㆍ공급계약체결,코스닥시장,큐리옥스바이오시스템즈,단일판매ㆍ공급계약체결,2025-04-02,20250402900189,445680
단일판매ㆍ공급계약체결,유가증권시장,진흥기업,단일판매ㆍ공급계약체결,2025-04-01,20250401800599,002780
단일판매ㆍ공급계약체결,코스닥시장,대신정보통신,단일판매ㆍ공급계약체결,2025-04-01,20250401900490,020180
단일판매ㆍ공급계약체결,코스닥시장,신도기연,단일판매ㆍ공급계약체결,2025-04-01,20250401900369,290520
단일판매ㆍ공급계약체결,유가증권시장,한화오션,단일판매ㆍ공급계약체결,2025-04-01,20250401800363,042660
단일판매ㆍ공급계약체결,유가증권시장,미래아이앤지,단일판매ㆍ공급계약체결,2025-03-31,20250331802258,007120
단일판매ㆍ공급계약체결,코스닥시장,피노,단일판매ㆍ공급계약체결,2025-03-31,20250331901806,033790
단일판매ㆍ공급계약체결,코스닥시장,토탈소프트,단일판매ㆍ공급계약체결,2025-03-31,20250331901408,045340
단일판매ㆍ공급계약체결,코스닥시장,비에이치아이,단일판매ㆍ공급계약체결,2025-03-31,20250331901405,083650
단일판매ㆍ공급계약체결,코스닥시장,자비스,단일판매ㆍ공급계약체결,2025-03-31,20250331900873,254120
단일판매ㆍ공급계약체결,코스닥시장,브이엠,단일판매ㆍ공급계약체결,2025-03-31,20250331900160,089970
단일판매ㆍ공급계약체결,유가증권시장,현대로템,단일판매ㆍ공급계약체결,2025-03-28,20250328802869,064350
단일판매ㆍ공급계약체결,코스닥시장,큐브엔터,단일판매ㆍ공급계약체결,2025-03-28,20250328901454,182360
단일판매ㆍ공급계약체결,유가증권시장,HD현대마린엔진,단일판매ㆍ공급계약체결,2025-03-28,20250328801130,071970
단일판매ㆍ공급계약체결,코스닥시장,톱텍,단일판매ㆍ공급계약체결,2025-03-28,20250328901047,108230
단일판매ㆍ공급계약체결,코스닥시장,넥써쓰,단일판매ㆍ공급계약체결,2025-03-28,20250328900082,205500
단일판매ㆍ공급계약체결,코스닥시장,이글루,단일판매ㆍ공급계약체결,2025-03-27,20250327901406,067920
단일판매ㆍ공급계약체결,코스닥시장,하나기술,단일판매ㆍ공급계약체결,2025-03-27,20250327900674,299030
단일판매ㆍ공급계약체결,유가증권시장,DKME,단일판매ㆍ공급계약체결,2025-03-27,20250327800660,015590
단일판매ㆍ공급계약체결,유가증권시장,텔코웨어,단일판매ㆍ공급계약체결,2025-03-27,20250327800576,078000
단일판매ㆍ공급계약체결,유가증권시장,KSS해운,단일판매ㆍ공급계약체결,2025-03-27,20250327800308,044450
단일판매ㆍ공급계약체결,코스닥시장,피노,단일판매ㆍ공급계약체결,2025-03-26,20250326902757,033790
단일판매ㆍ공급계약체결,코스닥시장,엠플러스,단일판매ㆍ공급계약체결,2025-03-26,20250326902422,259630
단일판매ㆍ공급계약체결,코스닥시장,동원개발,단일판매ㆍ공급계약체결,2025-03-26,20250326902393,013120
단일판매ㆍ공급계약체결,유가증권시장,대우건설,단일판매ㆍ공급계약체결,2025-03-26,20250326801705,047040
단일판매ㆍ공급계약체결,유가증권시장,한국항공우주,단일판매ㆍ공급계약체결,2025-03-26,20250326800989,047810
단일판매ㆍ공급계약체결,코스닥시장,아이씨디,단일판매ㆍ공급계약체결,2025-03-26,20250326900966,040910
단일판매ㆍ공급계약체결,코스닥시장,와이씨,단일판매ㆍ공급계약체결,2025-03-26,20250326900718,232140
단일판매ㆍ공급계약체결,코스닥시장,현대무벡스,단일판매ㆍ공급계약체결,2025-03-26,20250326900185,319400
단일판매ㆍ공급계약체결,코스닥시장,우원개발,단일판매ㆍ공급계약체결,2025-03-25,20250325900797,046940
단일판매ㆍ공급계약체결,코스닥시장,우리기술,단일판매ㆍ공급계약체결,2025-03-24,20250324900163,032820
단일판매ㆍ공급계약체결,유가증권시장,삼성E&A,단일판매ㆍ공급계약체결,2025-03-24,20250324800024,028050
단일판매ㆍ공급계약체결,코스닥시장,닷밀,단일판매ㆍ공급계약체결,2025-03-21,20250321901730,464580
단일판매ㆍ공급계약체결,코스닥시장,동원개발,단일판매ㆍ공급계약체결,2025-03-21,20250321901150,013120
단일판매ㆍ공급계약체결,유가증권시장,한화엔진,단일판매ㆍ공급계약체결,2025-03-21,20250321800837,082740
단일판매ㆍ공급계약체결,유가증권시장,IPARK현대산업개발,단일판매ㆍ공급계약체결,2025-03-21,20250321800777,294870
단일판매ㆍ공급계약체결,코스닥시장,피노,단일판매ㆍ공급계약체결,2025-03-21,20250321900511,033790
단일판매ㆍ공급계약체결,코스닥시장,나노실리칸첨단소재,단일판매ㆍ공급계약체결,2025-03-20,20250320900975,286750
단일판매ㆍ공급계약체결,코스닥시장,츌립앤사이언스,단일판매ㆍ공급계약체결,2025-03-20,20250320900816,291650
단일판매ㆍ공급계약체결,유가증권시장,HJ중공업,단일판매ㆍ공급계약체결,2025-03-20,20250320800142,097230
단일판매ㆍ공급계약체결,코스닥시장,모아라이프플러스,단일판매ㆍ공급계약체결,2025-03-20,20250320900133,142760
단일판매ㆍ공급계약체결,코스닥시장,피노,단일판매ㆍ공급계약체결,2025-03-19,20250319901145,033790
단일판매ㆍ공급계약체결,코스닥시장,DGI,단일판매ㆍ공급계약체결,2025-03-19,20250319900565,099520
단일판매ㆍ공급계약체결,코스닥시장,브이엠,단일판매ㆍ공급계약체결,2025-03-19,20250319900149,089970
단일판매ㆍ공급계약체결,코스닥시장,세명전기,단일판매ㆍ공급계약체결,2025-03-19,20250319900106,017510
단일판매ㆍ공급계약체결,코스닥시장,페니트리움바이오,단일판매ㆍ공급계약체결,2025-03-18,20250318901890,187660
단일판매ㆍ공급계약체결,코스닥시장,쓰리빌리언,단일판매ㆍ공급계약체결,2025-03-18,20250318901464,394800
단일판매ㆍ공급계약체결,유가증권시장,도화엔지니어링,단일판매ㆍ공급계약체결,2025-03-18,20250318801012,002150
단일판매ㆍ공급계약체결,유가증권시장,삼성중공업,단일판매ㆍ공급계약체결,2025-03-18,20250318800145,010140
단일판매ㆍ공급계약체결,코스닥시장,파인텍,단일판매ㆍ공급계약체결,2025-03-17,20250317900150,131760
단일판매ㆍ공급계약체결,코스닥시장,프레스티지바이오로직스,단일판매ㆍ공급계약체결,2025-03-17,20250317900133,334970
단일판매ㆍ공급계약체결,유가증권시장,삼성중공업,단일판매ㆍ공급계약체결,2025-03-17,20250317800118,010140
단일판매ㆍ공급계약체결,유가증권시장,한화오션,단일판매ㆍ공급계약체결,2025-03-17,20250317800068,042660
단일판매ㆍ공급계약체결,유가증권시장,엠앤씨솔루션,단일판매ㆍ공급계약체결,2025-03-14,20250314800371,484870
단일판매ㆍ공급계약체결,코스닥시장,디아이티,단일판매ㆍ공급계약체결,2025-03-14,20250314900116,110990
단일판매ㆍ공급계약체결,코스닥시장,빛과전자,단일판매ㆍ공급계약체결,2025-03-13,20250313901850,069540
단일판매ㆍ공급계약체결,코스닥시장,피씨엘,단일판매ㆍ공급계약체결,2025-03-13,20250313900702,241820
단일판매ㆍ공급계약체결,코스닥시장,큐라티스,단일판매ㆍ공급계약체결,2025-03-13,20250313900603,348080
단일판매ㆍ공급계약체결,코스닥시장,서호전기,단일판매ㆍ공급계약체결,2025-03-13,20250313900312,065710
단일판매ㆍ공급계약체결,코스닥시장,피노,단일판매ㆍ공급계약체결,2025-03-13,20250313900283,033790
단일판매ㆍ공급계약체결,유가증권시장,HD현대마린엔진,단일판매ㆍ공급계약체결,2025-03-13,20250313800022,071970
단일판매ㆍ공급계약체결,코스닥시장,비엘팜텍,단일판매ㆍ공급계약체결,2025-03-12,20250312900438,065170
단일판매ㆍ공급계약체결,코스닥시장,피노,단일판매ㆍ공급계약체결,2025-03-11,20250311901663,033790
단일판매ㆍ공급계약체결,유가증권시장,엘앤에프,단일판매ㆍ공급계약체결,2025-03-11,20250311800798,066970
단일판매ㆍ공급계약체결,유가증권시장,까뮤이앤씨,단일판매ㆍ공급계약체결,2025-03-11,20250311800546,013700
단일판매ㆍ공급계약체결,코스닥시장,컨텍,단일판매ㆍ공급계약체결,2025-03-10,20250310900160,451760
단일판매ㆍ공급계약체결,코스닥시장,싸이버원,단일판매ㆍ공급계약체결,2025-03-10,20250310900140,356890
단일판매ㆍ공급계약체결,코스닥시장,아이톡시,단일판매ㆍ공급계약체결,2025-03-10,20250310900107,052770
단일판매ㆍ공급계약체결,유가증권시장,SNT에너지,단일판매ㆍ공급계약체결,2025-03-10,20250310800050,100840
단일판매ㆍ공급계약체결,코스닥시장,넥스트아이,단일판매ㆍ공급계약체결,2025-03-07,20250307901356,137940
단일판매ㆍ공급계약체결,코스닥시장,피노,단일판매ㆍ공급계약체결,2025-03-07,20250307900565,033790
단일판매ㆍ공급계약체결,코스닥시장,아이비젼웍스,단일판매ㆍ공급계약체결,2025-03-07,20250307900306,469750
단일판매ㆍ공급계약체결,코스닥시장,나노씨엠에스,단일판매ㆍ공급계약체결,2025-03-07,20250307900160,247660
단일판매ㆍ공급계약체결,유가증권시장,STX엔진,단일판매ㆍ공급계약체결,2025-03-06,20250306801217,077970
단일판매ㆍ공급계약체결,유가증권시장,SNT에너지,단일판매ㆍ공급계약체결,2025-03-06,20250306800248,100840
단일판매ㆍ공급계약체결,코스닥시장,피노,단일판매ㆍ공급계약체결,2025-03-06,20250306900195,033790
단일판매ㆍ공급계약체결,코스닥시장,브이엠,단일판매ㆍ공급계약체결,2025-03-06,20250306900169,089970
단일판매ㆍ공급계약체결,유가증권시장,한화엔진,단일판매ㆍ공급계약체결,2025-03-05,20250305800950,082740
단일판매ㆍ공급계약체결,유가증권시장,한솔제지,단일판매ㆍ공급계약체결,2025-03-05,20250305800602,213500
단일판매ㆍ공급계약체결,코스닥시장,영우디에스피,단일판매ㆍ공급계약체결,2025-03-05,20250305900222,143540
단일판매ㆍ공급계약체결,유가증권시장,디아이,단일판매ㆍ공급계약체결,2025-03-05,20250305800088,003160
단일판매ㆍ공급계약체결,코스닥시장,토탈소프트,단일판매ㆍ공급계약체결,2025-03-04,20250304901040,045340
단일판매ㆍ공급계약체결,코스닥시장,오브젠,단일판매ㆍ공급계약체결,2025-03-04,20250304900951,417860
단일판매ㆍ공급계약체결,유가증권시장,SK케미칼,단일판매ㆍ공급계약체결,2025-03-04,20250304800934,285130
단일판매ㆍ공급계약체결,유가증권시장,태영건설,단일판매ㆍ공급계약체결,2025-03-04,20250304800857,009410
단일판매ㆍ공급계약체결,코스닥시장,케이씨티,단일판매ㆍ공급계약체결,2025-03-04,20250304900699,089150
단일판매ㆍ공급계약체결,코스닥시장,아이엠티,단일판매ㆍ공급계약체결,2025-03-04,20250304900400,451220
단일판매ㆍ공급계약체결,코스닥시장,크레오에스지,단일판매ㆍ공급계약체결,2025-03-04,20250304900395,040350
단일판매ㆍ공급계약체결,유가증권시장,한국카본,단일판매ㆍ공급계약체결,2025-03-04,20250304800353,017960
단일판매ㆍ공급계약체결,코스닥시장,인터엠,단일판매ㆍ공급계약체결,2025-03-04,20250304900346,017250
단일판매ㆍ공급계약체결,코스닥시장,컨텍,단일판매ㆍ공급계약체결,2025-03-04,20250304900253,451760
단일판매ㆍ공급계약체결,코스닥시장,위드텍,단일판매ㆍ공급계약체결,2025-03-04,20250304900208,348350
단일판매ㆍ공급계약체결,코스닥시장,케이알엠,단일판매ㆍ공급계약체결,2025-03-04,20250304900207,093640
단일판매ㆍ공급계약체결,유가증권시장,HD현대중공업,단일판매ㆍ공급계약체결,2025-03-04,20250304800166,329180
단일판매ㆍ공급계약체결,코스닥시장,기가비스,단일판매ㆍ공급계약체결,2025-03-04,20250304900120,420770
단일판매ㆍ공급계약체결,유가증권시장,HL D&I,단일판매ㆍ공급계약체결,2025-03-04,20250304800116,014790
단일판매ㆍ공급계약체결,코스닥시장,인티큐브,단일판매ㆍ공급계약체결,2025-02-28,20250228900631,070590
단일판매ㆍ공급계약체결,코스닥시장,에프알텍,단일판매ㆍ공급계약체결,2025-02-28,20250228900527,073540
단일판매ㆍ공급계약체결,유가증권시장,DL이앤씨,단일판매ㆍ공급계약체결,2025-02-28,20250228800482,375500
단일판매ㆍ공급계약체결,유가증권시장,대우건설,단일판매ㆍ공급계약체결,2025-02-28,20250228800355,047040
단일판매ㆍ공급계약체결,유가증권시장,DB,단일판매ㆍ공급계약체결,2025-02-28,20250228800318,012030
단일판매ㆍ공급계약체결,코스닥시장,대신정보통신,단일판매ㆍ공급계약체결,2025-02-28,20250228900111,020180
단일판매ㆍ공급계약체결,유가증권시장,DL이앤씨,단일판매ㆍ공급계약체결,2025-02-27,20250227801233,375500
단일판매ㆍ공급계약체결,코스닥시장,피노,단일판매ㆍ공급계약체결,2025-02-27,20250227901191,033790
단일판매ㆍ공급계약체결,코스닥시장,셀피글로벌,단일판매ㆍ공급계약체결,2025-02-27,20250227900945,068940
단일판매ㆍ공급계약체결,코스닥시장,에코앤드림,단일판매ㆍ공급계약체결,2025-02-27,20250227900321,101360
단일판매ㆍ공급계약체결,유가증권시장,현대글로비스,단일판매ㆍ공급계약체결,2025-02-27,20250227800164,086280
단일판매ㆍ공급계약체결,유가증권시장,KSS해운,단일판매ㆍ공급계약체결,2025-02-27,20250227800123,044450
단일판매ㆍ공급계약체결,유가증권시장,삼호개발,단일판매ㆍ공급계약체결,2025-02-27,20250227800067,010960
단일판매ㆍ공급계약체결,코스닥시장,오픈엣지테크놀로지,단일판매ㆍ공급계약체결,2025-02-27,20250227900034,394280
단일판매ㆍ공급계약체결,유가증권시장,팬오션,단일판매ㆍ공급계약체결,2025-02-26,20250226800278,028670
단일판매ㆍ공급계약체결,유가증권시장,현대로템,단일판매ㆍ공급계약체결,2025-02-26,20250226800006,064350
단일판매ㆍ공급계약체결,유가증권시장,산일전기,단일판매ㆍ공급계약체결,2025-02-25,20250225800942,062040
단일판매ㆍ공급계약체결,유가증권시장,한화오션,단일판매ㆍ공급계약체결,2025-02-25,20250225800348,042660
단일판매ㆍ공급계약체결,코스닥시장,에스아이리소스,단일판매ㆍ공급계약체결,2025-02-24,20250224900239,065420
단일판매ㆍ공급계약체결,코스닥시장,센서뷰,단일판매ㆍ공급계약체결,2025-02-24,20250224900094,321370
단일판매ㆍ공급계약체결,코스닥시장,파두,단일판매ㆍ공급계약체결,2025-02-21,20250221900468,440110
단일판매ㆍ공급계약체결,코스닥시장,디와이피엔에프,단일판매ㆍ공급계약체결,2025-02-21,20250221900353,104460
단일판매ㆍ공급계약체결,유가증권시장,갤럭시아에스엠,단일판매ㆍ공급계약체결,2025-02-20,20250220800843,011420
단일판매ㆍ공급계약체결,유가증권시장,우신시스템,단일판매ㆍ공급계약체결,2025-02-19,20250219800814,017370
단일판매ㆍ공급계약체결,코스닥시장,피노,단일판매ㆍ공급계약체결,2025-02-19,20250219900423,033790
단일판매ㆍ공급계약체결,코스닥시장,에스티아이,단일판매ㆍ공급계약체결,2025-02-19,20250219900269,039440
단일판매ㆍ공급계약체결,코스닥시장,씨앤지하이테크,단일판매ㆍ공급계약체결,2025-02-19,20250219900135,264660
단일판매ㆍ공급계약체결,코스닥시장,나노씨엠에스,단일판매ㆍ공급계약체결,2025-02-18,20250218900748,247660
단일판매ㆍ공급계약체결,유가증권시장,팬오션,단일판매ㆍ공급계약체결,2025-02-18,20250218800275,028670
단일판매ㆍ공급계약체결,코스닥시장,자연과환경,단일판매ㆍ공급계약체결,2025-02-18,20250218900231,043910
단일판매ㆍ공급계약체결,코스닥시장,와이랩,단일판매ㆍ공급계약체결,2025-02-17,20250217901001,432430
단일판매ㆍ공급계약체결,코스닥시장,베노티앤알,단일판매ㆍ공급계약체결,2025-02-17,20250217900868,206400
단일판매ㆍ공급계약체결,코스닥시장,누보,단일판매ㆍ공급계약체결,2025-02-17,20250217900506,332290
단일판매ㆍ공급계약체결,코스닥시장,나노실리칸첨단소재,단일판매ㆍ공급계약체결,2025-02-14,20250214900411,286750
단일판매ㆍ공급계약체결,유가증권시장,대웅제약,단일판매ㆍ공급계약체결,2025-02-14,20250214800378,069620
단일판매ㆍ공급계약체결,코스닥시장,모아라이프플러스,단일판매ㆍ공급계약체결,2025-02-14,20250214900085,142760
단일판매ㆍ공급계약체결,코스닥시장,피노,단일판매ㆍ공급계약체결,2025-02-13,20250213901511,033790
단일판매ㆍ공급계약체결,코스닥시장,퀄리타스반도체,단일판매ㆍ공급계약체결,2025-02-13,20250213900977,432720
단일판매ㆍ공급계약체결,코스닥시장,토탈소프트,단일판매ㆍ공급계약체결,2025-02-13,20250213900915,045340
단일판매ㆍ공급계약체결,유가증권시장,무림P&P,단일판매ㆍ공급계약체결,2025-02-13,20250213800812,009580
단일판매ㆍ공급계약체결,코스닥시장,코츠테크놀로지,단일판매ㆍ공급계약체결,2025-02-13,20250213900409,448710
단일판매ㆍ공급계약체결,유가증권시장,두산퓨얼셀,단일판매ㆍ공급계약체결,2025-02-13,20250213800207,336260
단일판매ㆍ공급계약체결,코스닥시장,블리츠웨이엔터테인먼트,단일판매ㆍ공급계약체결,2025-02-13,20250213900135,369370
단일판매ㆍ공급계약체결,코스닥시장,피에스텍,단일판매ㆍ공급계약체결,2025-02-13,20250213900112,002230
단일판매ㆍ공급계약체결,코스닥시장,코츠테크놀로지,단일판매ㆍ공급계약체결,2025-02-12,20250212900747,448710
단일판매ㆍ공급계약체결,코스닥시장,센서뷰,단일판매ㆍ공급계약체결,2025-02-12,20250212900537,321370
단일판매ㆍ공급계약체결,코스닥시장,비에이치아이,단일판매ㆍ공급계약체결,2025-02-12,20250212900108,083650
단일판매ㆍ공급계약체결,코스닥시장,비에이치아이,단일판매ㆍ공급계약체결,2025-02-11,20250211900693,083650
단일판매ㆍ공급계약체결,유가증권시장,풍산,단일판매ㆍ공급계약체결,2025-02-11,20250211800515,103140
단일판매ㆍ공급계약체결,코스닥시장,신테카바이오,단일판매ㆍ공급계약체결,2025-02-11,20250211900485,226330
단일판매ㆍ공급계약체결,코스닥시장,코스텍시스,단일판매ㆍ공급계약체결,2025-02-11,20250211900258,355150
단일판매ㆍ공급계약체결,유가증권시장,조비,단일판매ㆍ공급계약체결,2025-02-11,20250211800111,001550
단일판매ㆍ공급계약체결,유가증권시장,선도전기,단일판매ㆍ공급계약체결,2025-02-10,20250210801594,007610
단일판매ㆍ공급계약체결,유가증권시장,한화오션,단일판매ㆍ공급계약체결,2025-02-10,20250210801035,042660
단일판매ㆍ공급계약체결,코스닥시장,유바이오로직스,단일판매ㆍ공급계약체결,2025-02-10,20250210900684,206650
단일판매ㆍ공급계약체결,코스닥시장,티에스아이,단일판매ㆍ공급계약체결,2025-02-10,20250210900669,277880
단일판매ㆍ공급계약체결,유가증권시장,남해화학,단일판매ㆍ공급계약체결,2025-02-10,20250210800338,025860
단일판매ㆍ공급계약체결,유가증권시장,HJ중공업,단일판매ㆍ공급계약체결,2025-02-10,20250210800065,097230
단일판매ㆍ공급계약체결,유가증권시장,동방아그로,단일판매ㆍ공급계약체결,2025-02-07,20250207800471,007590
단일판매ㆍ공급계약체결,유가증권시장,경농,단일판매ㆍ공급계약체결,2025-02-07,20250207800448,002100
단일판매ㆍ공급계약체결,유가증권시장,엠앤씨솔루션,단일판매ㆍ공급계약체결,2025-02-07,20250207800193,484870
단일판매ㆍ공급계약체결,코스닥시장,오로스테크놀로지,단일판매ㆍ공급계약체결,2025-02-07,20250207900177,322310
단일판매ㆍ공급계약체결,코스닥시장,코츠테크놀로지,단일판매ㆍ공급계약체결,2025-02-07,20250207900146,448710
단일판매ㆍ공급계약체결,유가증권시장,동아지질,단일판매ㆍ공급계약체결,2025-02-06,20250206800720,028100
단일판매ㆍ공급계약체결,코스닥시장,제이오,단일판매ㆍ공급계약체결,2025-02-06,20250206900294,418550
단일판매ㆍ공급계약체결,유가증권시장,남광토건,단일판매ㆍ공급계약체결,2025-02-06,20250206800140,001260
단일판매ㆍ공급계약체결,유가증권시장,SK아이이테크놀로지,단일판매ㆍ공급계약체결,2025-02-05,20250205800581,361610
단일판매ㆍ공급계약체결,코스닥시장,RF시스템즈,단일판매ㆍ공급계약체결,2025-02-05,20250205900286,474610
단일판매ㆍ공급계약체결,코스닥시장,스마트레이더시스템,단일판매ㆍ공급계약체결,2025-02-05,20250205900150,424960
단일판매ㆍ공급계약체결,코스닥시장,이노스페이스,단일판매ㆍ공급계약체결,2025-02-04,20250204900768,462350
단일판매ㆍ공급계약체결,코스닥시장,이화공영,단일판매ㆍ공급계약체결,2025-02-04,20250204900563,001840
단일판매ㆍ공급계약체결,코스닥시장,모아라이프플러스,단일판매ㆍ공급계약체결,2025-02-04,20250204900405,142760
단일판매ㆍ공급계약체결,코스닥시장,서한,단일판매ㆍ공급계약체결,2025-02-04,20250204900281,011370
단일판매ㆍ공급계약체결,코스닥시장,기가비스,단일판매ㆍ공급계약체결,2025-02-03,20250203901192,420770
단일판매ㆍ공급계약체결,유가증권시장,삼성E&A,단일판매ㆍ공급계약체결,2025-02-03,20250203800490,028050
단일판매ㆍ공급계약체결,유가증권시장,SNT다이내믹스,단일판매ㆍ공급계약체결,2025-02-03,20250203800261,003570
단일판매ㆍ공급계약체결,코스닥시장,빛과전자,단일판매ㆍ공급계약체결,2025-01-24,20250124901133,069540
단일판매ㆍ공급계약체결,코스닥시장,이노스페이스,단일판매ㆍ공급계약체결,2025-01-24,20250124900760,462350
단일판매ㆍ공급계약체결,유가증권시장,한화에어로스페이스,단일판매ㆍ공급계약체결,2025-01-24,20250124800528,012450
단일판매ㆍ공급계약체결,코스닥시장,케이씨티,단일판매ㆍ공급계약체결,2025-01-24,20250124900526,089150
단일판매ㆍ공급계약체결,코스닥시장,파두,단일판매ㆍ공급계약체결,2025-01-24,20250124900257,440110
단일판매ㆍ공급계약체결,유가증권시장,대우건설,단일판매ㆍ공급계약체결,2025-01-24,20250124800250,047040
단일판매ㆍ공급계약체결,코스닥시장,피노,단일판매ㆍ공급계약체결,2025-01-24,20250124900214,033790
단일판매ㆍ공급계약체결,코스닥시장,에스오에스랩,단일판매ㆍ공급계약체결,2025-01-24,20250124900109,464080
단일판매ㆍ공급계약체결,유가증권시장,동부건설,단일판매ㆍ공급계약체결,2025-01-23,20250123800873,005960
단일판매ㆍ공급계약체결,코스닥시장,에코앤드림,단일판매ㆍ공급계약체결,2025-01-23,20250123900337,101360
단일판매ㆍ공급계약체결,유가증권시장,HD현대중공업,단일판매ㆍ공급계약체결,2025-01-23,20250123800036,329180
단일판매ㆍ공급계약체결,유가증권시장,산일전기,단일판매ㆍ공급계약체결,2025-01-23,20250123800030,062040
단일판매ㆍ공급계약체결,유가증권시장,남광토건,단일판매ㆍ공급계약체결,2025-01-22,20250122800718,001260
단일판매ㆍ공급계약체결,코스닥시장,에이치시티,단일판매ㆍ공급계약체결,2025-01-22,20250122900641,072990
단일판매ㆍ공급계약체결,코스닥시장,테스,단일판매ㆍ공급계약체결,2025-01-22,20250122900134,095610
단일판매ㆍ공급계약체결,코스닥시장,국영지앤엠,단일판매ㆍ공급계약체결,2025-01-22,20250122900042,006050
단일판매ㆍ공급계약체결,유가증권시장,HD현대마린엔진,단일판매ㆍ공급계약체결,2025-01-22,20250122800010,071970
단일판매ㆍ공급계약체결,코스닥시장,엠아이큐브솔루션,단일판매ㆍ공급계약체결,2025-01-21,20250121900222,373170
단일판매ㆍ공급계약체결,유가증권시장,HDC랩스,단일판매ㆍ공급계약체결,2025-01-21,20250121800213,039570
단일판매ㆍ공급계약체결,코스닥시장,오킨스전자,단일판매ㆍ공급계약체결,2025-01-21,20250121900211,080580
단일판매ㆍ공급계약체결,코스닥시장,케이옥션,단일판매ㆍ공급계약체결,2025-01-21,20250121900204,102370
단일판매ㆍ공급계약체결,코스닥시장,케이엔에스,단일판매ㆍ공급계약체결,2025-01-20,20250120900666,432470
단일판매ㆍ공급계약체결,코스닥시장,피엔티,단일판매ㆍ공급계약체결,2025-01-20,20250120900507,137400
단일판매ㆍ공급계약체결,유가증권시장,한신공영,단일판매ㆍ공급계약체결,2025-01-20,20250120800458,004960
단일판매ㆍ공급계약체결,코스닥시장,알톤,단일판매ㆍ공급계약체결,2025-01-20,20250120900393,123750
단일판매ㆍ공급계약체결,유가증권시장,삼성중공업,단일판매ㆍ공급계약체결,2025-01-20,20250120800318,010140
단일판매ㆍ공급계약체결,코스닥시장,선익시스템,단일판매ㆍ공급계약체결,2025-01-20,20250120900239,171090
단일판매ㆍ공급계약체결,코스닥시장,아리바이오홀딩스,단일판매ㆍ공급계약체결,2025-01-17,20250117900724,290690
단일판매ㆍ공급계약체결,코스닥시장,파두,단일판매ㆍ공급계약체결,2025-01-17,20250117900092,440110
단일판매ㆍ공급계약체결,유가증권시장,씨에스윈드,단일판매ㆍ공급계약체결,2025-01-16,20250116800104,112610
단일판매ㆍ공급계약체결,코스닥시장,디지틀조선,단일판매ㆍ공급계약체결,2025-01-16,20250116900090,033130
단일판매ㆍ공급계약체결,코스닥시장,엔텔스,단일판매ㆍ공급계약체결,2025-01-16,20250116900081,069410
단일판매ㆍ공급계약체결,코스닥시장,딥노이드,단일판매ㆍ공급계약체결,2025-01-16,20250116900050,315640
단일판매ㆍ공급계약체결,코스닥시장,네이블,단일판매ㆍ공급계약체결,2025-01-15,20250115900533,153460
단일판매ㆍ공급계약체결,코스닥시장,SCL사이언스,단일판매ㆍ공급계약체결,2025-01-15,20250115900152,246960
단일판매ㆍ공급계약체결,유가증권시장,진흥기업,단일판매ㆍ공급계약체결,2025-01-14,20250114800228,002780
단일판매ㆍ공급계약체결,유가증권시장,한미반도체,단일판매ㆍ공급계약체결,2025-01-14,20250114800153,042700
단일판매ㆍ공급계약체결,유가증권시장,삼성바이오로직스,단일판매ㆍ공급계약체결,2025-01-14,20250114800022,207940
단일판매ㆍ공급계약체결,유가증권시장,이수스페셜티케미컬,단일판매ㆍ공급계약체결,2025-01-13,20250113800412,457190
단일판매ㆍ공급계약체결,코스닥시장,엠오티,단일판매ㆍ공급계약체결,2025-01-13,20250113900228,413390
단일판매ㆍ공급계약체결,코스닥시장,팅크웨어,단일판매ㆍ공급계약체결,2025-01-13,20250113900225,084730
단일판매ㆍ공급계약체결,코스닥시장,세명전기,단일판매ㆍ공급계약체결,2025-01-13,20250113900176,017510
단일판매ㆍ공급계약체결,코스닥시장,디아이티,단일판매ㆍ공급계약체결,2025-01-13,20250113900150,110990
단일판매ㆍ공급계약체결,유가증권시장,효성중공업,단일판매ㆍ공급계약체결,2025-01-10,20250110800527,298040
단일판매ㆍ공급계약체결,코스닥시장,제룡산업,단일판매ㆍ공급계약체결,2025-01-10,20250110900371,147830
단일판매ㆍ공급계약체결,유가증권시장,산일전기,단일판매ㆍ공급계약체결,2025-01-10,20250110800348,062040
단일판매ㆍ공급계약체결,유가증권시장,삼호개발,단일판매ㆍ공급계약체결,2025-01-10,20250110800243,010960
단일판매ㆍ공급계약체결,유가증권시장,삼성E&A,단일판매ㆍ공급계약체결,2025-01-10,20250110800218,028050
단일판매ㆍ공급계약체결,코스닥시장,아이씨디,단일판매ㆍ공급계약체결,2025-01-10,20250110900151,040910
단일판매ㆍ공급계약체결,코스닥시장,웨이브일렉트로,단일판매ㆍ공급계약체결,2025-01-10,20250110900087,095270
단일판매ㆍ공급계약체결,유가증권시장,HL D&I,단일판매ㆍ공급계약체결,2025-01-09,20250109800465,014790
단일판매ㆍ공급계약체결,코스닥시장,포스코엠텍,단일판매ㆍ공급계약체결,2025-01-09,20250109900448,009520
단일판매ㆍ공급계약체결,코스닥시장,다산디엠씨,단일판매ㆍ공급계약체결,2025-01-09,20250109900306,208860
단일판매ㆍ공급계약체결,코스닥시장,피노,단일판매ㆍ공급계약체결,2025-01-09,20250109900215,033790
단일판매ㆍ공급계약체결,코스닥시장,퀄리타스반도체,단일판매ㆍ공급계약체결,2025-01-09,20250109900171,432720
단일판매ㆍ공급계약체결,유가증권시장,코오롱글로벌,단일판매ㆍ공급계약체결,2025-01-08,20250108800326,003070
단일판매ㆍ공급계약체결,유가증권시장,한화엔진,단일판매ㆍ공급계약체결,2025-01-07,20250107800441,082740
단일판매ㆍ공급계약체결,유가증권시장,KTcs,단일판매ㆍ공급계약체결,2025-01-07,20250107800379,058850
단일판매ㆍ공급계약체결,유가증권시장,HS화성,단일판매ㆍ공급계약체결,2025-01-07,20250107800235,002460
단일판매ㆍ공급계약체결,코스닥시장,케이엔알시스템,단일판매ㆍ공급계약체결,2025-01-07,20250107900162,199430
단일판매ㆍ공급계약체결,코스닥시장,SCL사이언스,단일판매ㆍ공급계약체결,2025-01-07,20250107900104,246960
단일판매ㆍ공급계약체결,유가증권시장,한화엔진,단일판매ㆍ공급계약체결,2025-01-06,20250106800466,082740
단일판매ㆍ공급계약체결,유가증권시장,HS화성,단일판매ㆍ공급계약체결,2025-01-06,20250106800095,002460
단일판매ㆍ공급계약체결,코스닥시장,테스,단일판매ㆍ공급계약체결,2025-01-03,20250103900262,095610
단일판매ㆍ공급계약체결,코스닥시장,피노,단일판매ㆍ공급계약체결,2025-01-03,20250103900163,033790
단일판매ㆍ공급계약체결,코스닥시장,이엔셀,단일판매ㆍ공급계약체결,2025-01-03,20250103900145,456070
단일판매ㆍ공급계약체결,유가증권시장,삼호개발,단일판매ㆍ공급계약체결,2025-01-03,20250103800141,010960
단일판매ㆍ공급계약체결,유가증권시장,DB,단일판매ㆍ공급계약체결,2025-01-02,20250102800476,012030
단일판매ㆍ공급계약체결,코스닥시장,드림씨아이에스,단일판매ㆍ공급계약체결,2025-01-02,20250102900319,223250
단일판매ㆍ공급계약체결,코스닥시장,범한퓨얼셀,단일판매ㆍ공급계약체결,2025-01-02,20250102900141,382900
단일판매ㆍ공급계약체결,코스닥시장,파인텍,단일판매ㆍ공급계약체결,2025-01-02,20250102900123,131760
단일판매ㆍ공급계약체결,코스닥시장,대화제약,단일판매ㆍ공급계약체결,2025-12-31,20251231900796,067080
단일판매ㆍ공급계약체결,코스닥시장,서한,단일판매ㆍ공급계약체결,2025-12-31,20251231900762,011370
단일판매ㆍ공급계약체결,유가증권시장,동부건설,단일판매ㆍ공급계약체결,2025-12-31,20251231800750,005960
단일판매ㆍ공급계약체결,유가증권시장,포스코퓨처엠,단일판매ㆍ공급계약체결,2025-12-31,20251231800740,003670
단일판매ㆍ공급계약체결,유가증권시장,DB,단일판매ㆍ공급계약체결,2025-12-31,20251231800701,012030
단일판매ㆍ공급계약체결,유가증권시장,DL이앤씨,단일판매ㆍ공급계약체결,2025-12-31,20251231800655,375500
단일판매ㆍ공급계약체결,유가증권시장,HJ중공업,단일판매ㆍ공급계약체결,2025-12-31,20251231800547,097230
단일판매ㆍ공급계약체결,코스닥시장,아크릴,단일판매ㆍ공급계약체결,2025-12-31,20251231900529,0007C0
단일판매ㆍ공급계약체결,코스닥시장,스피어,단일판매ㆍ공급계약체결,2025-12-31,20251231900400,347700
단일판매ㆍ공급계약체결,코스닥시장,남화토건,단일판매ㆍ공급계약체결,2025-12-31,20251231900322,091590
단일판매ㆍ공급계약체결,유가증권시장,HS화성,단일판매ㆍ공급계약체결,2025-12-31,20251231800301,002460
단일판매ㆍ공급계약체결,코스닥시장,지엔씨에너지,단일판매ㆍ공급계약체결,2025-12-31,20251231900163,119850
단일판매ㆍ공급계약체결,유가증권시장,한창제지,단일판매ㆍ공급계약체결,2025-12-31,20251231800094,009460
단일판매ㆍ공급계약체결,유가증권시장,태영건설,단일판매ㆍ공급계약체결,2025-12-30,20251230801176,009410
단일판매ㆍ공급계약체결,유가증권시장,포스코DX,단일판매ㆍ공급계약체결,2025-12-30,20251230800957,022100
단일판매ㆍ공급계약체결,유가증권시장,HS화성,단일판매ㆍ공급계약체결,2025-12-30,20251230800475,002460
단일판매ㆍ공급계약체결,유가증권시장,HL D&I,단일판매ㆍ공급계약체결,2025-12-30,20251230800433,014790
단일판매ㆍ공급계약체결,유가증권시장,롯데이노베이트,단일판매ㆍ공급계약체결,2025-12-30,20251230800401,286940
단일판매ㆍ공급계약체결,유가증권시장,LIG디펜스앤에어로스페이스,단일판매ㆍ공급계약체결,2025-12-30,20251230800344,079550
단일판매ㆍ공급계약체결,코스닥시장,삼영엠텍,단일판매ㆍ공급계약체결,2025-12-30,20251230900280,054540
단일판매ㆍ공급계약체결,유가증권시장,KBI동양철관,단일판매ㆍ공급계약체결,2025-12-30,20251230800263,008970
단일판매ㆍ공급계약체결,유가증권시장,LG씨엔에스,단일판매ㆍ공급계약체결,2025-12-30,20251230800219,064400
단일판매ㆍ공급계약체결,코스닥시장,남화토건,단일판매ㆍ공급계약체결,2025-12-30,20251230900170,091590
단일판매ㆍ공급계약체결,코스닥시장,카티스,단일판매ㆍ공급계약체결,2025-12-30,20251230900066,140430
단일판매ㆍ공급계약체결,코스닥시장,토마토시스템,단일판매ㆍ공급계약체결,2025-12-29,20251229900735,393210
단일판매ㆍ공급계약체결,코스닥시장,넥써쓰,단일판매ㆍ공급계약체결,2025-12-29,20251229900405,205500
단일판매ㆍ공급계약체결,코스닥시장,노타,단일판매ㆍ공급계약체결,2025-12-29,20251229900327,486990
단일판매ㆍ공급계약체결,코스닥시장,아이티켐,단일판매ㆍ공급계약체결,2025-12-29,20251229900279,309710
단일판매ㆍ공급계약체결,유가증권시장,CJ씨푸드,단일판매ㆍ공급계약체결,2025-12-29,20251229800220,011150
단일판매ㆍ공급계약체결,유가증권시장,LG씨엔에스,단일판매ㆍ공급계약체결,2025-12-29,20251229800114,064400
단일판매ㆍ공급계약체결,유가증권시장,HD현대중공업,단일판매ㆍ공급계약체결,2025-12-26,20251226800842,329180
단일판매ㆍ공급계약체결,유가증권시장,태영건설,단일판매ㆍ공급계약체결,2025-12-26,20251226800782,009410
단일판매ㆍ공급계약체결,코스닥시장,스피어,단일판매ㆍ공급계약체결,2025-12-26,20251226900549,347700
단일판매ㆍ공급계약체결,코스닥시장,비츠로넥스텍,단일판매ㆍ공급계약체결,2025-12-26,20251226900472,488900
단일판매ㆍ공급계약체결,코스닥시장,가온칩스,단일판매ㆍ공급계약체결,2025-12-26,20251226900414,399720
단일판매ㆍ공급계약체결,유가증권시장,한국항공우주,단일판매ㆍ공급계약체결,2025-12-26,20251226800326,047810
단일판매ㆍ공급계약체결,유가증권시장,삼일씨엔에스,단일판매ㆍ공급계약체결,2025-12-26,20251226800314,004440
단일판매ㆍ공급계약체결,코스닥시장,닷밀,단일판매ㆍ공급계약체결,2025-12-26,20251226900194,464580
단일판매ㆍ공급계약체결,유가증권시장,DL이앤씨,단일판매ㆍ공급계약체결,2025-12-24,20251224800925,375500
단일판매ㆍ공급계약체결,코스닥시장,사피엔반도체,단일판매ㆍ공급계약체결,2025-12-24,20251224900873,452430
단일판매ㆍ공급계약체결,유가증권시장,코오롱글로벌,단일판매ㆍ공급계약체결,2025-12-24,20251224800648,003070
단일판매ㆍ공급계약체결,유가증권시장,동부건설,단일판매ㆍ공급계약체결,2025-12-24,20251224800629,005960
단일판매ㆍ공급계약체결,코스닥시장,씨엔플러스,단일판매ㆍ공급계약체결,2025-12-24,20251224900503,115530
단일판매ㆍ공급계약체결,코스닥시장,원일티엔아이,단일판매ㆍ공급계약체결,2025-12-24,20251224900477,136150
단일판매ㆍ공급계약체결,코스닥시장,코스텍시스,단일판매ㆍ공급계약체결,2025-12-24,20251224900475,355150
단일판매ㆍ공급계약체결,코스닥시장,나노씨엠에스,단일판매ㆍ공급계약체결,2025-12-24,20251224900466,247660
단일판매ㆍ공급계약체결,유가증권시장,한전기술,단일판매ㆍ공급계약체결,2025-12-24,20251224800437,052690
단일판매ㆍ공급계약체결,유가증권시장,LIG디펜스앤에어로스페이스,단일판매ㆍ공급계약체결,2025-12-24,20251224800405,079550
단일판매ㆍ공급계약체결,코스닥시장,피노,단일판매ㆍ공급계약체결,2025-12-24,20251224900222,033790
단일판매ㆍ공급계약체결,코스닥시장,큐라티스,단일판매ㆍ공급계약체결,2025-12-24,20251224900220,348080
단일판매ㆍ공급계약체결,코스닥시장,에너토크,단일판매ㆍ공급계약체결,2025-12-24,20251224900215,019990
단일판매ㆍ공급계약체결,유가증권시장,산일전기,단일판매ㆍ공급계약체결,2025-12-24,20251224800181,062040
단일판매ㆍ공급계약체결,코스닥시장,넥스트칩,단일판매ㆍ공급계약체결,2025-12-24,20251224900164,396270
단일판매ㆍ공급계약체결,코스닥시장,에스아이리소스,단일판매ㆍ공급계약체결,2025-12-24,20251224900151,065420
단일판매ㆍ공급계약체결,유가증권시장,HD현대중공업,단일판매ㆍ공급계약체결,2025-12-24,20251224800145,329180
단일판매ㆍ공급계약체결,유가증권시장,대우건설,단일판매ㆍ공급계약체결,2025-12-24,20251224800042,047040
단일판매ㆍ공급계약체결,유가증권시장,HJ중공업,단일판매ㆍ공급계약체결,2025-12-24,20251224800003,097230
단일판매ㆍ공급계약체결,유가증권시장,한국카본,단일판매ㆍ공급계약체결,2025-12-23,20251223800845,017960
단일판매ㆍ공급계약체결,코스닥시장,스피어,단일판매ㆍ공급계약체결,2025-12-23,20251223900758,347700
단일판매ㆍ공급계약체결,유가증권시장,S-Oil,단일판매ㆍ공급계약체결,2025-12-23,20251223800740,010950
단일판매ㆍ공급계약체결,유가증권시장,코오롱글로벌,단일판매ㆍ공급계약체결,2025-12-23,20251223800724,003070
단일판매ㆍ공급계약체결,유가증권시장,한화에어로스페이스,단일판매ㆍ공급계약체결,2025-12-23,20251223800540,012450
단일판매ㆍ공급계약체결,유가증권시장,세아제강,단일판매ㆍ공급계약체결,2025-12-23,20251223800497,306200
단일판매ㆍ공급계약체결,유가증권시장,IPARK현대산업개발,단일판매ㆍ공급계약체결,2025-12-23,20251223800465,294870
단일판매ㆍ공급계약체결,유가증권시장,산일전기,단일판매ㆍ공급계약체결,2025-12-23,20251223800460,062040
단일판매ㆍ공급계약체결,코스닥시장,하나기술,단일판매ㆍ공급계약체결,2025-12-23,20251223900299,299030
단일판매ㆍ공급계약체결,코스닥시장,윤성에프앤씨,단일판매ㆍ공급계약체결,2025-12-23,20251223900286,372170
단일판매ㆍ공급계약체결,코스닥시장,금양그린파워,단일판매ㆍ공급계약체결,2025-12-23,20251223900268,282720
단일판매ㆍ공급계약체결,유가증권시장,한국주강,단일판매ㆍ공급계약체결,2025-12-23,20251223800195,025890
단일판매ㆍ공급계약체결,유가증권시장,한국항공우주,단일판매ㆍ공급계약체결,2025-12-23,20251223800187,047810
단일판매ㆍ공급계약체결,코스닥시장,퀄리타스반도체,단일판매ㆍ공급계약체결,2025-12-23,20251223900135,432720
단일판매ㆍ공급계약체결,유가증권시장,삼성중공업,단일판매ㆍ공급계약체결,2025-12-23,20251223800127,010140
단일판매ㆍ공급계약체결,유가증권시장,동부건설,단일판매ㆍ공급계약체결,2025-12-23,20251223800061,005960
단일판매ㆍ공급계약체결,유가증권시장,한화오션,단일판매ㆍ공급계약체결,2025-12-23,20251223800047,042660
단일판매ㆍ공급계약체결,유가증권시장,삼성물산,단일판매ㆍ공급계약체결,2025-12-23,20251223800010,028260
단일판매ㆍ공급계약체결,코스닥시장,신도기연,단일판매ㆍ공급계약체결,2025-12-22,20251222900831,290520
단일판매ㆍ공급계약체결,유가증권시장,HD현대일렉트릭,단일판매ㆍ공급계약체결,2025-12-22,20251222800814,267260
단일판매ㆍ공급계약체결,유가증권시장,HS화성,단일판매ㆍ공급계약체결,2025-12-22,20251222800410,002460
단일판매ㆍ공급계약체결,유가증권시장,한국종합기술,단일판매ㆍ공급계약체결,2025-12-22,20251222800397,023350
단일판매ㆍ공급계약체결,코스닥시장,제룡전기,단일판매ㆍ공급계약체결,2025-12-22,20251222900254,033100
단일판매ㆍ공급계약체결,유가증권시장,까뮤이앤씨,단일판매ㆍ공급계약체결,2025-12-22,20251222800252,013700
단일판매ㆍ공급계약체결,코스닥시장,인스웨이브,단일판매ㆍ공급계약체결,2025-12-22,20251222900208,450520
단일판매ㆍ공급계약체결,코스닥시장,비에이치아이,단일판매ㆍ공급계약체결,2025-12-22,20251222900119,083650
단일판매ㆍ공급계약체결,유가증권시장,현대로템,단일판매ㆍ공급계약체결,2025-12-22,20251222800117,064350
단일판매ㆍ공급계약체결,유가증권시장,한국항공우주,단일판매ㆍ공급계약체결,2025-12-22,20251222800106,047810
단일판매ㆍ공급계약체결,유가증권시장,한화에어로스페이스,단일판매ㆍ공급계약체결,2025-12-22,20251222800010,012450
단일판매ㆍ공급계약체결,유가증권시장,삼성바이오로직스,단일판매ㆍ공급계약체결,2025-12-22,20251222800005,207940
단일판매ㆍ공급계약체결,코스닥시장,파두,단일판매ㆍ공급계약체결,2025-12-19,20251219900723,440110
단일판매ㆍ공급계약체결,코스닥시장,스피어,단일판매ㆍ공급계약체결,2025-12-19,20251219900660,347700
단일판매ㆍ공급계약체결,코스닥시장,자연과환경,단일판매ㆍ공급계약체결,2025-12-19,20251219900340,043910
단일판매ㆍ공급계약체결,코스닥시장,그린리소스,단일판매ㆍ공급계약체결,2025-12-19,20251219900274,402490
단일판매ㆍ공급계약체결,코스닥시장,와이씨,단일판매ㆍ공급계약체결,2025-12-19,20251219900211,232140
단일판매ㆍ공급계약체결,유가증권시장,씨에스윈드,단일판매ㆍ공급계약체결,2025-12-19,20251219800141,112610
단일판매ㆍ공급계약체결,유가증권시장,자이에스앤디,단일판매ㆍ공급계약체결,2025-12-19,20251219800133,317400
단일판매ㆍ공급계약체결,유가증권시장,씨케이솔루션,단일판매ㆍ공급계약체결,2025-12-19,20251219800129,480370
단일판매ㆍ공급계약체결,유가증권시장,일성건설,단일판매ㆍ공급계약체결,2025-12-19,20251219800061,013360
단일판매ㆍ공급계약체결,코스닥시장,제이스로보틱스,단일판매ㆍ공급계약체결,2025-12-19,20251219900053,090470
단일판매ㆍ공급계약체결,유가증권시장,한화오션,단일판매ㆍ공급계약체결,2025-12-19,20251219800049,042660
단일판매ㆍ공급계약체결,유가증권시장,DL이앤씨,단일판매ㆍ공급계약체결,2025-12-18,20251218800743,375500
단일판매ㆍ공급계약체결,코스닥시장,서한,단일판매ㆍ공급계약체결,2025-12-18,20251218900737,011370
단일판매ㆍ공급계약체결,유가증권시장,한국항공우주,단일판매ㆍ공급계약체결,2025-12-18,20251218800301,047810
단일판매ㆍ공급계약체결,코스닥시장,그린리소스,단일판매ㆍ공급계약체결,2025-12-18,20251218900231,402490
단일판매ㆍ공급계약체결,코스닥시장,엔알비,단일판매ㆍ공급계약체결,2025-12-18,20251218900115,475230
단일판매ㆍ공급계약체결,코스닥시장,자연과환경,단일판매ㆍ공급계약체결,2025-12-18,20251218900112,043910
단일판매ㆍ공급계약체결,코스닥시장,웨이버스,단일판매ㆍ공급계약체결,2025-12-18,20251218900065,336060
단일판매ㆍ공급계약체결,코스닥시장,원익홀딩스,단일판매ㆍ공급계약체결,2025-12-17,20251217900778,030530
단일판매ㆍ공급계약체결,코스닥시장,큐리오시스,단일판매ㆍ공급계약체결,2025-12-17,20251217900646,494120
단일판매ㆍ공급계약체결,코스닥시장,토탈소프트,단일판매ㆍ공급계약체결,2025-12-17,20251217900504,045340
단일판매ㆍ공급계약체결,유가증권시장,HJ중공업,단일판매ㆍ공급계약체결,2025-12-17,20251217800479,097230
단일판매ㆍ공급계약체결,코스닥시장,디와이피엔에프,단일판매ㆍ공급계약체결,2025-12-17,20251217900275,104460
단일판매ㆍ공급계약체결,코스닥시장,신테카바이오,단일판매ㆍ공급계약체결,2025-12-17,20251217900256,226330
단일판매ㆍ공급계약체결,유가증권시장,코오롱글로벌,단일판매ㆍ공급계약체결,2025-12-17,20251217800118,003070
단일판매ㆍ공급계약체결,코스닥시장,카티스,단일판매ㆍ공급계약체결,2025-12-17,20251217900094,140430
단일판매ㆍ공급계약체결,코스닥시장,미래컴퍼니,단일판매ㆍ공급계약체결,2025-12-17,20251217900062,049950
단일판매ㆍ공급계약체결,코스닥시장,자연과환경,단일판매ㆍ공급계약체결,2025-12-16,20251216901153,043910
단일판매ㆍ공급계약체결,유가증권시장,한화에어로스페이스,단일판매ㆍ공급계약체결,2025-12-16,20251216800679,012450
단일판매ㆍ공급계약체결,코스닥시장,제이스로보틱스,단일판매ㆍ공급계약체결,2025-12-16,20251216900642,090470
단일판매ㆍ공급계약체결,유가증권시장,삼성에스디에스,단일판매ㆍ공급계약체결,2025-12-16,20251216800548,018260
단일판매ㆍ공급계약체결,코스닥시장,아이빔테크놀로지,단일판매ㆍ공급계약체결,2025-12-16,20251216900339,460470
단일판매ㆍ공급계약체결,코스닥시장,인텔리안테크,단일판매ㆍ공급계약체결,2025-12-16,20251216900267,189300
단일판매ㆍ공급계약체결,코스닥시장,동원개발,단일판매ㆍ공급계약체결,2025-12-15,20251215901592,013120
단일판매ㆍ공급계약체결,코스닥시장,퀄리타스반도체,단일판매ㆍ공급계약체결,2025-12-15,20251215900881,432720
단일판매ㆍ공급계약체결,코스닥시장,아이크래프트,단일판매ㆍ공급계약체결,2025-12-15,20251215900809,052460
단일판매ㆍ공급계약체결,코스닥시장,코세스,단일판매ㆍ공급계약체결,2025-12-15,20251215900174,089890
단일판매ㆍ공급계약체결,코스닥시장,강원에너지,단일판매ㆍ공급계약체결,2025-12-15,20251215900039,114190
단일판매ㆍ공급계약체결,유가증권시장,한전기술,단일판매ㆍ공급계약체결,2025-12-12,20251212801320,052690
단일판매ㆍ공급계약체결,유가증권시장,삼성물산,단일판매ㆍ공급계약체결,2025-12-12,20251212801312,028260
단일판매ㆍ공급계약체결,코스닥시장,삼양컴텍,단일판매ㆍ공급계약체결,2025-12-12,20251212900733,484590
단일판매ㆍ공급계약체결,유가증권시장,동부건설,단일판매ㆍ공급계약체결,2025-12-12,20251212800712,005960
단일판매ㆍ공급계약체결,코스닥시장,빅텍,단일판매ㆍ공급계약체결,2025-12-12,20251212900481,065450
단일판매ㆍ공급계약체결,유가증권시장,까뮤이앤씨,단일판매ㆍ공급계약체결,2025-12-12,20251212800425,013700
단일판매ㆍ공급계약체결,유가증권시장,진흥기업,단일판매ㆍ공급계약체결,2025-12-12,20251212800080,002780
단일판매ㆍ공급계약체결,코스닥시장,아이크래프트,단일판매ㆍ공급계약체결,2025-12-11,20251211900804,052460
단일판매ㆍ공급계약체결,유가증권시장,동부건설,단일판매ㆍ공급계약체결,2025-12-11,20251211800456,005960
단일판매ㆍ공급계약체결,코스닥시장,스피어,단일판매ㆍ공급계약체결,2025-12-11,20251211900453,347700
단일판매ㆍ공급계약체결,유가증권시장,LIG디펜스앤에어로스페이스,단일판매ㆍ공급계약체결,2025-12-11,20251211800416,079550
단일판매ㆍ공급계약체결,유가증권시장,한국가스공사,단일판매ㆍ공급계약체결,2025-12-11,20251211800299,036460
단일판매ㆍ공급계약체결,코스닥시장,위너스일렉,단일판매ㆍ공급계약체결,2025-12-11,20251211900298,479960
단일판매ㆍ공급계약체결,코스닥시장,컨텍,단일판매ㆍ공급계약체결,2025-12-11,20251211900285,451760
단일판매ㆍ공급계약체결,유가증권시장,금호건설,단일판매ㆍ공급계약체결,2025-12-11,20251211800182,002990
단일판매ㆍ공급계약체결,유가증권시장,대우건설,단일판매ㆍ공급계약체결,2025-12-11,20251211800144,047040
단일판매ㆍ공급계약체결,유가증권시장,남광토건,단일판매ㆍ공급계약체결,2025-12-11,20251211800050,001260
단일판매ㆍ공급계약체결,코스닥시장,비에이치아이,단일판매ㆍ공급계약체결,2025-12-11,20251211900036,083650
단일판매ㆍ공급계약체결,코스닥시장,케이아이엔엑스,단일판매ㆍ공급계약체결,2025-12-10,20251210900412,093320
단일판매ㆍ공급계약체결,코스닥시장,오브젠,단일판매ㆍ공급계약체결,2025-12-10,20251210900328,417860
단일판매ㆍ공급계약체결,유가증권시장,동부건설,단일판매ㆍ공급계약체결,2025-12-10,20251210800264,005960
단일판매ㆍ공급계약체결,코스닥시장,프레스티지바이오로직스,단일판매ㆍ공급계약체결,2025-12-10,20251210900114,334970
단일판매ㆍ공급계약체결,유가증권시장,DL이앤씨,단일판매ㆍ공급계약체결,2025-12-09,20251209800448,375500
단일판매ㆍ공급계약체결,코스닥시장,에이디테크놀로지,단일판매ㆍ공급계약체결,2025-12-09,20251209900287,200710
단일판매ㆍ공급계약체결,코스닥시장,유진로봇,단일판매ㆍ공급계약체결,2025-12-09,20251209900267,056080
단일판매ㆍ공급계약체결,유가증권시장,롯데이노베이트,단일판매ㆍ공급계약체결,2025-12-09,20251209800243,286940
단일판매ㆍ공급계약체결,코스닥시장,자람테크놀로지,단일판매ㆍ공급계약체결,2025-12-09,20251209900168,389020
단일판매ㆍ공급계약체결,코스닥시장,티에스아이,단일판매ㆍ공급계약체결,2025-12-09,20251209900134,277880
단일판매ㆍ공급계약체결,유가증권시장,코오롱글로벌,단일판매ㆍ공급계약체결,2025-12-09,20251209800085,003070
단일판매ㆍ공급계약체결,유가증권시장,현대로템,단일판매ㆍ공급계약체결,2025-12-09,20251209800033,064350
단일판매ㆍ공급계약체결,코스닥시장,제테마,단일판매ㆍ공급계약체결,2025-12-08,20251208900465,216080
단일판매ㆍ공급계약체결,코스닥시장,스피어,단일판매ㆍ공급계약체결,2025-12-08,20251208900454,347700
단일판매ㆍ공급계약체결,유가증권시장,HJ중공업,단일판매ㆍ공급계약체결,2025-12-08,20251208800417,097230
단일판매ㆍ공급계약체결,코스닥시장,나래나노텍,단일판매ㆍ공급계약체결,2025-12-08,20251208900358,137080
단일판매ㆍ공급계약체결,코스닥시장,한일단조,단일판매ㆍ공급계약체결,2025-12-08,20251208900338,024740
단일판매ㆍ공급계약체결,코스닥시장,에스티아이,단일판매ㆍ공급계약체결,2025-12-08,20251208900289,039440
단일판매ㆍ공급계약체결,유가증권시장,한신공영,단일판매ㆍ공급계약체결,2025-12-08,20251208800258,004960
단일판매ㆍ공급계약체결,코스닥시장,서희건설,단일판매ㆍ공급계약체결,2025-12-08,20251208900227,035890
단일판매ㆍ공급계약체결,코스닥시장,에이직랜드,단일판매ㆍ공급계약체결,2025-12-08,20251208900199,445090
단일판매ㆍ공급계약체결,코스닥시장,에스비비테크,단일판매ㆍ공급계약체결,2025-12-08,20251208900163,389500
단일판매ㆍ공급계약체결,유가증권시장,일성건설,단일판매ㆍ공급계약체결,2025-12-08,20251208800157,013360
단일판매ㆍ공급계약체결,코스닥시장,대성하이텍,단일판매ㆍ공급계약체결,2025-12-08,20251208900139,129920
단일판매ㆍ공급계약체결,코스닥시장,RF시스템즈,단일판매ㆍ공급계약체결,2025-12-08,20251208900100,474610
단일판매ㆍ공급계약체결,유가증권시장,STX엔진,단일판매ㆍ공급계약체결,2025-12-05,20251205800479,077970
단일판매ㆍ공급계약체결,코스닥시장,하나기술,단일판매ㆍ공급계약체결,2025-12-05,20251205900207,299030
단일판매ㆍ공급계약체결,유가증권시장,씨에스윈드,단일판매ㆍ공급계약체결,2025-12-05,20251205800112,112610
단일판매ㆍ공급계약체결,코스닥시장,피노,단일판매ㆍ공급계약체결,2025-12-04,20251204900630,033790
단일판매ㆍ공급계약체결,코스닥시장,이노스페이스,단일판매ㆍ공급계약체결,2025-12-04,20251204900246,462350
단일판매ㆍ공급계약체결,코스닥시장,디아이티,단일판매ㆍ공급계약체결,2025-12-04,20251204900207,110990
단일판매ㆍ공급계약체결,유가증권시장,한신공영,단일판매ㆍ공급계약체결,2025-12-04,20251204800101,004960
단일판매ㆍ공급계약체결,코스닥시장,에스비비테크,단일판매ㆍ공급계약체결,2025-12-03,20251203900555,389500
단일판매ㆍ공급계약체결,코스닥시장,피노,단일판매ㆍ공급계약체결,2025-12-03,20251203900356,033790
단일판매ㆍ공급계약체결,코스닥시장,삼일기업공사,단일판매ㆍ공급계약체결,2025-12-03,20251203900217,002290
단일판매ㆍ공급계약체결,코스닥시장,스피어,단일판매ㆍ공급계약체결,2025-12-02,20251202900546,347700
단일판매ㆍ공급계약체결,유가증권시장,한화오션,단일판매ㆍ공급계약체결,2025-12-02,20251202800041,042660
단일판매ㆍ공급계약체결,유가증권시장,동부건설,단일판매ㆍ공급계약체결,2025-12-01,20251201800662,005960
단일판매ㆍ공급계약체결,코스닥시장,씨메스로보틱스,단일판매ㆍ공급계약체결,2025-12-01,20251201900577,475400
단일판매ㆍ공급계약체결,코스닥시장,제이티,단일판매ㆍ공급계약체결,2025-12-01,20251201900557,089790
단일판매ㆍ공급계약체결,유가증권시장,엠앤씨솔루션,단일판매ㆍ공급계약체결,2025-12-01,20251201800534,484870
단일판매ㆍ공급계약체결,코스닥시장,그린리소스,단일판매ㆍ공급계약체결,2025-12-01,20251201900528,402490
단일판매ㆍ공급계약체결,코스닥시장,예스티,단일판매ㆍ공급계약체결,2025-12-01,20251201900447,122640
단일판매ㆍ공급계약체결,코스닥시장,파두,단일판매ㆍ공급계약체결,2025-12-01,20251201900318,440110
단일판매ㆍ공급계약체결,코스닥시장,현대무벡스,단일판매ㆍ공급계약체결,2025-12-01,20251201900305,319400
단일판매ㆍ공급계약체결,유가증권시장,DL이앤씨,단일판매ㆍ공급계약체결,2025-11-28,20251128801342,375500
단일판매ㆍ공급계약체결,유가증권시장,태영건설,단일판매ㆍ공급계약체결,2025-11-28,20251128801337,009410
단일판매ㆍ공급계약체결,유가증권시장,삼호개발,단일판매ㆍ공급계약체결,2025-11-28,20251128801196,010960
단일판매ㆍ공급계약체결,코스닥시장,코세스,단일판매ㆍ공급계약체결,2025-11-28,20251128900679,089890
단일판매ㆍ공급계약체결,코스닥시장,노을,단일판매ㆍ공급계약체결,2025-11-28,20251128900233,376930
단일판매ㆍ공급계약체결,유가증권시장,현대오토에버,단일판매ㆍ공급계약체결,2025-11-28,20251128800125,307950
단일판매ㆍ공급계약체결,유가증권시장,한화오션,단일판매ㆍ공급계약체결,2025-11-28,20251128800098,042660
단일판매ㆍ공급계약체결,유가증권시장,한화에어로스페이스,단일판매ㆍ공급계약체결,2025-11-28,20251128800081,012450
단일판매ㆍ공급계약체결,유가증권시장,금호건설,단일판매ㆍ공급계약체결,2025-11-28,20251128800040,002990
단일판매ㆍ공급계약체결,유가증권시장,동부건설,단일판매ㆍ공급계약체결,2025-11-27,20251127800745,005960
단일판매ㆍ공급계약체결,유가증권시장,LIG디펜스앤에어로스페이스,단일판매ㆍ공급계약체결,2025-11-27,20251127800671,079550
단일판매ㆍ공급계약체결,유가증권시장,HJ중공업,단일판매ㆍ공급계약체결,2025-11-27,20251127800601,097230
단일판매ㆍ공급계약체결,유가증권시장,한국종합기술,단일판매ㆍ공급계약체결,2025-11-27,20251127800438,023350
단일판매ㆍ공급계약체결,코스닥시장,라이콤,단일판매ㆍ공급계약체결,2025-11-27,20251127900400,388790
단일판매ㆍ공급계약체결,코스닥시장,나노실리칸첨단소재,단일판매ㆍ공급계약체결,2025-11-27,20251127900340,286750
단일판매ㆍ공급계약체결,유가증권시장,금호건설,단일판매ㆍ공급계약체결,2025-11-27,20251127800235,002990
단일판매ㆍ공급계약체결,유가증권시장,IPARK현대산업개발,단일판매ㆍ공급계약체결,2025-11-26,20251126800781,294870
단일판매ㆍ공급계약체결,코스닥시장,코퍼스코리아,단일판매ㆍ공급계약체결,2025-11-26,20251126900766,322780
단일판매ㆍ공급계약체결,유가증권시장,LG씨엔에스,단일판매ㆍ공급계약체결,2025-11-26,20251126800682,064400
단일판매ㆍ공급계약체결,코스닥시장,스피어,단일판매ㆍ공급계약체결,2025-11-26,20251126900614,347700
단일판매ㆍ공급계약체결,유가증권시장,남광토건,단일판매ㆍ공급계약체결,2025-11-26,20251126800338,001260
단일판매ㆍ공급계약체결,유가증권시장,S-Oil,단일판매ㆍ공급계약체결,2025-11-26,20251126800332,010950
단일판매ㆍ공급계약체결,유가증권시장,STX엔진,단일판매ㆍ공급계약체결,2025-11-26,20251126800215,077970
단일판매ㆍ공급계약체결,코스닥시장,서진시스템,단일판매ㆍ공급계약체결,2025-11-26,20251126900203,178320
단일판매ㆍ공급계약체결,코스닥시장,프레스티지바이오로직스,단일판매ㆍ공급계약체결,2025-11-26,20251126900161,334970
단일판매ㆍ공급계약체결,코스닥시장,대신정보통신,단일판매ㆍ공급계약체결,2025-11-26,20251126900099,020180
단일판매ㆍ공급계약체결,코스닥시장,코스텍시스,단일판매ㆍ공급계약체결,2025-11-26,20251126900081,355150
단일판매ㆍ공급계약체결,코스닥시장,스피어,단일판매ㆍ공급계약체결,2025-11-25,20251125900485,347700
단일판매ㆍ공급계약체결,코스닥시장,에이스토리,단일판매ㆍ공급계약체결,2025-11-25,20251125900300,241840
단일판매ㆍ공급계약체결,유가증권시장,씨케이솔루션,단일판매ㆍ공급계약체결,2025-11-25,20251125800126,480370
단일판매ㆍ공급계약체결,코스닥시장,성우테크론,단일판매ㆍ공급계약체결,2025-11-24,20251124900599,045300
단일판매ㆍ공급계약체결,코스닥시장,케이씨에스,단일판매ㆍ공급계약체결,2025-11-24,20251124900507,115500
단일판매ㆍ공급계약체결,유가증권시장,한국가스공사,단일판매ㆍ공급계약체결,2025-11-24,20251124800279,036460
단일판매ㆍ공급계약체결,유가증권시장,STX엔진,단일판매ㆍ공급계약체결,2025-11-24,20251124800266,077970
단일판매ㆍ공급계약체결,유가증권시장,디아이,단일판매ㆍ공급계약체결,2025-11-24,20251124800222,003160
단일판매ㆍ공급계약체결,유가증권시장,HL D&I,단일판매ㆍ공급계약체결,2025-11-24,20251124800196,014790
단일판매ㆍ공급계약체결,유가증권시장,HD현대중공업,단일판매ㆍ공급계약체결,2025-11-24,20251124800125,329180
단일판매ㆍ공급계약체결,유가증권시장,한화오션,단일판매ㆍ공급계약체결,2025-11-24,20251124800090,042660
단일판매ㆍ공급계약체결,유가증권시장,IPARK현대산업개발,단일판매ㆍ공급계약체결,2025-11-21,20251121800506,294870
단일판매ㆍ공급계약체결,코스닥시장,프레스티지바이오로직스,단일판매ㆍ공급계약체결,2025-11-21,20251121900160,334970
단일판매ㆍ공급계약체결,유가증권시장,KC코트렐,단일판매ㆍ공급계약체결,2025-11-20,20251120800673,119650
단일판매ㆍ공급계약체결,코스닥시장,피노,단일판매ㆍ공급계약체결,2025-11-20,20251120900612,033790
단일판매ㆍ공급계약체결,유가증권시장,대한전선,단일판매ㆍ공급계약체결,2025-11-20,20251120800410,001440
단일판매ㆍ공급계약체결,유가증권시장,STX엔진,단일판매ㆍ공급계약체결,2025-11-20,20251120800407,077970
단일판매ㆍ공급계약체결,코스닥시장,솔디펜스,단일판매ㆍ공급계약체결,2025-11-20,20251120900339,215090
단일판매ㆍ공급계약체결,유가증권시장,삼호개발,단일판매ㆍ공급계약체결,2025-11-20,20251120800205,010960
단일판매ㆍ공급계약체결,유가증권시장,삼성중공업,단일판매ㆍ공급계약체결,2025-11-20,20251120800137,010140
단일판매ㆍ공급계약체결,유가증권시장,한국항공우주,단일판매ㆍ공급계약체결,2025-11-20,20251120800099,047810
단일판매ㆍ공급계약체결,유가증권시장,우진,단일판매ㆍ공급계약체결,2025-11-20,20251120800098,105840
단일판매ㆍ공급계약체결,코스닥시장,에이디테크놀로지,단일판매ㆍ공급계약체결,2025-11-19,20251119900403,200710
단일판매ㆍ공급계약체결,유가증권시장,금호건설,단일판매ㆍ공급계약체결,2025-11-19,20251119800040,002990
단일판매ㆍ공급계약체결,코스닥시장,피노,단일판매ㆍ공급계약체결,2025-11-18,20251118900226,033790
단일판매ㆍ공급계약체결,유가증권시장,대한조선,단일판매ㆍ공급계약체결,2025-11-18,20251118800028,439260
단일판매ㆍ공급계약체결,코스닥시장,그린생명과학,단일판매ㆍ공급계약체결,2025-11-17,20251117900488,114450
단일판매ㆍ공급계약체결,코스닥시장,한울반도체,단일판매ㆍ공급계약체결,2025-11-17,20251117900456,320000
단일판매ㆍ공급계약체결,코스닥시장,비아트론,단일판매ㆍ공급계약체결,2025-11-17,20251117900260,141000
단일판매ㆍ공급계약체결,유가증권시장,두산퓨얼셀,단일판매ㆍ공급계약체결,2025-11-17,20251117800128,336260
단일판매ㆍ공급계약체결,코스닥시장,기가비스,단일판매ㆍ공급계약체결,2025-11-17,20251117900060,420770
단일판매ㆍ공급계약체결,코스닥시장,파인텍,단일판매ㆍ공급계약체결,2025-11-17,20251117900057,131760
단일판매ㆍ공급계약체결,유가증권시장,효성중공업,단일판매ㆍ공급계약체결,2025-11-14,20251114802937,298040
단일판매ㆍ공급계약체결,유가증권시장,코오롱글로벌,단일판매ㆍ공급계약체결,2025-11-14,20251114802814,003070
단일판매ㆍ공급계약체결,유가증권시장,한국가스공사,단일판매ㆍ공급계약체결,2025-11-14,20251114800853,036460
단일판매ㆍ공급계약체결,유가증권시장,아이에스동서,단일판매ㆍ공급계약체결,2025-11-14,20251114800397,010780
단일판매ㆍ공급계약체결,코스닥시장,네오셈,단일판매ㆍ공급계약체결,2025-11-14,20251114900322,253590
단일판매ㆍ공급계약체결,유가증권시장,HD현대마린엔진,단일판매ㆍ공급계약체결,2025-11-14,20251114800191,071970
단일판매ㆍ공급계약체결,유가증권시장,대우건설,단일판매ㆍ공급계약체결,2025-11-14,20251114800141,047040
단일판매ㆍ공급계약체결,유가증권시장,LG화학,단일판매ㆍ공급계약체결,2025-11-13,20251113800665,051910
단일판매ㆍ공급계약체결,유가증권시장,HL D&I,단일판매ㆍ공급계약체결,2025-11-13,20251113800620,014790
단일판매ㆍ공급계약체결,코스닥시장,팬엔터테인먼트,단일판매ㆍ공급계약체결,2025-11-13,20251113900493,068050
단일판매ㆍ공급계약체결,유가증권시장,씨에스윈드,단일판매ㆍ공급계약체결,2025-11-13,20251113800138,112610
단일판매ㆍ공급계약체결,코스닥시장,케이엔에스,단일판매ㆍ공급계약체결,2025-11-12,20251112900748,432470
단일판매ㆍ공급계약체결,코스닥시장,RF시스템즈,단일판매ㆍ공급계약체결,2025-11-12,20251112900582,474610
단일판매ㆍ공급계약체결,코스닥시장,엠로,단일판매ㆍ공급계약체결,2025-11-12,20251112900536,058970
단일판매ㆍ공급계약체결,유가증권시장,대우건설,단일판매ㆍ공급계약체결,2025-11-12,20251112800360,047040
단일판매ㆍ공급계약체결,유가증권시장,일성건설,단일판매ㆍ공급계약체결,2025-11-12,20251112800323,013360
단일판매ㆍ공급계약체결,유가증권시장,DL이앤씨,단일판매ㆍ공급계약체결,2025-11-12,20251112800256,375500
단일판매ㆍ공급계약체결,코스닥시장,신원종합개발,단일판매ㆍ공급계약체결,2025-11-12,20251112900232,017000
단일판매ㆍ공급계약체결,코스닥시장,알체라,단일판매ㆍ공급계약체결,2025-11-12,20251112900184,347860
단일판매ㆍ공급계약체결,유가증권시장,효성중공업,단일판매ㆍ공급계약체결,2025-11-10,20251110800487,298040
단일판매ㆍ공급계약체결,유가증권시장,씨에스윈드,단일판매ㆍ공급계약체결,2025-11-10,20251110800277,112610
단일판매ㆍ공급계약체결,유가증권시장,우진,단일판매ㆍ공급계약체결,2025-11-10,20251110800209,105840
단일판매ㆍ공급계약체결,코스닥시장,대명에너지,단일판매ㆍ공급계약체결,2025-11-10,20251110900170,389260
단일판매ㆍ공급계약체결,코스닥시장,파두,단일판매ㆍ공급계약체결,2025-11-10,20251110900139,440110
단일판매ㆍ공급계약체결,유가증권시장,HJ중공업,단일판매ㆍ공급계약체결,2025-11-10,20251110800052,097230
단일판매ㆍ공급계약체결,유가증권시장,HD현대중공업,단일판매ㆍ공급계약체결,2025-11-10,20251110800036,329180
단일판매ㆍ공급계약체결,유가증권시장,대한항공,단일판매ㆍ공급계약체결,2025-11-07,20251107800748,003490
단일판매ㆍ공급계약체결,코스닥시장,HLB테라퓨틱스,단일판매ㆍ공급계약체결,2025-11-07,20251107900326,115450
단일판매ㆍ공급계약체결,유가증권시장,동아지질,단일판매ㆍ공급계약체결,2025-11-07,20251107800290,028100
단일판매ㆍ공급계약체결,코스닥시장,인베니아,단일판매ㆍ공급계약체결,2025-11-07,20251107900279,079950
단일판매ㆍ공급계약체결,유가증권시장,삼성중공업,단일판매ㆍ공급계약체결,2025-11-07,20251107800084,010140
단일판매ㆍ공급계약체결,유가증권시장,IPARK현대산업개발,단일판매ㆍ공급계약체결,2025-11-06,20251106800720,294870
단일판매ㆍ공급계약체결,유가증권시장,HL D&I,단일판매ㆍ공급계약체결,2025-11-06,20251106800714,014790
단일판매ㆍ공급계약체결,코스닥시장,피노,단일판매ㆍ공급계약체결,2025-11-06,20251106900592,033790
단일판매ㆍ공급계약체결,코스닥시장,브이엠,단일판매ㆍ공급계약체결,2025-11-06,20251106900205,089970
단일판매ㆍ공급계약체결,유가증권시장,한화엔진,단일판매ㆍ공급계약체결,2025-11-06,20251106800022,082740
단일판매ㆍ공급계약체결,코스닥시장,나래나노텍,단일판매ㆍ공급계약체결,2025-11-05,20251105900180,137080
단일판매ㆍ공급계약체결,유가증권시장,코오롱글로벌,단일판매ㆍ공급계약체결,2025-11-05,20251105800162,003070
단일판매ㆍ공급계약체결,코스닥시장,파두,단일판매ㆍ공급계약체결,2025-11-05,20251105900149,440110
단일판매ㆍ공급계약체결,유가증권시장,씨에스윈드,단일판매ㆍ공급계약체결,2025-11-05,20251105800101,112610
단일판매ㆍ공급계약체결,코스닥시장,퀄리타스반도체,단일판매ㆍ공급계약체결,2025-11-04,20251104900165,432720
단일판매ㆍ공급계약체결,코스닥시장,유디엠텍,단일판매ㆍ공급계약체결,2025-11-04,20251104900161,389680
단일판매ㆍ공급계약체결,코스닥시장,인지소프트,단일판매ㆍ공급계약체결,2025-11-03,20251103900608,100030
단일판매ㆍ공급계약체결,유가증권시장,선도전기,단일판매ㆍ공급계약체결,2025-11-03,20251103800432,007610
단일판매ㆍ공급계약체결,코스닥시장,아이씨디,단일판매ㆍ공급계약체결,2025-11-03,20251103900317,040910
단일판매ㆍ공급계약체결,유가증권시장,프레스티지바이오파마,단일판매ㆍ공급계약체결,2025-11-03,20251103800172,950210
단일판매ㆍ공급계약체결,코스닥시장,데이타솔루션,단일판매ㆍ공급계약체결,2025-10-31,20251031900860,263800
단일판매ㆍ공급계약체결,코스닥시장,퀄리타스반도체,단일판매ㆍ공급계약체결,2025-10-31,20251031900551,432720
단일판매ㆍ공급계약체결,유가증권시장,삼성에스디에스,단일판매ㆍ공급계약체결,2025-10-31,20251031800426,018260
단일판매ㆍ공급계약체결,코스닥시장,KCC건설,단일판매ㆍ공급계약체결,2025-10-31,20251031900241,021320
단일판매ㆍ공급계약체결,코스닥시장,엔알비,단일판매ㆍ공급계약체결,2025-10-31,20251031900202,475230
단일판매ㆍ공급계약체결,유가증권시장,DL이앤씨,단일판매ㆍ공급계약체결,2025-10-31,20251031800190,375500
단일판매ㆍ공급계약체결,코스닥시장,비에이치아이,단일판매ㆍ공급계약체결,2025-10-31,20251031900128,083650
단일판매ㆍ공급계약체결,유가증권시장,HD현대마린엔진,단일판매ㆍ공급계약체결,2025-10-31,20251031800081,071970
단일판매ㆍ공급계약체결,코스닥시장,에이텍,단일판매ㆍ공급계약체결,2025-10-30,20251030900795,045660
단일판매ㆍ공급계약체결,코스닥시장,그린생명과학,단일판매ㆍ공급계약체결,2025-10-30,20251030900747,114450
단일판매ㆍ공급계약체결,유가증권시장,팬오션,단일판매ㆍ공급계약체결,2025-10-30,20251030800675,028670
단일판매ㆍ공급계약체결,유가증권시장,LIG디펜스앤에어로스페이스,단일판매ㆍ공급계약체결,2025-10-30,20251030800492,079550
단일판매ㆍ공급계약체결,유가증권시장,HD현대중공업,단일판매ㆍ공급계약체결,2025-10-30,20251030800164,329180
단일판매ㆍ공급계약체결,코스닥시장,엑시온그룹,단일판매ㆍ공급계약체결,2025-10-30,20251030900158,069920
단일판매ㆍ공급계약체결,코스닥시장,에코앤드림,단일판매ㆍ공급계약체결,2025-10-30,20251030900157,101360
단일판매ㆍ공급계약체결,유가증권시장,삼성E&A,단일판매ㆍ공급계약체결,2025-10-30,20251030800014,028050
단일판매ㆍ공급계약체결,유가증권시장,동부건설,단일판매ㆍ공급계약체결,2025-10-29,20251029800735,005960
단일판매ㆍ공급계약체결,유가증권시장,프레스티지바이오파마,단일판매ㆍ공급계약체결,2025-10-29,20251029800667,950210
단일판매ㆍ공급계약체결,코스닥시장,동신건설,단일판매ㆍ공급계약체결,2025-10-29,20251029900653,025950
단일판매ㆍ공급계약체결,코스닥시장,가온칩스,단일판매ㆍ공급계약체결,2025-10-29,20251029900487,399720
단일판매ㆍ공급계약체결,코스닥시장,엑시콘,단일판매ㆍ공급계약체결,2025-10-29,20251029900409,092870
단일판매ㆍ공급계약체결,코스닥시장,티에스아이,단일판매ㆍ공급계약체결,2025-10-29,20251029900280,277880
단일판매ㆍ공급계약체결,유가증권시장,아시아나IDT,단일판매ㆍ공급계약체결,2025-10-28,20251028800713,267850
단일판매ㆍ공급계약체결,유가증권시장,동부건설,단일판매ㆍ공급계약체결,2025-10-28,20251028800297,005960
단일판매ㆍ공급계약체결,유가증권시장,진흥기업,단일판매ㆍ공급계약체결,2025-10-28,20251028800090,002780
단일판매ㆍ공급계약체결,유가증권시장,파미셀,단일판매ㆍ공급계약체결,2025-10-28,20251028800089,005690
단일판매ㆍ공급계약체결,코스닥시장,아이씨티케이,단일판매ㆍ공급계약체결,2025-10-28,20251028900086,456010
단일판매ㆍ공급계약체결,유가증권시장,한화에어로스페이스,단일판매ㆍ공급계약체결,2025-10-27,20251027800248,012450
단일판매ㆍ공급계약체결,코스닥시장,플래티어,단일판매ㆍ공급계약체결,2025-10-27,20251027900246,367000
단일판매ㆍ공급계약체결,유가증권시장,S-Oil,단일판매ㆍ공급계약체결,2025-10-27,20251027800243,010950
단일판매ㆍ공급계약체결,코스닥시장,포스코엠텍,단일판매ㆍ공급계약체결,2025-10-27,20251027900135,009520
단일판매ㆍ공급계약체결,코스닥시장,파두,단일판매ㆍ공급계약체결,2025-10-27,20251027900122,440110
단일판매ㆍ공급계약체결,코스닥시장,아이빔테크놀로지,단일판매ㆍ공급계약체결,2025-10-27,20251027900103,460470
단일판매ㆍ공급계약체결,코스닥시장,티사이언티픽,단일판매ㆍ공급계약체결,2025-10-24,20251024900364,057680
단일판매ㆍ공급계약체결,유가증권시장,삼성중공업,단일판매ㆍ공급계약체결,2025-10-24,20251024800041,010140
단일판매ㆍ공급계약체결,유가증권시장,삼성E&A,단일판매ㆍ공급계약체결,2025-10-23,20251023800271,028050
단일판매ㆍ공급계약체결,코스닥시장,비나텍,단일판매ㆍ공급계약체결,2025-10-23,20251023900194,126340
단일판매ㆍ공급계약체결,코스닥시장,엑시온그룹,단일판매ㆍ공급계약체결,2025-10-23,20251023900182,069920
단일판매ㆍ공급계약체결,유가증권시장,IPARK현대산업개발,단일판매ㆍ공급계약체결,2025-10-22,20251022800143,294870
단일판매ㆍ공급계약체결,유가증권시장,한신공영,단일판매ㆍ공급계약체결,2025-10-22,20251022800129,004960
단일판매ㆍ공급계약체결,코스닥시장,사피엔반도체,단일판매ㆍ공급계약체결,2025-10-21,20251021900296,452430
단일판매ㆍ공급계약체결,코스닥시장,AP위성,단일판매ㆍ공급계약체결,2025-10-21,20251021900181,211270
단일판매ㆍ공급계약체결,코스닥시장,한텍,단일판매ㆍ공급계약체결,2025-10-21,20251021900154,098070
단일판매ㆍ공급계약체결,코스닥시장,엑시온그룹,단일판매ㆍ공급계약체결,2025-10-20,20251020900572,069920
단일판매ㆍ공급계약체결,유가증권시장,대한해운,단일판매ㆍ공급계약체결,2025-10-20,20251020800398,005880
단일판매ㆍ공급계약체결,유가증권시장,HD현대중공업,단일판매ㆍ공급계약체결,2025-10-20,20251020800152,329180
단일판매ㆍ공급계약체결,유가증권시장,SNT에너지,단일판매ㆍ공급계약체결,2025-10-20,20251020800076,100840
단일판매ㆍ공급계약체결,유가증권시장,한신공영,단일판매ㆍ공급계약체결,2025-10-17,20251017800246,004960
단일판매ㆍ공급계약체결,코스닥시장,DGI,단일판매ㆍ공급계약체결,2025-10-17,20251017900223,099520
단일판매ㆍ공급계약체결,코스닥시장,파두,단일판매ㆍ공급계약체결,2025-10-17,20251017900200,440110
단일판매ㆍ공급계약체결,코스닥시장,피노,단일판매ㆍ공급계약체결,2025-10-16,20251016900490,033790
단일판매ㆍ공급계약체결,유가증권시장,한국항공우주,단일판매ㆍ공급계약체결,2025-10-16,20251016800133,047810
단일판매ㆍ공급계약체결,유가증권시장,엑시큐어하이트론,단일판매ㆍ공급계약체결,2025-10-16,20251016800081,019490
단일판매ㆍ공급계약체결,유가증권시장,남광토건,단일판매ㆍ공급계약체결,2025-10-16,20251016800070,001260
단일판매ㆍ공급계약체결,코스닥시장,알체라,단일판매ㆍ공급계약체결,2025-10-15,20251015900569,347860
단일판매ㆍ공급계약체결,코스닥시장,보성파워텍,단일판매ㆍ공급계약체결,2025-10-15,20251015900530,006910
단일판매ㆍ공급계약체결,코스닥시장,대성미생물,단일판매ㆍ공급계약체결,2025-10-15,20251015900082,036480
단일판매ㆍ공급계약체결,유가증권시장,대한조선,단일판매ㆍ공급계약체결,2025-10-15,20251015800073,439260
단일판매ㆍ공급계약체결,유가증권시장,한화엔진,단일판매ㆍ공급계약체결,2025-10-15,20251015800058,082740
단일판매ㆍ공급계약체결,코스닥시장,에이직랜드,단일판매ㆍ공급계약체결,2025-10-14,20251014900638,445090
단일판매ㆍ공급계약체결,코스닥시장,남화토건,단일판매ㆍ공급계약체결,2025-10-14,20251014900599,091590
단일판매ㆍ공급계약체결,유가증권시장,수산인더스트리,단일판매ㆍ공급계약체결,2025-10-14,20251014800593,126720
단일판매ㆍ공급계약체결,유가증권시장,포스코퓨처엠,단일판매ㆍ공급계약체결,2025-10-14,20251014800279,003670
단일판매ㆍ공급계약체결,코스닥시장,코미팜,단일판매ㆍ공급계약체결,2025-10-14,20251014900273,041960
단일판매ㆍ공급계약체결,유가증권시장,삼성물산,단일판매ㆍ공급계약체결,2025-10-13,20251013800557,028260
단일판매ㆍ공급계약체결,코스닥시장,피노,단일판매ㆍ공급계약체결,2025-10-13,20251013900291,033790
단일판매ㆍ공급계약체결,코스닥시장,비에이치아이,단일판매ㆍ공급계약체결,2025-10-13,20251013900199,083650
단일판매ㆍ공급계약체결,코스닥시장,큐로셀,단일판매ㆍ공급계약체결,2025-10-13,20251013900141,372320
단일판매ㆍ공급계약체결,유가증권시장,HD현대마린엔진,단일판매ㆍ공급계약체결,2025-10-13,20251013800098,071970
단일판매ㆍ공급계약체결,코스닥시장,하이로닉,단일판매ㆍ공급계약체결,2025-10-10,20251010900480,149980
단일판매ㆍ공급계약체결,코스닥시장,다보링크,단일판매ㆍ공급계약체결,2025-10-10,20251010900097,340360
단일판매ㆍ공급계약체결,코스닥시장,텔레칩스,단일판매ㆍ공급계약체결,2025-10-10,20251010900034,054450
단일판매ㆍ공급계약체결,유가증권시장,파미셀,단일판매ㆍ공급계약체결,2025-10-02,20251002800326,005690
단일판매ㆍ공급계약체결,코스닥시장,레이저쎌,단일판매ㆍ공급계약체결,2025-10-02,20251002900266,412350
단일판매ㆍ공급계약체결,코스닥시장,우양에이치씨,단일판매ㆍ공급계약체결,2025-10-01,20251001900964,101970
단일판매ㆍ공급계약체결,코스닥시장,비투엔,단일판매ㆍ공급계약체결,2025-10-01,20251001900852,307870
단일판매ㆍ공급계약체결,코스닥시장,에스피시스템스,단일판매ㆍ공급계약체결,2025-10-01,20251001900396,317830
단일판매ㆍ공급계약체결,코스닥시장,제이엔케이글로벌,단일판매ㆍ공급계약체결,2025-10-01,20251001900288,126880
단일판매ㆍ공급계약체결,코스닥시장,바이젠셀,단일판매ㆍ공급계약체결,2025-10-01,20251001900256,308080
단일판매ㆍ공급계약체결,유가증권시장,KSS해운,단일판매ㆍ공급계약체결,2025-10-01,20251001800239,044450
단일판매ㆍ공급계약체결,코스닥시장,선익시스템,단일판매ㆍ공급계약체결,2025-10-01,20251001900214,171090
단일판매ㆍ공급계약체결,유가증권시장,동부건설,단일판매ㆍ공급계약체결,2025-10-01,20251001800118,005960
단일판매ㆍ공급계약체결,유가증권시장,한화오션,단일판매ㆍ공급계약체결,2025-10-01,20251001800067,042660
단일판매ㆍ공급계약체결,유가증권시장,대한조선,단일판매ㆍ공급계약체결,2025-10-01,20251001800065,439260
단일판매ㆍ공급계약체결,코스닥시장,보성파워텍,단일판매ㆍ공급계약체결,2025-09-30,20250930900860,006910
단일판매ㆍ공급계약체결,유가증권시장,선도전기,단일판매ㆍ공급계약체결,2025-09-30,20250930800658,007610
단일판매ㆍ공급계약체결,유가증권시장,LIG디펜스앤에어로스페이스,단일판매ㆍ공급계약체결,2025-09-30,20250930800482,079550
단일판매ㆍ공급계약체결,코스닥시장,그린리소스,단일판매ㆍ공급계약체결,2025-09-30,20250930900383,402490
단일판매ㆍ공급계약체결,코스닥시장,위드텍,단일판매ㆍ공급계약체결,2025-09-30,20250930900089,348350
단일판매ㆍ공급계약체결,유가증권시장,동부건설,단일판매ㆍ공급계약체결,2025-09-30,20250930800080,005960
단일판매ㆍ공급계약체결,코스닥시장,오픈엣지테크놀로지,단일판매ㆍ공급계약체결,2025-09-30,20250930900058,394280
단일판매ㆍ공급계약체결,유가증권시장,대한조선,단일판매ㆍ공급계약체결,2025-09-30,20250930800053,439260
단일판매ㆍ공급계약체결,코스닥시장,스피어,단일판매ㆍ공급계약체결,2025-09-29,20250929900332,347700
단일판매ㆍ공급계약체결,유가증권시장,엑시큐어하이트론,단일판매ㆍ공급계약체결,2025-09-29,20250929800209,019490
단일판매ㆍ공급계약체결,코스닥시장,엑시콘,단일판매ㆍ공급계약체결,2025-09-29,20250929900126,092870
단일판매ㆍ공급계약체결,유가증권시장,남광토건,단일판매ㆍ공급계약체결,2025-09-26,20250926800834,001260
단일판매ㆍ공급계약체결,코스닥시장,츌립앤사이언스,단일판매ㆍ공급계약체결,2025-09-26,20250926900384,291650
단일판매ㆍ공급계약체결,유가증권시장,한국종합기술,단일판매ㆍ공급계약체결,2025-09-26,20250926800326,023350
단일판매ㆍ공급계약체결,코스닥시장,오픈엣지테크놀로지,단일판매ㆍ공급계약체결,2025-09-25,20250925900404,394280
단일판매ㆍ공급계약체결,코스닥시장,누보,단일판매ㆍ공급계약체결,2025-09-25,20250925900265,332290
단일판매ㆍ공급계약체결,코스닥시장,토마토시스템,단일판매ㆍ공급계약체결,2025-09-25,20250925900250,393210
단일판매ㆍ공급계약체결,코스닥시장,씨이랩,단일판매ㆍ공급계약체결,2025-09-25,20250925900175,189330
단일판매ㆍ공급계약체결,코스닥시장,AP시스템,단일판매ㆍ공급계약체결,2025-09-25,20250925900131,265520
단일판매ㆍ공급계약체결,유가증권시장,진흥기업,단일판매ㆍ공급계약체결,2025-09-25,20250925800046,002780
단일판매ㆍ공급계약체결,유가증권시장,남광토건,단일판매ㆍ공급계약체결,2025-09-24,20250924800249,001260
단일판매ㆍ공급계약체결,유가증권시장,퍼스텍,단일판매ㆍ공급계약체결,2025-09-24,20250924800197,010820
단일판매ㆍ공급계약체결,유가증권시장,조선내화,단일판매ㆍ공급계약체결,2025-09-24,20250924800095,462520
단일판매ㆍ공급계약체결,코스닥시장,코스텍시스,단일판매ㆍ공급계약체결,2025-09-24,20250924900066,355150
단일판매ㆍ공급계약체결,유가증권시장,IPARK현대산업개발,단일판매ㆍ공급계약체결,2025-09-24,20250924800053,294870
단일판매ㆍ공급계약체결,코스닥시장,RF시스템즈,단일판매ㆍ공급계약체결,2025-09-23,20250923900548,474610
단일판매ㆍ공급계약체결,유가증권시장,IPARK현대산업개발,단일판매ㆍ공급계약체결,2025-09-23,20250923800532,294870
단일판매ㆍ공급계약체결,유가증권시장,삼일씨엔에스,단일판매ㆍ공급계약체결,2025-09-23,20250923800511,004440
단일판매ㆍ공급계약체결,코스닥시장,엑사이엔씨,단일판매ㆍ공급계약체결,2025-09-23,20250923900423,054940
단일판매ㆍ공급계약체결,유가증권시장,LIG디펜스앤에어로스페이스,단일판매ㆍ공급계약체결,2025-09-23,20250923800146,079550
단일판매ㆍ공급계약체결,유가증권시장,파미셀,단일판매ㆍ공급계약체결,2025-09-23,20250923800118,005690
단일판매ㆍ공급계약체결,코스닥시장,프레스티지바이오로직스,단일판매ㆍ공급계약체결,2025-09-22,20250922900471,334970
단일판매ㆍ공급계약체결,유가증권시장,DL이앤씨,단일판매ㆍ공급계약체결,2025-09-22,20250922800319,375500
단일판매ㆍ공급계약체결,코스닥시장,세보엠이씨,단일판매ㆍ공급계약체결,2025-09-22,20250922900108,011560
단일판매ㆍ공급계약체결,유가증권시장,HD현대일렉트릭,단일판매ㆍ공급계약체결,2025-09-22,20250922800089,267260
단일판매ㆍ공급계약체결,유가증권시장,대한조선,단일판매ㆍ공급계약체결,2025-09-22,20250922800051,439260
단일판매ㆍ공급계약체결,코스닥시장,이노스페이스,단일판매ㆍ공급계약체결,2025-09-19,20250919900217,462350
단일판매ㆍ공급계약체결,코스닥시장,엠엑스로보틱스,단일판매ㆍ공급계약체결,2025-09-18,20250918900326,007820
단일판매ㆍ공급계약체결,코스닥시장,브이엠,단일판매ㆍ공급계약체결,2025-09-18,20250918900239,089970
단일판매ㆍ공급계약체결,코스닥시장,파두,단일판매ㆍ공급계약체결,2025-09-18,20250918900084,440110
단일판매ㆍ공급계약체결,코스닥시장,프로티나,단일판매ㆍ공급계약체결,2025-09-17,20250917900178,468530
단일판매ㆍ공급계약체결,코스닥시장,인텔리안테크,단일판매ㆍ공급계약체결,2025-09-17,20250917900081,189300
단일판매ㆍ공급계약체결,코스닥시장,한텍,단일판매ㆍ공급계약체결,2025-09-17,20250917900032,098070
단일판매ㆍ공급계약체결,유가증권시장,한화오션,단일판매ㆍ공급계약체결,2025-09-17,20250917800008,042660
단일판매ㆍ공급계약체결,코스닥시장,퀄리타스반도체,단일판매ㆍ공급계약체결,2025-09-16,20250916900247,432720
단일판매ㆍ공급계약체결,코스닥시장,서호전기,단일판매ㆍ공급계약체결,2025-09-16,20250916900102,065710
단일판매ㆍ공급계약체결,코스닥시장,가온칩스,단일판매ㆍ공급계약체결,2025-09-16,20250916900085,399720
단일판매ㆍ공급계약체결,코스닥시장,센서뷰,단일판매ㆍ공급계약체결,2025-09-16,20250916900022,321370
단일판매ㆍ공급계약체결,코스닥시장,티에스아이,단일판매ㆍ공급계약체결,2025-09-15,20250915900137,277880
단일판매ㆍ공급계약체결,유가증권시장,풍산,단일판매ㆍ공급계약체결,2025-09-12,20250912800120,103140
단일판매ㆍ공급계약체결,유가증권시장,금호건설,단일판매ㆍ공급계약체결,2025-09-12,20250912800058,002990
단일판매ㆍ공급계약체결,코스닥시장,정원엔시스,단일판매ㆍ공급계약체결,2025-09-11,20250911900462,045510
단일판매ㆍ공급계약체결,코스닥시장,오르비텍,단일판매ㆍ공급계약체결,2025-09-11,20250911900352,046120
단일판매ㆍ공급계약체결,유가증권시장,한국항공우주,단일판매ㆍ공급계약체결,2025-09-11,20250911800254,047810
단일판매ㆍ공급계약체결,코스닥시장,한국정보공학,단일판매ㆍ공급계약체결,2025-09-11,20250911900200,039740
단일판매ㆍ공급계약체결,유가증권시장,엠앤씨솔루션,단일판매ㆍ공급계약체결,2025-09-11,20250911800176,484870
단일판매ㆍ공급계약체결,코스닥시장,스페코,단일판매ㆍ공급계약체결,2025-09-11,20250911900172,013810
단일판매ㆍ공급계약체결,유가증권시장,SNT에너지,단일판매ㆍ공급계약체결,2025-09-11,20250911800035,100840
단일판매ㆍ공급계약체결,코스닥시장,아이빔테크놀로지,단일판매ㆍ공급계약체결,2025-09-10,20250910900539,460470
단일판매ㆍ공급계약체결,코스닥시장,그린리소스,단일판매ㆍ공급계약체결,2025-09-10,20250910900465,402490
단일판매ㆍ공급계약체결,유가증권시장,한신공영,단일판매ㆍ공급계약체결,2025-09-10,20250910800134,004960
단일판매ㆍ공급계약체결,유가증권시장,HJ중공업,단일판매ㆍ공급계약체결,2025-09-09,20250909800046,097230
단일판매ㆍ공급계약체결,유가증권시장,씨케이솔루션,단일판매ㆍ공급계약체결,2025-09-09,20250909800020,480370
단일판매ㆍ공급계약체결,유가증권시장,삼성바이오로직스,단일판매ㆍ공급계약체결,2025-09-09,20250909800017,207940
단일판매ㆍ공급계약체결,코스닥시장,레이저쎌,단일판매ㆍ공급계약체결,2025-09-08,20250908900127,412350
단일판매ㆍ공급계약체결,유가증권시장,HD현대중공업,단일판매ㆍ공급계약체결,2025-09-08,20250908800058,329180
단일판매ㆍ공급계약체결,유가증권시장,두산퓨얼셀,단일판매ㆍ공급계약체결,2025-09-08,20250908800042,336260
단일판매ㆍ공급계약체결,코스닥시장,바이넥스,단일판매ㆍ공급계약체결,2025-09-08,20250908900022,053030
단일판매ㆍ공급계약체결,유가증권시장,아시아나IDT,단일판매ㆍ공급계약체결,2025-09-05,20250905800359,267850
단일판매ㆍ공급계약체결,코스닥시장,펨트론,단일판매ㆍ공급계약체결,2025-09-05,20250905900212,168360
단일판매ㆍ공급계약체결,유가증권시장,한국가스공사,단일판매ㆍ공급계약체결,2025-09-05,20250905800175,036460
단일판매ㆍ공급계약체결,코스닥시장,다원넥스뷰,단일판매ㆍ공급계약체결,2025-09-05,20250905900163,323350
단일판매ㆍ공급계약체결,코스닥시장,디바이스,단일판매ㆍ공급계약체결,2025-09-05,20250905900105,187870
단일판매ㆍ공급계약체결,코스닥시장,에이럭스,단일판매ㆍ공급계약체결,2025-09-05,20250905900058,475580
단일판매ㆍ공급계약체결,코스닥시장,E8,단일판매ㆍ공급계약체결,2025-09-05,20250905900051,418620
단일판매ㆍ공급계약체결,유가증권시장,한화오션,단일판매ㆍ공급계약체결,2025-09-05,20250905800030,042660
단일판매ㆍ공급계약체결,코스닥시장,피노,단일판매ㆍ공급계약체결,2025-09-04,20250904900151,033790
단일판매ㆍ공급계약체결,코스닥시장,아이쓰리시스템,단일판매ㆍ공급계약체결,2025-09-04,20250904900147,214430
단일판매ㆍ공급계약체결,코스닥시장,다원시스,단일판매ㆍ공급계약체결,2025-09-03,20250903900130,068240
단일판매ㆍ공급계약체결,유가증권시장,KBI동양철관,단일판매ㆍ공급계약체결,2025-09-03,20250903800124,008970
단일판매ㆍ공급계약체결,코스닥시장,아이엠티,단일판매ㆍ공급계약체결,2025-09-03,20250903900026,451220
단일판매ㆍ공급계약체결,유가증권시장,아시아나IDT,단일판매ㆍ공급계약체결,2025-09-02,20250902800323,267850
단일판매ㆍ공급계약체결,코스닥시장,그린리소스,단일판매ㆍ공급계약체결,2025-09-02,20250902900179,402490
단일판매ㆍ공급계약체결,코스닥시장,웨이비스,단일판매ㆍ공급계약체결,2025-09-02,20250902900148,289930
단일판매ㆍ공급계약체결,코스닥시장,엠오티,단일판매ㆍ공급계약체결,2025-09-02,20250902900113,413390
단일판매ㆍ공급계약체결,코스닥시장,영우디에스피,단일판매ㆍ공급계약체결,2025-09-01,20250901900927,143540
단일판매ㆍ공급계약체결,유가증권시장,남광토건,단일판매ㆍ공급계약체결,2025-09-01,20250901800599,001260
단일판매ㆍ공급계약체결,코스닥시장,스튜디오미르,단일판매ㆍ공급계약체결,2025-09-01,20250901900521,408900
단일판매ㆍ공급계약체결,코스닥시장,범한퓨얼셀,단일판매ㆍ공급계약체결,2025-09-01,20250901900449,382900
단일판매ㆍ공급계약체결,코스닥시장,코난테크놀로지,단일판매ㆍ공급계약체결,2025-09-01,20250901900441,402030
단일판매ㆍ공급계약체결,코스닥시장,에스지헬스케어,단일판매ㆍ공급계약체결,2025-09-01,20250901900424,398120
단일판매ㆍ공급계약체결,유가증권시장,진흥기업,단일판매ㆍ공급계약체결,2025-09-01,20250901800322,002780
단일판매ㆍ공급계약체결,코스닥시장,피노,단일판매ㆍ공급계약체결,2025-08-29,20250829900824,033790
단일판매ㆍ공급계약체결,유가증권시장,코오롱글로벌,단일판매ㆍ공급계약체결,2025-08-29,20250829800638,003070
단일판매ㆍ공급계약체결,유가증권시장,대우건설,단일판매ㆍ공급계약체결,2025-08-29,20250829800405,047040
단일판매ㆍ공급계약체결,유가증권시장,동아지질,단일판매ㆍ공급계약체결,2025-08-29,20250829800389,028100
단일판매ㆍ공급계약체결,유가증권시장,우진,단일판매ㆍ공급계약체결,2025-08-29,20250829800120,105840
단일판매ㆍ공급계약체결,유가증권시장,삼일씨엔에스,단일판매ㆍ공급계약체결,2025-08-28,20250828800584,004440
단일판매ㆍ공급계약체결,코스닥시장,나노실리칸첨단소재,단일판매ㆍ공급계약체결,2025-08-28,20250828900499,286750
단일판매ㆍ공급계약체결,코스닥시장,삼화네트웍스,단일판매ㆍ공급계약체결,2025-08-28,20250828900085,046390
단일판매ㆍ공급계약체결,코스닥시장,현대에버다임,단일판매ㆍ공급계약체결,2025-08-28,20250828900074,041440
단일판매ㆍ공급계약체결,유가증권시장,자이에스앤디,단일판매ㆍ공급계약체결,2025-08-28,20250828800053,317400
단일판매ㆍ공급계약체결,코스닥시장,스코넥,단일판매ㆍ공급계약체결,2025-08-28,20250828900039,276040
단일판매ㆍ공급계약체결,유가증권시장,한국항공우주,단일판매ㆍ공급계약체결,2025-08-28,20250828800020,047810
단일판매ㆍ공급계약체결,유가증권시장,대한항공,단일판매ㆍ공급계약체결,2025-08-27,20250827800522,003490
단일판매ㆍ공급계약체결,코스닥시장,금화피에스시,단일판매ㆍ공급계약체결,2025-08-27,20250827900406,036190
단일판매ㆍ공급계약체결,코스닥시장,앱클론,단일판매ㆍ공급계약체결,2025-08-27,20250827900157,174900
단일판매ㆍ공급계약체결,유가증권시장,유한양행,단일판매ㆍ공급계약체결,2025-08-27,20250827800028,000100
단일판매ㆍ공급계약체결,유가증권시장,한화오션,단일판매ㆍ공급계약체결,2025-08-27,20250827800001,042660
단일판매ㆍ공급계약체결,유가증권시장,대한해운,단일판매ㆍ공급계약체결,2025-08-26,20250826800421,005880
단일판매ㆍ공급계약체결,코스닥시장,서진시스템,단일판매ㆍ공급계약체결,2025-08-26,20250826900208,178320
단일판매ㆍ공급계약체결,코스닥시장,와이어블,단일판매ㆍ공급계약체결,2025-08-26,20250826900205,065530
단일판매ㆍ공급계약체결,코스닥시장,영우디에스피,단일판매ㆍ공급계약체결,2025-08-26,20250826900194,143540
단일판매ㆍ공급계약체결,코스닥시장,일진파워,단일판매ㆍ공급계약체결,2025-08-26,20250826900046,094820
단일판매ㆍ공급계약체결,코스닥시장,마음AI,단일판매ㆍ공급계약체결,2025-08-25,20250825900170,377480
단일판매ㆍ공급계약체결,유가증권시장,SK오션플랜트,단일판매ㆍ공급계약체결,2025-08-25,20250825800120,100090
단일판매ㆍ공급계약체결,코스닥시장,브이엠,단일판매ㆍ공급계약체결,2025-08-25,20250825900081,089970
단일판매ㆍ공급계약체결,코스닥시장,나노씨엠에스,단일판매ㆍ공급계약체결,2025-08-22,20250822900254,247660
단일판매ㆍ공급계약체결,코스닥시장,케이씨티,단일판매ㆍ공급계약체결,2025-08-22,20250822900173,089150
단일판매ㆍ공급계약체결,유가증권시장,두산퓨얼셀,단일판매ㆍ공급계약체결,2025-08-22,20250822800053,336260
단일판매ㆍ공급계약체결,유가증권시장,한전KPS,단일판매ㆍ공급계약체결,2025-08-21,20250821800242,051600
단일판매ㆍ공급계약체결,유가증권시장,파미셀,단일판매ㆍ공급계약체결,2025-08-21,20250821800154,005690
단일판매ㆍ공급계약체결,코스닥시장,비츠로시스,단일판매ㆍ공급계약체결,2025-08-21,20250821900094,054220
단일판매ㆍ공급계약체결,유가증권시장,HS화성,단일판매ㆍ공급계약체결,2025-08-21,20250821800076,002460
단일판매ㆍ공급계약체결,코스닥시장,인터엠,단일판매ㆍ공급계약체결,2025-08-20,20250820900464,017250
단일판매ㆍ공급계약체결,유가증권시장,동부건설,단일판매ㆍ공급계약체결,2025-08-20,20250820800404,005960
단일판매ㆍ공급계약체결,코스닥시장,브이엠,단일판매ㆍ공급계약체결,2025-08-20,20250820900288,089970
단일판매ㆍ공급계약체결,코스닥시장,아이크래프트,단일판매ㆍ공급계약체결,2025-08-20,20250820900183,052460
단일판매ㆍ공급계약체결,코스닥시장,츌립앤사이언스,단일판매ㆍ공급계약체결,2025-08-20,20250820900134,291650
단일판매ㆍ공급계약체결,유가증권시장,금호건설,단일판매ㆍ공급계약체결,2025-08-20,20250820800085,002990
단일판매ㆍ공급계약체결,유가증권시장,진흥기업,단일판매ㆍ공급계약체결,2025-08-20,20250820800077,002780
단일판매ㆍ공급계약체결,코스닥시장,비에이치아이,단일판매ㆍ공급계약체결,2025-08-20,20250820900075,083650
단일판매ㆍ공급계약체결,코스닥시장,신원종합개발,단일판매ㆍ공급계약체결,2025-08-20,20250820900062,017000
단일판매ㆍ공급계약체결,코스닥시장,지엔씨에너지,단일판매ㆍ공급계약체결,2025-08-20,20250820900044,119850
단일판매ㆍ공급계약체결,코스닥시장,아이에스티이,단일판매ㆍ공급계약체결,2025-08-20,20250820900031,212710
단일판매ㆍ공급계약체결,유가증권시장,유한양행,단일판매ㆍ공급계약체결,2025-08-20,20250820800029,000100
단일판매ㆍ공급계약체결,코스닥시장,에너토크,단일판매ㆍ공급계약체결,2025-08-19,20250819900141,019990
단일판매ㆍ공급계약체결,유가증권시장,프레스티지바이오파마,단일판매ㆍ공급계약체결,2025-08-18,20250818800380,950210
단일판매ㆍ공급계약체결,유가증권시장,한화에어로스페이스,단일판매ㆍ공급계약체결,2025-08-18,20250818800211,012450
단일판매ㆍ공급계약체결,코스닥시장,씨이랩,단일판매ㆍ공급계약체결,2025-08-18,20250818900148,189330
단일판매ㆍ공급계약체결,코스닥시장,파두,단일판매ㆍ공급계약체결,2025-08-18,20250818900145,440110
단일판매ㆍ공급계약체결,코스닥시장,피노,단일판매ㆍ공급계약체결,2025-08-18,20250818900099,033790
단일판매ㆍ공급계약체결,유가증권시장,삼성중공업,단일판매ㆍ공급계약체결,2025-08-18,20250818800098,010140
단일판매ㆍ공급계약체결,코스닥시장,이지케어텍,단일판매ㆍ공급계약체결,2025-08-14,20250814903484,099750
단일판매ㆍ공급계약체결,유가증권시장,DL이앤씨,단일판매ㆍ공급계약체결,2025-08-14,20250814801596,375500
단일판매ㆍ공급계약체결,코스닥시장,SCL사이언스,단일판매ㆍ공급계약체결,2025-08-14,20250814901580,246960
단일판매ㆍ공급계약체결,유가증권시장,에스원,단일판매ㆍ공급계약체결,2025-08-14,20250814800893,012750
단일판매ㆍ공급계약체결,유가증권시장,태영건설,단일판매ㆍ공급계약체결,2025-08-13,20250813801185,009410
단일판매ㆍ공급계약체결,유가증권시장,S-Oil,단일판매ㆍ공급계약체결,2025-08-13,20250813800841,010950
단일판매ㆍ공급계약체결,코스닥시장,소마젠,단일판매ㆍ공급계약체결,2025-08-13,20250813900317,950200
단일판매ㆍ공급계약체결,코스닥시장,지엔씨에너지,단일판매ㆍ공급계약체결,2025-08-11,20250811900251,119850
단일판매ㆍ공급계약체결,코스닥시장,인텔리안테크,단일판매ㆍ공급계약체결,2025-08-11,20250811900168,189300
단일판매ㆍ공급계약체결,유가증권시장,포스코DX,단일판매ㆍ공급계약체결,2025-08-08,20250808800500,022100
단일판매ㆍ공급계약체결,유가증권시장,DL이앤씨,단일판매ㆍ공급계약체결,2025-08-08,20250808800486,375500
단일판매ㆍ공급계약체결,코스닥시장,피노,단일판매ㆍ공급계약체결,2025-08-07,20250807900208,033790
단일판매ㆍ공급계약체결,코스닥시장,피노,단일판매ㆍ공급계약체결,2025-08-06,20250806900528,033790
단일판매ㆍ공급계약체결,코스닥시장,넥사다이내믹스,단일판매ㆍ공급계약체결,2025-08-06,20250806900474,351320
단일판매ㆍ공급계약체결,유가증권시장,한신공영,단일판매ㆍ공급계약체결,2025-08-06,20250806800210,004960
단일판매ㆍ공급계약체결,유가증권시장,씨에스윈드,단일판매ㆍ공급계약체결,2025-08-06,20250806800142,112610
단일판매ㆍ공급계약체결,유가증권시장,HJ중공업,단일판매ㆍ공급계약체결,2025-08-05,20250805800193,097230
단일판매ㆍ공급계약체결,코스닥시장,세명전기,단일판매ㆍ공급계약체결,2025-08-05,20250805900101,017510
단일판매ㆍ공급계약체결,코스닥시장,제룡산업,단일판매ㆍ공급계약체결,2025-08-05,20250805900088,147830
단일판매ㆍ공급계약체결,유가증권시장,대한전선,단일판매ㆍ공급계약체결,2025-08-05,20250805800030,001440
단일판매ㆍ공급계약체결,코스닥시장,솔디펜스,단일판매ㆍ공급계약체결,2025-08-04,20250804900185,215090
단일판매ㆍ공급계약체결,유가증권시장,대한전선,단일판매ㆍ공급계약체결,2025-08-04,20250804800075,001440
단일판매ㆍ공급계약체결,코스닥시장,에너토크,단일판매ㆍ공급계약체결,2025-08-04,20250804900058,019990
단일판매ㆍ공급계약체결,유가증권시장,현대로템,단일판매ㆍ공급계약체결,2025-08-04,20250804800039,064350
단일판매ㆍ공급계약체결,코스닥시장,이지케어텍,단일판매ㆍ공급계약체결,2025-08-01,20250801901168,099750
단일판매ㆍ공급계약체결,유가증권시장,HS화성,단일판매ㆍ공급계약체결,2025-08-01,20250801801065,002460
단일판매ㆍ공급계약체결,유가증권시장,동부건설,단일판매ㆍ공급계약체결,2025-08-01,20250801800982,005960
단일판매ㆍ공급계약체결,유가증권시장,태영건설,단일판매ㆍ공급계약체결,2025-08-01,20250801800930,009410
단일판매ㆍ공급계약체결,유가증권시장,대우건설,단일판매ㆍ공급계약체결,2025-08-01,20250801800824,047040
단일판매ㆍ공급계약체결,코스닥시장,아이빔테크놀로지,단일판매ㆍ공급계약체결,2025-08-01,20250801900411,460470
단일판매ㆍ공급계약체결,유가증권시장,DB,단일판매ㆍ공급계약체결,2025-08-01,20250801800169,012030
단일판매ㆍ공급계약체결,코스닥시장,다원시스,단일판매ㆍ공급계약체결,2025-07-31,20250731900745,068240
단일판매ㆍ공급계약체결,유가증권시장,삼성물산,단일판매ㆍ공급계약체결,2025-07-31,20250731800651,028260
단일판매ㆍ공급계약체결,코스닥시장,스피어,단일판매ㆍ공급계약체결,2025-07-31,20250731900568,347700
단일판매ㆍ공급계약체결,유가증권시장,현대오토에버,단일판매ㆍ공급계약체결,2025-07-31,20250731800497,307950
단일판매ㆍ공급계약체결,코스닥시장,앱튼,단일판매ㆍ공급계약체결,2025-07-31,20250731900496,270520
단일판매ㆍ공급계약체결,코스닥시장,토마토시스템,단일판매ㆍ공급계약체결,2025-07-31,20250731900440,393210
단일판매ㆍ공급계약체결,코스닥시장,씨메스로보틱스,단일판매ㆍ공급계약체결,2025-07-31,20250731900094,475400
단일판매ㆍ공급계약체결,유가증권시장,E1,단일판매ㆍ공급계약체결,2025-07-31,20250731800070,017940
단일판매ㆍ공급계약체결,유가증권시장,HJ중공업,단일판매ㆍ공급계약체결,2025-07-31,20250731800062,097230
단일판매ㆍ공급계약체결,유가증권시장,HD현대일렉트릭,단일판매ㆍ공급계약체결,2025-07-31,20250731800031,267260
단일판매ㆍ공급계약체결,유가증권시장,삼성물산,단일판매ㆍ공급계약체결,2025-07-30,20250730800631,028260
단일판매ㆍ공급계약체결,코스닥시장,피노,단일판매ㆍ공급계약체결,2025-07-30,20250730900440,033790
단일판매ㆍ공급계약체결,코스닥시장,RFHIC,단일판매ㆍ공급계약체결,2025-07-30,20250730900134,218410
단일판매ㆍ공급계약체결,코스닥시장,버넥트,단일판매ㆍ공급계약체결,2025-07-29,20250729900396,438700
단일판매ㆍ공급계약체결,유가증권시장,한화오션,단일판매ㆍ공급계약체결,2025-07-29,20250729800308,042660
단일판매ㆍ공급계약체결,유가증권시장,한전기술,단일판매ㆍ공급계약체결,2025-07-29,20250729800143,052690
단일판매ㆍ공급계약체결,유가증권시장,IPARK현대산업개발,단일판매ㆍ공급계약체결,2025-07-28,20250728800385,294870
단일판매ㆍ공급계약체결,코스닥시장,씨엔플러스,단일판매ㆍ공급계약체결,2025-07-28,20250728900193,115530
단일판매ㆍ공급계약체결,유가증권시장,코오롱글로벌,단일판매ㆍ공급계약체결,2025-07-28,20250728800133,003070
단일판매ㆍ공급계약체결,유가증권시장,삼성전자,단일판매ㆍ공급계약체결,2025-07-28,20250728800035,005930
단일판매ㆍ공급계약체결,유가증권시장,DL이앤씨,단일판매ㆍ공급계약체결,2025-07-25,20250725800779,375500
단일판매ㆍ공급계약체결,코스닥시장,우양에이치씨,단일판매ㆍ공급계약체결,2025-07-25,20250725900503,101970
단일판매ㆍ공급계약체결,코스닥시장,에코앤드림,단일판매ㆍ공급계약체결,2025-07-25,20250725900384,101360
단일판매ㆍ공급계약체결,코스닥시장,유니테스트,단일판매ㆍ공급계약체결,2025-07-25,20250725900359,086390
단일판매ㆍ공급계약체결,코스닥시장,에프알텍,단일판매ㆍ공급계약체결,2025-07-24,20250724900626,073540
단일판매ㆍ공급계약체결,코스닥시장,엠플러스,단일판매ㆍ공급계약체결,2025-07-24,20250724900052,259630
단일판매ㆍ공급계약체결,유가증권시장,동방,단일판매ㆍ공급계약체결,2025-07-22,20250722800425,004140
단일판매ㆍ공급계약체결,유가증권시장,동부건설,단일판매ㆍ공급계약체결,2025-07-22,20250722800105,005960
단일판매ㆍ공급계약체결,코스닥시장,크레오에스지,단일판매ㆍ공급계약체결,2025-07-22,20250722900050,040350
단일판매ㆍ공급계약체결,유가증권시장,한화오션,단일판매ㆍ공급계약체결,2025-07-22,20250722800022,042660
단일판매ㆍ공급계약체결,코스닥시장,케이쓰리아이,단일판매ㆍ공급계약체결,2025-07-21,20250721900182,431190
단일판매ㆍ공급계약체결,유가증권시장,삼일씨엔에스,단일판매ㆍ공급계약체결,2025-07-21,20250721800173,004440
단일판매ㆍ공급계약체결,코스닥시장,브이엠,단일판매ㆍ공급계약체결,2025-07-21,20250721900139,089970
단일판매ㆍ공급계약체결,유가증권시장,씨에스윈드,단일판매ㆍ공급계약체결,2025-07-21,20250721800082,112610
단일판매ㆍ공급계약체결,유가증권시장,삼성중공업,단일판매ㆍ공급계약체결,2025-07-21,20250721800070,010140
단일판매ㆍ공급계약체결,유가증권시장,삼성물산,단일판매ㆍ공급계약체결,2025-07-18,20250718800568,028260
단일판매ㆍ공급계약체결,유가증권시장,아이에스동서,단일판매ㆍ공급계약체결,2025-07-18,20250718800463,010780
단일판매ㆍ공급계약체결,코스닥시장,플래스크,단일판매ㆍ공급계약체결,2025-07-18,20250718900337,041590
단일판매ㆍ공급계약체결,코스닥시장,덱스터,단일판매ㆍ공급계약체결,2025-07-18,20250718900286,206560
단일판매ㆍ공급계약체결,유가증권시장,삼성E&A,단일판매ㆍ공급계약체결,2025-07-18,20250718800275,028050
단일판매ㆍ공급계약체결,유가증권시장,넥스틸,단일판매ㆍ공급계약체결,2025-07-18,20250718800274,092790
단일판매ㆍ공급계약체결,코스닥시장,스마트레이더시스템,단일판매ㆍ공급계약체결,2025-07-18,20250718900159,424960
단일판매ㆍ공급계약체결,유가증권시장,코오롱글로벌,단일판매ㆍ공급계약체결,2025-07-17,20250717800512,003070
단일판매ㆍ공급계약체결,코스닥시장,중앙첨단소재,단일판매ㆍ공급계약체결,2025-07-17,20250717900469,051980
단일판매ㆍ공급계약체결,코스닥시장,로지시스,단일판매ㆍ공급계약체결,2025-07-17,20250717900243,067730
단일판매ㆍ공급계약체결,유가증권시장,아시아나IDT,단일판매ㆍ공급계약체결,2025-07-17,20250717800166,267850
단일판매ㆍ공급계약체결,코스닥시장,씨메스로보틱스,단일판매ㆍ공급계약체결,2025-07-17,20250717900077,475400
단일판매ㆍ공급계약체결,유가증권시장,자이에스앤디,단일판매ㆍ공급계약체결,2025-07-17,20250717800046,317400
단일판매ㆍ공급계약체결,코스닥시장,스피어,단일판매ㆍ공급계약체결,2025-07-16,20250716900443,347700
단일판매ㆍ공급계약체결,코스닥시장,비트플래닛,단일판매ㆍ공급계약체결,2025-07-16,20250716900439,049470
단일판매ㆍ공급계약체결,코스닥시장,아이쓰리시스템,단일판매ㆍ공급계약체결,2025-07-15,20250715900433,214430
단일판매ㆍ공급계약체결,유가증권시장,코오롱글로벌,단일판매ㆍ공급계약체결,2025-07-14,20250714800358,003070
단일판매ㆍ공급계약체결,코스닥시장,오픈엣지테크놀로지,단일판매ㆍ공급계약체결,2025-07-14,20250714900313,394280
단일판매ㆍ공급계약체결,유가증권시장,DL이앤씨,단일판매ㆍ공급계약체결,2025-07-14,20250714800311,375500
단일판매ㆍ공급계약체결,코스닥시장,엠오티,단일판매ㆍ공급계약체결,2025-07-11,20250711900085,413390
단일판매ㆍ공급계약체결,코스닥시장,에이치브이엠,단일판매ㆍ공급계약체결,2025-07-09,20250709900449,295310
단일판매ㆍ공급계약체결,코스닥시장,링크제니시스,단일판매ㆍ공급계약체결,2025-07-09,20250709900215,219420
단일판매ㆍ공급계약체결,코스닥시장,에스아이리소스,단일판매ㆍ공급계약체결,2025-07-08,20250708900161,065420
단일판매ㆍ공급계약체결,유가증권시장,HD현대중공업,단일판매ㆍ공급계약체결,2025-07-08,20250708800090,329180
단일판매ㆍ공급계약체결,코스닥시장,코스텍시스,단일판매ㆍ공급계약체결,2025-07-08,20250708900081,355150
단일판매ㆍ공급계약체결,코스닥시장,LS마린솔루션,단일판매ㆍ공급계약체결,2025-07-08,20250708900063,060370
단일판매ㆍ공급계약체결,코스닥시장,피노,단일판매ㆍ공급계약체결,2025-07-07,20250707900122,033790
단일판매ㆍ공급계약체결,코스닥시장,비아트론,단일판매ㆍ공급계약체결,2025-07-07,20250707900091,141000
단일판매ㆍ공급계약체결,유가증권시장,삼성중공업,단일판매ㆍ공급계약체결,2025-07-07,20250707800058,010140
단일판매ㆍ공급계약체결,코스닥시장,센서뷰,단일판매ㆍ공급계약체결,2025-07-07,20250707900051,321370
단일판매ㆍ공급계약체결,유가증권시장,미래아이앤지,단일판매ㆍ공급계약체결,2025-07-04,20250704800577,007120
단일판매ㆍ공급계약체결,코스닥시장,솔디펜스,단일판매ㆍ공급계약체결,2025-07-04,20250704900563,215090
단일판매ㆍ공급계약체결,유가증권시장,SK오션플랜트,단일판매ㆍ공급계약체결,2025-07-04,20250704800467,100090
단일판매ㆍ공급계약체결,코스닥시장,피노,단일판매ㆍ공급계약체결,2025-07-04,20250704900332,033790
단일판매ㆍ공급계약체결,코스닥시장,이엔셀,단일판매ㆍ공급계약체결,2025-07-03,20250703900126,456070
단일판매ㆍ공급계약체결,코스닥시장,디케이락,단일판매ㆍ공급계약체결,2025-07-03,20250703900059,105740
단일판매ㆍ공급계약체결,코스닥시장,레이저쎌,단일판매ㆍ공급계약체결,2025-07-02,20250702900440,412350
단일판매ㆍ공급계약체결,코스닥시장,세화피앤씨,단일판매ㆍ공급계약체결,2025-07-02,20250702900337,252500
단일판매ㆍ공급계약체결,코스닥시장,미디어젠,단일판매ㆍ공급계약체결,2025-07-02,20250702900148,279600
단일판매ㆍ공급계약체결,코스닥시장,쓰리빌리언,단일판매ㆍ공급계약체결,2025-07-02,20250702900095,394800
단일판매ㆍ공급계약체결,유가증권시장,동아지질,단일판매ㆍ공급계약체결,2025-07-02,20250702800084,028100
단일판매ㆍ공급계약체결,코스닥시장,뉴로메카,단일판매ㆍ공급계약체결,2025-07-01,20250701900774,348340
단일판매ㆍ공급계약체결,유가증권시장,효성중공업,단일판매ㆍ공급계약체결,2025-07-01,20250701800540,298040
단일판매ㆍ공급계약체결,코스닥시장,아이비젼웍스,단일판매ㆍ공급계약체결,2025-07-01,20250701900406,469750
단일판매ㆍ공급계약체결,유가증권시장,한전KPS,단일판매ㆍ공급계약체결,2025-07-01,20250701800382,051600
단일판매ㆍ공급계약체결,코스닥시장,일진파워,단일판매ㆍ공급계약체결,2025-07-01,20250701900368,094820
단일판매ㆍ공급계약체결,코스닥시장,씨메스로보틱스,단일판매ㆍ공급계약체결,2025-07-01,20250701900352,475400
단일판매ㆍ공급계약체결,유가증권시장,대우건설,단일판매ㆍ공급계약체결,2025-07-01,20250701800193,047040
단일판매ㆍ공급계약체결,코스닥시장,브리지텍,단일판매ㆍ공급계약체결,2025-07-01,20250701900166,064480
단일판매ㆍ공급계약체결,코스닥시장,RF시스템즈,단일판매ㆍ공급계약체결,2025-07-01,20250701900098,474610
단일판매ㆍ공급계약체결,유가증권시장,수산인더스트리,단일판매ㆍ공급계약체결,2025-07-01,20250701800089,126720
단일판매ㆍ공급계약체결,유가증권시장,삼성물산,단일판매ㆍ공급계약체결,2026-08-31,20260831800689,028260
단일판매ㆍ공급계약체결,유가증권시장,HD현대마린엔진,단일판매ㆍ공급계약체결,2026-08-31,20260831800390,071970
단일판매ㆍ공급계약체결,코스닥시장,우양에이치씨,단일판매ㆍ공급계약체결,2026-08-31,20260831900227,101970
단일판매ㆍ공급계약체결,코스닥시장,버넥트,단일판매ㆍ공급계약체결,2026-08-31,20260831900209,438700
단일판매ㆍ공급계약체결,코스닥시장,서한,단일판매ㆍ공급계약체결,2026-08-31,20260831900184,011370
단일판매ㆍ공급계약체결,유가증권시장,한신공영,단일판매ㆍ공급계약체결,2026-08-31,20260831800180,004960
단일판매ㆍ공급계약체결,유가증권시장,SK오션플랜트,단일판매ㆍ공급계약체결,2026-08-31,20260831800174,100090
단일판매ㆍ공급계약체결,유가증권시장,한화에어로스페이스,단일판매ㆍ공급계약체결,2026-08-31,20260831800137,012450
단일판매ㆍ공급계약체결,코스닥시장,링크솔루션,단일판매ㆍ공급계약체결,2026-08-31,20260831900130,474650
단일판매ㆍ공급계약체결,유가증권시장,삼성중공업,단일판매ㆍ공급계약체결,2026-08-31,20260831800071,010140
단일판매ㆍ공급계약체결,유가증권시장,한화엔진,단일판매ㆍ공급계약체결,2026-08-28,20260828800365,082740
단일판매ㆍ공급계약체결,코스닥시장,서호전기,단일판매ㆍ공급계약체결,2026-08-28,20260828900277,065710
단일판매ㆍ공급계약체결,유가증권시장,대우건설,단일판매ㆍ공급계약체결,2026-08-28,20260828800247,047040
단일판매ㆍ공급계약체결,유가증권시장,자이에스앤디,단일판매ㆍ공급계약체결,2026-08-28,20260828800092,317400
단일판매ㆍ공급계약체결,코스닥시장,와이씨,단일판매ㆍ공급계약체결,2026-08-27,20260827900217,232140
단일판매ㆍ공급계약체결,코스닥시장,유니슨,단일판매ㆍ공급계약체결,2026-08-27,20260827900211,018000
단일판매ㆍ공급계약체결,코스닥시장,톱텍,단일판매ㆍ공급계약체결,2026-08-27,20260827900181,108230
단일판매ㆍ공급계약체결,코스닥시장,이노메트리,단일판매ㆍ공급계약체결,2026-08-27,20260827900136,302430
단일판매ㆍ공급계약체결,코스닥시장,피델릭스,단일판매ㆍ공급계약체결,2026-08-27,20260827900119,032580
단일판매ㆍ공급계약체결,코스닥시장,키이스트,단일판매ㆍ공급계약체결,2026-08-26,20260826900628,054780
단일판매ㆍ공급계약체결,유가증권시장,한전산업,단일판매ㆍ공급계약체결,2026-08-26,20260826800502,130660
단일판매ㆍ공급계약체결,코스닥시장,씨이랩,단일판매ㆍ공급계약체결,2026-08-26,20260826900307,189330
단일판매ㆍ공급계약체결,코스닥시장,한국정밀기계,단일판매ㆍ공급계약체결,2026-08-26,20260826900262,101680
단일판매ㆍ공급계약체결,코스닥시장,마키나락스,단일판매ㆍ공급계약체결,2026-08-26,20260826900240,477850
단일판매ㆍ공급계약체결,코스닥시장,유진테크놀로지,단일판매ㆍ공급계약체결,2026-08-26,20260826900133,240600
단일판매ㆍ공급계약체결,코스닥시장,예스티,단일판매ㆍ공급계약체결,2026-08-25,20260825900162,122640
단일판매ㆍ공급계약체결,코스닥시장,아스플로,단일판매ㆍ공급계약체결,2026-08-25,20260825900155,159010
단일판매ㆍ공급계약체결,코스닥시장,노타,단일판매ㆍ공급계약체결,2026-08-25,20260825900154,486990
단일판매ㆍ공급계약체결,코스닥시장,우원개발,단일판매ㆍ공급계약체결,2026-08-25,20260825900128,046940
단일판매ㆍ공급계약체결,코스닥시장,에스비비테크,단일판매ㆍ공급계약체결,2026-08-24,20260824900595,389500
단일판매ㆍ공급계약체결,코스닥시장,원일티엔아이,단일판매ㆍ공급계약체결,2026-08-24,20260824900499,136150
단일판매ㆍ공급계약체결,코스닥시장,신도기연,단일판매ㆍ공급계약체결,2026-08-24,20260824900284,290520
단일판매ㆍ공급계약체결,코스닥시장,톱텍,단일판매ㆍ공급계약체결,2026-08-24,20260824900204,108230
단일판매ㆍ공급계약체결,코스닥시장,시공테크,단일판매ㆍ공급계약체결,2026-08-24,20260824900141,020710
단일판매ㆍ공급계약체결,유가증권시장,HD현대중공업,단일판매ㆍ공급계약체결,2026-08-24,20260824800122,329180
단일판매ㆍ공급계약체결,유가증권시장,DL이앤씨,단일판매ㆍ공급계약체결,2026-08-24,20260824800113,375500
단일판매ㆍ공급계약체결,코스닥시장,에코프로에이치엔,단일판매ㆍ공급계약체결,2026-08-24,20260824900046,383310
단일판매ㆍ공급계약체결,유가증권시장,인지컨트롤스,단일판매ㆍ공급계약체결,2026-08-21,20260821800662,023800
단일판매ㆍ공급계약체결,코스닥시장,성광벤드,단일판매ㆍ공급계약체결,2026-08-21,20260821900624,014620
단일판매ㆍ공급계약체결,코스닥시장,버넥트,단일판매ㆍ공급계약체결,2026-08-21,20260821900337,438700
단일판매ㆍ공급계약체결,유가증권시장,HD현대마린엔진,단일판매ㆍ공급계약체결,2026-08-21,20260821800131,071970
단일판매ㆍ공급계약체결,코스닥시장,퀄리타스반도체,단일판매ㆍ공급계약체결,2026-08-20,20260820900484,432720
단일판매ㆍ공급계약체결,코스닥시장,스트라드비젼,단일판매ㆍ공급계약체결,2026-08-20,20260820900351,475040
단일판매ㆍ공급계약체결,유가증권시장,산일전기,단일판매ㆍ공급계약체결,2026-08-20,20260820800341,062040
단일판매ㆍ공급계약체결,코스닥시장,씨이랩,단일판매ㆍ공급계약체결,2026-08-20,20260820900220,189330
단일판매ㆍ공급계약체결,유가증권시장,IPARK현대산업개발,단일판매ㆍ공급계약체결,2026-08-19,20260819800570,294870
단일판매ㆍ공급계약체결,유가증권시장,대우건설,단일판매ㆍ공급계약체결,2026-08-19,20260819800180,047040
단일판매ㆍ공급계약체결,코스닥시장,센서뷰,단일판매ㆍ공급계약체결,2026-08-19,20260819900167,321370
단일판매ㆍ공급계약체결,코스닥시장,기가비스,단일판매ㆍ공급계약체결,2026-08-19,20260819900157,420770
단일판매ㆍ공급계약체결,코스닥시장,테라뷰,단일판매ㆍ공급계약체결,2026-08-18,20260818900500,950250
단일판매ㆍ공급계약체결,코스닥시장,원일티엔아이,단일판매ㆍ공급계약체결,2026-08-18,20260818900340,136150
단일판매ㆍ공급계약체결,코스닥시장,케이피항공산업,단일판매ㆍ공급계약체결,2026-08-18,20260818900230,288180
단일판매ㆍ공급계약체결,유가증권시장,코오롱글로벌,단일판매ㆍ공급계약체결,2026-08-18,20260818800172,003070
단일판매ㆍ공급계약체결,코스닥시장,윈하이텍,단일판매ㆍ공급계약체결,2026-08-18,20260818900105,192390
단일판매ㆍ공급계약체결,유가증권시장,HJ중공업,단일판매ㆍ공급계약체결,2026-08-18,20260818800047,097230
단일판매ㆍ공급계약체결,코스닥시장,에프알텍,단일판매ㆍ공급계약체결,2026-08-14,20260814901439,073540
단일판매ㆍ공급계약체결,코스닥시장,엑사이엔씨,단일판매ㆍ공급계약체결,2026-08-14,20260814900099,054940
단일판매ㆍ공급계약체결,코스닥시장,제테마,단일판매ㆍ공급계약체결,2026-08-13,20260813900657,216080
단일판매ㆍ공급계약체결,유가증권시장,씨케이솔루션,단일판매ㆍ공급계약체결,2026-08-13,20260813800375,480370
단일판매ㆍ공급계약체결,코스닥시장,노타,단일판매ㆍ공급계약체결,2026-08-13,20260813900077,486990
단일판매ㆍ공급계약체결,유가증권시장,인지컨트롤스,단일판매ㆍ공급계약체결,2026-08-12,20260812800601,023800
단일판매ㆍ공급계약체결,코스닥시장,씨메스로보틱스,단일판매ㆍ공급계약체결,2026-08-12,20260812900573,475400
단일판매ㆍ공급계약체결,코스닥시장,세미티에스,단일판매ㆍ공급계약체결,2026-08-12,20260812900428,0017J0
단일판매ㆍ공급계약체결,코스닥시장,파두,단일판매ㆍ공급계약체결,2026-08-12,20260812900394,440110
단일판매ㆍ공급계약체결,코스닥시장,위드텍,단일판매ㆍ공급계약체결,2026-08-12,20260812900299,348350
단일판매ㆍ공급계약체결,유가증권시장,두산퓨얼셀,단일판매ㆍ공급계약체결,2026-08-12,20260812800233,336260
단일판매ㆍ공급계약체결,유가증권시장,코오롱글로벌,단일판매ㆍ공급계약체결,2026-08-11,20260811800831,003070
단일판매ㆍ공급계약체결,코스닥시장,유진로봇,단일판매ㆍ공급계약체결,2026-08-11,20260811900619,056080
단일판매ㆍ공급계약체결,코스닥시장,기가비스,단일판매ㆍ공급계약체결,2026-08-11,20260811900329,420770
단일판매ㆍ공급계약체결,코스닥시장,제이엔케이글로벌,단일판매ㆍ공급계약체결,2026-08-11,20260811900295,126880
단일판매ㆍ공급계약체결,유가증권시장,한국주강,단일판매ㆍ공급계약체결,2026-08-11,20260811800116,025890
단일판매ㆍ공급계약체결,코스닥시장,뱅크웨어글로벌,단일판매ㆍ공급계약체결,2026-08-11,20260811900065,199480
단일판매ㆍ공급계약체결,유가증권시장,IPARK현대산업개발,단일판매ㆍ공급계약체결,2026-08-10,20260810800759,294870
단일판매ㆍ공급계약체결,코스닥시장,SCL사이언스,단일판매ㆍ공급계약체결,2026-08-10,20260810900391,246960
단일판매ㆍ공급계약체결,유가증권시장,일성건설,단일판매ㆍ공급계약체결,2026-08-10,20260810800210,013360
단일판매ㆍ공급계약체결,코스닥시장,다보링크,단일판매ㆍ공급계약체결,2026-08-10,20260810900159,340360
단일판매ㆍ공급계약체결,유가증권시장,HD현대중공업,단일판매ㆍ공급계약체결,2026-08-10,20260810800144,329180
단일판매ㆍ공급계약체결,코스닥시장,유니슨,단일판매ㆍ공급계약체결,2026-08-10,20260810900134,018000
단일판매ㆍ공급계약체결,유가증권시장,자이에스앤디,단일판매ㆍ공급계약체결,2026-08-10,20260810800128,317400
단일판매ㆍ공급계약체결,유가증권시장,IPARK현대산업개발,단일판매ㆍ공급계약체결,2026-08-07,20260807800878,294870
단일판매ㆍ공급계약체결,유가증권시장,파미셀,단일판매ㆍ공급계약체결,2026-08-07,20260807800073,005690
단일판매ㆍ공급계약체결,코스닥시장,비츠로넥스텍,단일판매ㆍ공급계약체결,2026-08-06,20260806900659,488900
단일판매ㆍ공급계약체결,유가증권시장,티엠씨,단일판매ㆍ공급계약체결,2026-08-06,20260806800457,217590
단일판매ㆍ공급계약체결,코스닥시장,에프알텍,단일판매ㆍ공급계약체결,2026-08-06,20260806900451,073540
단일판매ㆍ공급계약체결,유가증권시장,대우건설,단일판매ㆍ공급계약체결,2026-08-06,20260806800295,047040
단일판매ㆍ공급계약체결,유가증권시장,동아지질,단일판매ㆍ공급계약체결,2026-08-06,20260806800133,028100
단일판매ㆍ공급계약체결,코스닥시장,그린광학,단일판매ㆍ공급계약체결,2026-08-06,20260806900123,0015G0
단일판매ㆍ공급계약체결,유가증권시장,두산퓨얼셀,단일판매ㆍ공급계약체결,2026-08-05,20260805800294,336260
단일판매ㆍ공급계약체결,유가증권시장,금호건설,단일판매ㆍ공급계약체결,2026-08-04,20260804800387,002990
단일판매ㆍ공급계약체결,코스닥시장,사피엔반도체,단일판매ㆍ공급계약체결,2026-08-04,20260804900308,452430
단일판매ㆍ공급계약체결,코스닥시장,씨이랩,단일판매ㆍ공급계약체결,2026-08-04,20260804900307,189330
단일판매ㆍ공급계약체결,코스닥시장,한텍,단일판매ㆍ공급계약체결,2026-08-04,20260804900286,098070
단일판매ㆍ공급계약체결,코스닥시장,앱클론,단일판매ㆍ공급계약체결,2026-08-04,20260804900178,174900
단일판매ㆍ공급계약체결,코스닥시장,지엔씨에너지,단일판매ㆍ공급계약체결,2026-08-04,20260804900092,119850
단일판매ㆍ공급계약체결,코스닥시장,SG,단일판매ㆍ공급계약체결,2026-08-03,20260803901043,255220
단일판매ㆍ공급계약체결,코스닥시장,피델릭스,단일판매ㆍ공급계약체결,2026-08-03,20260803900921,032580
단일판매ㆍ공급계약체결,유가증권시장,아이에스동서,단일판매ㆍ공급계약체결,2026-08-03,20260803800852,010780
단일판매ㆍ공급계약체결,유가증권시장,한화오션,단일판매ㆍ공급계약체결,2026-08-03,20260803800706,042660
단일판매ㆍ공급계약체결,유가증권시장,삼성중공업,단일판매ㆍ공급계약체결,2026-08-03,20260803800398,010140
단일판매ㆍ공급계약체결,코스닥시장,엠아이큐브솔루션,단일판매ㆍ공급계약체결,2026-08-03,20260803900322,373170
단일판매ㆍ공급계약체결,코스닥시장,지엔씨에너지,단일판매ㆍ공급계약체결,2026-08-03,20260803900306,119850
단일판매ㆍ공급계약체결,유가증권시장,대우건설,단일판매ㆍ공급계약체결,2026-07-31,20260731800547,047040
단일판매ㆍ공급계약체결,유가증권시장,SK오션플랜트,단일판매ㆍ공급계약체결,2026-07-31,20260731800502,100090
단일판매ㆍ공급계약체결,유가증권시장,한화오션,단일판매ㆍ공급계약체결,2026-07-31,20260731800216,042660
단일판매ㆍ공급계약체결,유가증권시장,HD현대마린엔진,단일판매ㆍ공급계약체결,2026-07-31,20260731800210,071970
단일판매ㆍ공급계약체결,유가증권시장,일신석재,단일판매ㆍ공급계약체결,2026-07-30,20260730800911,007110
단일판매ㆍ공급계약체결,코스닥시장,이지케어텍,단일판매ㆍ공급계약체결,2026-07-30,20260730900881,099750
단일판매ㆍ공급계약체결,코스닥시장,핀텔,단일판매ㆍ공급계약체결,2026-07-30,20260730900394,291810
단일판매ㆍ공급계약체결,코스닥시장,에이럭스,단일판매ㆍ공급계약체결,2026-07-30,20260730900393,475580
단일판매ㆍ공급계약체결,코스닥시장,베노티앤알,단일판매ㆍ공급계약체결,2026-07-30,20260730900277,206400
단일판매ㆍ공급계약체결,코스닥시장,기가비스,단일판매ㆍ공급계약체결,2026-07-30,20260730900247,420770
단일판매ㆍ공급계약체결,코스닥시장,피앤에스로보틱스,단일판매ㆍ공급계약체결,2026-07-30,20260730900213,460940
단일판매ㆍ공급계약체결,코스닥시장,지엔씨에너지,단일판매ㆍ공급계약체결,2026-07-30,20260730900138,119850
단일판매ㆍ공급계약체결,코스닥시장,파두,단일판매ㆍ공급계약체결,2026-07-30,20260730900136,440110
단일판매ㆍ공급계약체결,유가증권시장,대우건설,단일판매ㆍ공급계약체결,2026-07-29,20260729800998,047040
단일판매ㆍ공급계약체결,코스닥시장,디바이스,단일판매ㆍ공급계약체결,2026-07-29,20260729900566,187870
단일판매ㆍ공급계약체결,코스닥시장,기가비스,단일판매ㆍ공급계약체결,2026-07-29,20260729900255,420770
단일판매ㆍ공급계약체결,코스닥시장,스트라드비젼,단일판매ㆍ공급계약체결,2026-07-28,20260728900719,475040
단일판매ㆍ공급계약체결,유가증권시장,현대오토에버,단일판매ㆍ공급계약체결,2026-07-28,20260728800716,307950
단일판매ㆍ공급계약체결,코스닥시장,아크릴,단일판매ㆍ공급계약체결,2026-07-28,20260728900558,0007C0
단일판매ㆍ공급계약체결,유가증권시장,STX엔진,단일판매ㆍ공급계약체결,2026-07-28,20260728800274,077970
단일판매ㆍ공급계약체결,코스닥시장,우양에이치씨,단일판매ㆍ공급계약체결,2026-07-27,20260727900293,101970
단일판매ㆍ공급계약체결,코스닥시장,에코프로에이치엔,단일판매ㆍ공급계약체결,2026-07-27,20260727900268,383310
단일판매ㆍ공급계약체결,코스닥시장,윈하이텍,단일판매ㆍ공급계약체결,2026-07-27,20260727900252,192390
단일판매ㆍ공급계약체결,유가증권시장,대우건설,단일판매ㆍ공급계약체결,2026-07-27,20260727800193,047040
단일판매ㆍ공급계약체결,코스닥시장,피앤에스로보틱스,단일판매ㆍ공급계약체결,2026-07-27,20260727900160,460940
단일판매ㆍ공급계약체결,유가증권시장,대한조선,단일판매ㆍ공급계약체결,2026-07-27,20260727800063,439260
단일판매ㆍ공급계약체결,유가증권시장,현대오토에버,단일판매ㆍ공급계약체결,2026-07-24,20260724800892,307950
단일판매ㆍ공급계약체결,코스닥시장,기가비스,단일판매ㆍ공급계약체결,2026-07-24,20260724900446,420770
단일판매ㆍ공급계약체결,코스닥시장,아이크래프트,단일판매ㆍ공급계약체결,2026-07-24,20260724900442,052460
단일판매ㆍ공급계약체결,코스닥시장,쎄트렉아이,단일판매ㆍ공급계약체결,2026-07-24,20260724900354,099320
단일판매ㆍ공급계약체결,유가증권시장,LIG디펜스앤에어로스페이스,단일판매ㆍ공급계약체결,2026-07-24,20260724800282,079550
단일판매ㆍ공급계약체결,코스닥시장,한텍,단일판매ㆍ공급계약체결,2026-07-24,20260724900195,098070
단일판매ㆍ공급계약체결,코스닥시장,엔젯,단일판매ㆍ공급계약체결,2026-07-24,20260724900184,419080
단일판매ㆍ공급계약체결,코스닥시장,우양에이치씨,단일판매ㆍ공급계약체결,2026-07-24,20260724900176,101970
단일판매ㆍ공급계약체결,코스닥시장,파인텍,단일판매ㆍ공급계약체결,2026-07-24,20260724900079,131760
단일판매ㆍ공급계약체결,코스닥시장,HB솔루션,단일판매ㆍ공급계약체결,2026-07-23,20260723900888,297890
단일판매ㆍ공급계약체결,유가증권시장,엠앤씨솔루션,단일판매ㆍ공급계약체결,2026-07-23,20260723800695,484870
단일판매ㆍ공급계약체결,코스닥시장,나노씨엠에스,단일판매ㆍ공급계약체결,2026-07-23,20260723900606,247660
단일판매ㆍ공급계약체결,코스닥시장,머큐리,단일판매ㆍ공급계약체결,2026-07-23,20260723900314,100590
단일판매ㆍ공급계약체결,코스닥시장,유니테스트,단일판매ㆍ공급계약체결,2026-07-23,20260723900301,086390
단일판매ㆍ공급계약체결,코스닥시장,퀄리타스반도체,단일판매ㆍ공급계약체결,2026-07-23,20260723900280,432720
단일판매ㆍ공급계약체결,유가증권시장,삼성전기,단일판매ㆍ공급계약체결,2026-07-23,20260723800073,009150
단일판매ㆍ공급계약체결,코스닥시장,스트라드비젼,단일판매ㆍ공급계약체결,2026-07-22,20260722900866,475040
단일판매ㆍ공급계약체결,코스닥시장,PS일렉트로닉스,단일판매ㆍ공급계약체결,2026-07-22,20260722900812,332570
단일판매ㆍ공급계약체결,유가증권시장,HL D&I,단일판매ㆍ공급계약체결,2026-07-22,20260722800610,014790
단일판매ㆍ공급계약체결,코스닥시장,유디엠텍,단일판매ㆍ공급계약체결,2026-07-22,20260722900387,389680
단일판매ㆍ공급계약체결,코스닥시장,디알젬,단일판매ㆍ공급계약체결,2026-07-22,20260722900385,263690
단일판매ㆍ공급계약체결,코스닥시장,피델릭스,단일판매ㆍ공급계약체결,2026-07-22,20260722900356,032580
단일판매ㆍ공급계약체결,코스닥시장,플래티어,단일판매ㆍ공급계약체결,2026-07-22,20260722900107,367000
단일판매ㆍ공급계약체결,코스닥시장,웹케시,단일판매ㆍ공급계약체결,2026-07-21,20260721901451,053580
단일판매ㆍ공급계약체결,코스닥시장,아이크래프트,단일판매ㆍ공급계약체결,2026-07-21,20260721900480,052460
단일판매ㆍ공급계약체결,코스닥시장,예스티,단일판매ㆍ공급계약체결,2026-07-21,20260721900281,122640
단일판매ㆍ공급계약체결,유가증권시장,SNT에너지,단일판매ㆍ공급계약체결,2026-07-21,20260721800122,100840
단일판매ㆍ공급계약체결,코스닥시장,힘스,단일판매ㆍ공급계약체결,2026-07-20,20260720900414,238490
단일판매ㆍ공급계약체결,코스닥시장,트윔,단일판매ㆍ공급계약체결,2026-07-20,20260720900330,290090
단일판매ㆍ공급계약체결,코스닥시장,범한퓨얼셀,단일판매ㆍ공급계약체결,2026-07-20,20260720900132,382900
단일판매ㆍ공급계약체결,코스닥시장,비트플래닛,단일판매ㆍ공급계약체결,2026-07-20,20260720900129,049470
단일판매ㆍ공급계약체결,유가증권시장,태영건설,단일판매ㆍ공급계약체결,2026-07-16,20260716800816,009410
단일판매ㆍ공급계약체결,유가증권시장,포스코퓨처엠,단일판매ㆍ공급계약체결,2026-07-16,20260716800786,003670
단일판매ㆍ공급계약체결,유가증권시장,대우건설,단일판매ㆍ공급계약체결,2026-07-16,20260716800502,047040
단일판매ㆍ공급계약체결,유가증권시장,자이에스앤디,단일판매ㆍ공급계약체결,2026-07-16,20260716800314,317400
단일판매ㆍ공급계약체결,코스닥시장,알체라,단일판매ㆍ공급계약체결,2026-07-15,20260715900218,347860
단일판매ㆍ공급계약체결,유가증권시장,HS화성,단일판매ㆍ공급계약체결,2026-07-15,20260715800190,002460
단일판매ㆍ공급계약체결,유가증권시장,코오롱글로벌,단일판매ㆍ공급계약체결,2026-07-15,20260715800157,003070
단일판매ㆍ공급계약체결,코스닥시장,액스비스,단일판매ㆍ공급계약체결,2026-07-15,20260715900148,0011A0
단일판매ㆍ공급계약체결,코스닥시장,지엔씨에너지,단일판매ㆍ공급계약체결,2026-07-15,20260715900077,119850
단일판매ㆍ공급계약체결,유가증권시장,한화오션,단일판매ㆍ공급계약체결,2026-07-15,20260715800071,042660
단일판매ㆍ공급계약체결,코스닥시장,서남,단일판매ㆍ공급계약체결,2026-07-14,20260714900490,294630
단일판매ㆍ공급계약체결,유가증권시장,아이에스동서,단일판매ㆍ공급계약체결,2026-07-14,20260714800329,010780
단일판매ㆍ공급계약체결,코스닥시장,씨메스로보틱스,단일판매ㆍ공급계약체결,2026-07-14,20260714900199,475400
단일판매ㆍ공급계약체결,코스닥시장,아이앤씨,단일판매ㆍ공급계약체결,2026-07-13,20260713900355,052860
단일판매ㆍ공급계약체결,코스닥시장,탑머티리얼,단일판매ㆍ공급계약체결,2026-07-13,20260713900280,360070
단일판매ㆍ공급계약체결,코스닥시장,비나텍,단일판매ㆍ공급계약체결,2026-07-13,20260713900228,126340
단일판매ㆍ공급계약체결,코스닥시장,자람테크놀로지,단일판매ㆍ공급계약체결,2026-07-13,20260713900188,389020
단일판매ㆍ공급계약체결,유가증권시장,코오롱글로벌,단일판매ㆍ공급계약체결,2026-07-13,20260713800186,003070
단일판매ㆍ공급계약체결,코스닥시장,코세스,단일판매ㆍ공급계약체결,2026-07-13,20260713900131,089890
단일판매ㆍ공급계약체결,유가증권시장,한화엔진,단일판매ㆍ공급계약체결,2026-07-10,20260710800910,082740
단일판매ㆍ공급계약체결,유가증권시장,DL이앤씨,단일판매ㆍ공급계약체결,2026-07-10,20260710800853,375500
단일판매ㆍ공급계약체결,코스닥시장,파두,단일판매ㆍ공급계약체결,2026-07-10,20260710900498,440110
단일판매ㆍ공급계약체결,코스닥시장,아이크래프트,단일판매ㆍ공급계약체결,2026-07-10,20260710900482,052460
단일판매ㆍ공급계약체결,코스닥시장,엑시콘,단일판매ㆍ공급계약체결,2026-07-10,20260710900182,092870
단일판매ㆍ공급계약체결,코스닥시장,에이스토리,단일판매ㆍ공급계약체결,2026-07-09,20260709900756,241840
단일판매ㆍ공급계약체결,코스닥시장,신테카바이오,단일판매ㆍ공급계약체결,2026-07-09,20260709900489,226330
단일판매ㆍ공급계약체결,유가증권시장,HD현대중공업,단일판매ㆍ공급계약체결,2026-07-09,20260709800137,329180
단일판매ㆍ공급계약체결,유가증권시장,코오롱글로벌,단일판매ㆍ공급계약체결,2026-07-09,20260709800093,003070
단일판매ㆍ공급계약체결,코스닥시장,태성,단일판매ㆍ공급계약체결,2026-07-08,20260708900756,323280
단일판매ㆍ공급계약체결,코스닥시장,중앙백신,단일판매ㆍ공급계약체결,2026-07-08,20260708900635,072020
단일판매ㆍ공급계약체결,코스닥시장,아이씨디,단일판매ㆍ공급계약체결,2026-07-08,20260708900521,040910
단일판매ㆍ공급계약체결,유가증권시장,대우건설,단일판매ㆍ공급계약체결,2026-07-08,20260708800371,047040
단일판매ㆍ공급계약체결,유가증권시장,삼성중공업,단일판매ㆍ공급계약체결,2026-07-08,20260708800164,010140
단일판매ㆍ공급계약체결,코스닥시장,네오셈,단일판매ㆍ공급계약체결,2026-07-08,20260708900160,253590
단일판매ㆍ공급계약체결,코스닥시장,데이타솔루션,단일판매ㆍ공급계약체결,2026-07-07,20260707900767,263800
단일판매ㆍ공급계약체결,코스닥시장,씨이랩,단일판매ㆍ공급계약체결,2026-07-07,20260707900754,189330
단일판매ㆍ공급계약체결,유가증권시장,LG씨엔에스,단일판매ㆍ공급계약체결,2026-07-07,20260707800689,064400
단일판매ㆍ공급계약체결,코스닥시장,레이저쎌,단일판매ㆍ공급계약체결,2026-07-07,20260707900582,412350
단일판매ㆍ공급계약체결,코스닥시장,디바이스,단일판매ㆍ공급계약체결,2026-07-07,20260707900345,187870
단일판매ㆍ공급계약체결,코스닥시장,HB솔루션,단일판매ㆍ공급계약체결,2026-07-07,20260707900319,297890
단일판매ㆍ공급계약체결,코스닥시장,엑사이엔씨,단일판매ㆍ공급계약체결,2026-07-07,20260707900311,054940
단일판매ㆍ공급계약체결,코스닥시장,기가비스,단일판매ㆍ공급계약체결,2026-07-07,20260707900298,420770
단일판매ㆍ공급계약체결,유가증권시장,삼일씨엔에스,단일판매ㆍ공급계약체결,2026-07-07,20260707800240,004440
단일판매ㆍ공급계약체결,유가증권시장,까뮤이앤씨,단일판매ㆍ공급계약체결,2026-07-07,20260707800238,013700
단일판매ㆍ공급계약체결,코스닥시장,다원넥스뷰,단일판매ㆍ공급계약체결,2026-07-07,20260707900182,323350
단일판매ㆍ공급계약체결,유가증권시장,씨에스윈드,단일판매ㆍ공급계약체결,2026-07-07,20260707800128,112610
단일판매ㆍ공급계약체결,코스닥시장,비나텍,단일판매ㆍ공급계약체결,2026-07-06,20260706900477,126340
단일판매ㆍ공급계약체결,코스닥시장,기가비스,단일판매ㆍ공급계약체결,2026-07-06,20260706900449,420770
단일판매ㆍ공급계약체결,코스닥시장,아이크래프트,단일판매ㆍ공급계약체결,2026-07-06,20260706900417,052460
단일판매ㆍ공급계약체결,코스닥시장,라온텍,단일판매ㆍ공급계약체결,2026-07-06,20260706900374,418420
단일판매ㆍ공급계약체결,유가증권시장,DL이앤씨,단일판매ㆍ공급계약체결,2026-07-06,20260706800236,375500
단일판매ㆍ공급계약체결,코스닥시장,DMS,단일판매ㆍ공급계약체결,2026-07-06,20260706900205,068790
단일판매ㆍ공급계약체결,유가증권시장,일성건설,단일판매ㆍ공급계약체결,2026-07-06,20260706800182,013360
단일판매ㆍ공급계약체결,코스닥시장,파라텍,단일판매ㆍ공급계약체결,2026-07-03,20260703900836,033540
단일판매ㆍ공급계약체결,코스닥시장,크라우드웍스,단일판매ㆍ공급계약체결,2026-07-03,20260703900700,355390
단일판매ㆍ공급계약체결,유가증권시장,DL이앤씨,단일판매ㆍ공급계약체결,2026-07-02,20260702800852,375500
단일판매ㆍ공급계약체결,유가증권시장,동부건설,단일판매ㆍ공급계약체결,2026-07-02,20260702800844,005960
단일판매ㆍ공급계약체결,유가증권시장,태영건설,단일판매ㆍ공급계약체결,2026-07-02,20260702800782,009410
단일판매ㆍ공급계약체결,코스닥시장,금양그린파워,단일판매ㆍ공급계약체결,2026-07-02,20260702900719,282720
단일판매ㆍ공급계약체결,코스닥시장,포스코엠텍,단일판매ㆍ공급계약체결,2026-07-02,20260702900704,009520
단일판매ㆍ공급계약체결,코스닥시장,민테크,단일판매ㆍ공급계약체결,2026-07-02,20260702900555,452200
단일판매ㆍ공급계약체결,코스닥시장,인텍플러스,단일판매ㆍ공급계약체결,2026-07-02,20260702900516,064290
단일판매ㆍ공급계약체결,코스닥시장,엠엑스로보틱스,단일판매ㆍ공급계약체결,2026-07-02,20260702900482,007820
단일판매ㆍ공급계약체결,코스닥시장,티엑스알로보틱스,단일판매ㆍ공급계약체결,2026-07-02,20260702900442,484810
단일판매ㆍ공급계약체결,코스닥시장,KCC건설,단일판매ㆍ공급계약체결,2026-07-02,20260702900264,021320
단일판매ㆍ공급계약체결,코스닥시장,디바이스,단일판매ㆍ공급계약체결,2026-07-02,20260702900226,187870
단일판매ㆍ공급계약체결,유가증권시장,삼성중공업,단일판매ㆍ공급계약체결,2026-07-02,20260702800158,010140
단일판매ㆍ공급계약체결,코스닥시장,지엔씨에너지,단일판매ㆍ공급계약체결,2026-07-02,20260702900141,119850
단일판매ㆍ공급계약체결,코스닥시장,제이티,단일판매ㆍ공급계약체결,2026-07-02,20260702900130,089790
단일판매ㆍ공급계약체결,유가증권시장,자이에스앤디,단일판매ㆍ공급계약체결,2026-07-02,20260702800126,317400
단일판매ㆍ공급계약체결,코스닥시장,에스티아이,단일판매ㆍ공급계약체결,2026-07-02,20260702900096,039440
단일판매ㆍ공급계약체결,유가증권시장,진흥기업,단일판매ㆍ공급계약체결,2026-07-02,20260702800089,002780
단일판매ㆍ공급계약체결,코스닥시장,레이저쎌,단일판매ㆍ공급계약체결,2026-07-01,20260701900683,412350
단일판매ㆍ공급계약체결,코스닥시장,파라텍,단일판매ㆍ공급계약체결,2026-07-01,20260701900558,033540
단일판매ㆍ공급계약체결,코스닥시장,에이텍모빌리티,단일판매ㆍ공급계약체결,2026-07-01,20260701900488,224110
단일판매ㆍ공급계약체결,코스닥시장,에스와이스틸텍,단일판매ㆍ공급계약체결,2026-07-01,20260701900241,365330
단일판매ㆍ공급계약체결,유가증권시장,두산퓨얼셀,단일판매ㆍ공급계약체결,2026-07-01,20260701800234,336260
단일판매ㆍ공급계약체결,코스닥시장,동신건설,단일판매ㆍ공급계약체결,2026-07-01,20260701900220,025950
단일판매ㆍ공급계약체결,유가증권시장,HD현대중공업,단일판매ㆍ공급계약체결,2026-07-01,20260701800212,329180
단일판매ㆍ공급계약체결,코스닥시장,필에너지,단일판매ㆍ공급계약체결,2026-07-01,20260701900202,378340
단일판매ㆍ공급계약체결,유가증권시장,삼성E&A,단일판매ㆍ공급계약체결,2026-07-01,20260701800136,028050
단일판매ㆍ공급계약체결,유가증권시장,HL D&I,단일판매ㆍ공급계약체결,2026-07-01,20260701800135,014790
단일판매ㆍ공급계약체결,코스닥시장,아티스트스튜디오,단일판매ㆍ공급계약체결,2026-06-30,20260630901559,200350
단일판매ㆍ공급계약체결,코스닥시장,그린광학,단일판매ㆍ공급계약체결,2026-06-30,20260630901538,0015G0
단일판매ㆍ공급계약체결,유가증권시장,한신공영,단일판매ㆍ공급계약체결,2026-06-30,20260630801413,004960
단일판매ㆍ공급계약체결,유가증권시장,두산퓨얼셀,단일판매ㆍ공급계약체결,2026-06-30,20260630801368,336260
단일판매ㆍ공급계약체결,유가증권시장,동부건설,단일판매ㆍ공급계약체결,2026-06-30,20260630801343,005960
단일판매ㆍ공급계약체결,코스닥시장,판타지오,단일판매ㆍ공급계약체결,2026-06-30,20260630901232,032800
단일판매ㆍ공급계약체결,유가증권시장,한화엔진,단일판매ㆍ공급계약체결,2026-06-30,20260630800917,082740
단일판매ㆍ공급계약체결,유가증권시장,HJ중공업,단일판매ㆍ공급계약체결,2026-06-30,20260630800913,097230
단일판매ㆍ공급계약체결,코스닥시장,비나텍,단일판매ㆍ공급계약체결,2026-06-30,20260630900898,126340
단일판매ㆍ공급계약체결,코스닥시장,RF머트리얼즈,단일판매ㆍ공급계약체결,2026-06-30,20260630900452,327260
단일판매ㆍ공급계약체결,코스닥시장,테라뷰,단일판매ㆍ공급계약체결,2026-06-30,20260630900368,950250
단일판매ㆍ공급계약체결,유가증권시장,자이에스앤디,단일판매ㆍ공급계약체결,2026-06-30,20260630800303,317400
단일판매ㆍ공급계약체결,유가증권시장,진흥기업,단일판매ㆍ공급계약체결,2026-06-30,20260630800143,002780
단일판매ㆍ공급계약체결,유가증권시장,삼성전기,단일판매ㆍ공급계약체결,2026-06-30,20260630800114,009150
단일판매ㆍ공급계약체결,코스닥시장,씨앤지하이테크,단일판매ㆍ공급계약체결,2026-06-29,20260629900799,264660
단일판매ㆍ공급계약체결,코스닥시장,대명에너지,단일판매ㆍ공급계약체결,2026-06-29,20260629900545,389260
단일판매ㆍ공급계약체결,유가증권시장,IPARK현대산업개발,단일판매ㆍ공급계약체결,2026-06-29,20260629800518,294870
단일판매ㆍ공급계약체결,코스닥시장,자람테크놀로지,단일판매ㆍ공급계약체결,2026-06-29,20260629900404,389020
단일판매ㆍ공급계약체결,코스닥시장,DMS,단일판매ㆍ공급계약체결,2026-06-29,20260629900280,068790
단일판매ㆍ공급계약체결,코스닥시장,에이직랜드,단일판매ㆍ공급계약체결,2026-06-29,20260629900182,445090
단일판매ㆍ공급계약체결,유가증권시장,한화엔진,단일판매ㆍ공급계약체결,2026-06-26,20260626800816,082740
단일판매ㆍ공급계약체결,코스닥시장,인텍플러스,단일판매ㆍ공급계약체결,2026-06-26,20260626900604,064290
단일판매ㆍ공급계약체결,유가증권시장,대웅제약,단일판매ㆍ공급계약체결,2026-06-26,20260626800586,069620
단일판매ㆍ공급계약체결,코스닥시장,특수건설,단일판매ㆍ공급계약체결,2026-06-26,20260626900581,026150
단일판매ㆍ공급계약체결,코스닥시장,한국정밀기계,단일판매ㆍ공급계약체결,2026-06-26,20260626900451,101680
단일판매ㆍ공급계약체결,코스닥시장,티이엠씨씨엔에스,단일판매ㆍ공급계약체결,2026-06-26,20260626900449,241790
단일판매ㆍ공급계약체결,유가증권시장,남광토건,단일판매ㆍ공급계약체결,2026-06-26,20260626800130,001260
단일판매ㆍ공급계약체결,유가증권시장,삼호개발,단일판매ㆍ공급계약체결,2026-06-25,20260625800691,010960
단일판매ㆍ공급계약체결,유가증권시장,현대로템,단일판매ㆍ공급계약체결,2026-06-25,20260625800570,064350
단일판매ㆍ공급계약체결,유가증권시장,대우건설,단일판매ㆍ공급계약체결,2026-06-25,20260625800507,047040
단일판매ㆍ공급계약체결,코스닥시장,에이치브이엠,단일판매ㆍ공급계약체결,2026-06-25,20260625900304,295310
단일판매ㆍ공급계약체결,코스닥시장,AP위성,단일판매ㆍ공급계약체결,2026-06-25,20260625900237,211270
단일판매ㆍ공급계약체결,코스닥시장,파인텍,단일판매ㆍ공급계약체결,2026-06-25,20260625900181,131760
단일판매ㆍ공급계약체결,코스닥시장,동성화인텍,단일판매ㆍ공급계약체결,2026-06-25,20260625900143,033500
단일판매ㆍ공급계약체결,코스닥시장,서호전기,단일판매ㆍ공급계약체결,2026-06-24,20260624900828,065710
단일판매ㆍ공급계약체결,코스닥시장,씨메스로보틱스,단일판매ㆍ공급계약체결,2026-06-24,20260624900397,475400
단일판매ㆍ공급계약체결,유가증권시장,텔코웨어,단일판매ㆍ공급계약체결,2026-06-23,20260623800574,078000
단일판매ㆍ공급계약체결,코스닥시장,채비,단일판매ㆍ공급계약체결,2026-06-23,20260623900572,0011T0
단일판매ㆍ공급계약체결,유가증권시장,효성중공업,단일판매ㆍ공급계약체결,2026-06-23,20260623800549,298040
단일판매ㆍ공급계약체결,유가증권시장,태영건설,단일판매ㆍ공급계약체결,2026-06-23,20260623800546,009410
단일판매ㆍ공급계약체결,유가증권시장,SK바이오사이언스,단일판매ㆍ공급계약체결,2026-06-23,20260623800501,302440
단일판매ㆍ공급계약체결,코스닥시장,인베니아,단일판매ㆍ공급계약체결,2026-06-23,20260623900281,079950
단일판매ㆍ공급계약체결,코스닥시장,브이엠,단일판매ㆍ공급계약체결,2026-06-23,20260623900188,089970
단일판매ㆍ공급계약체결,유가증권시장,차AI헬스케어,단일판매ㆍ공급계약체결,2026-06-22,20260622800884,025620
단일판매ㆍ공급계약체결,유가증권시장,산일전기,단일판매ㆍ공급계약체결,2026-06-22,20260622800670,062040
단일판매ㆍ공급계약체결,코스닥시장,원일티엔아이,단일판매ㆍ공급계약체결,2026-06-22,20260622900311,136150
단일판매ㆍ공급계약체결,유가증권시장,진흥기업,단일판매ㆍ공급계약체결,2026-06-19,20260619800907,002780
단일판매ㆍ공급계약체결,코스닥시장,에이치브이엠,단일판매ㆍ공급계약체결,2026-06-19,20260619900580,295310
단일판매ㆍ공급계약체결,코스닥시장,마음AI,단일판매ㆍ공급계약체결,2026-06-19,20260619900525,377480
단일판매ㆍ공급계약체결,코스닥시장,나라스페이스테크놀로지,단일판매ㆍ공급계약체결,2026-06-19,20260619900494,478340
단일판매ㆍ공급계약체결,유가증권시장,팬오션,단일판매ㆍ공급계약체결,2026-06-19,20260619800474,028670
단일판매ㆍ공급계약체결,유가증권시장,현대로템,단일판매ㆍ공급계약체결,2026-06-19,20260619800001,064350
단일판매ㆍ공급계약체결,유가증권시장,HD현대마린엔진,단일판매ㆍ공급계약체결,2026-06-18,20260618800546,071970
단일판매ㆍ공급계약체결,코스닥시장,아이크래프트,단일판매ㆍ공급계약체결,2026-06-18,20260618900461,052460
단일판매ㆍ공급계약체결,코스닥시장,한성크린텍,단일판매ㆍ공급계약체결,2026-06-17,20260617900488,066980
단일판매ㆍ공급계약체결,유가증권시장,우진,단일판매ㆍ공급계약체결,2026-06-17,20260617800388,105840
단일판매ㆍ공급계약체결,유가증권시장,코오롱글로벌,단일판매ㆍ공급계약체결,2026-06-17,20260617800109,003070
단일판매ㆍ공급계약체결,유가증권시장,디아이,단일판매ㆍ공급계약체결,2026-06-17,20260617800094,003160
단일판매ㆍ공급계약체결,유가증권시장,대한전선,단일판매ㆍ공급계약체결,2026-06-17,20260617800062,001440
단일판매ㆍ공급계약체결,코스닥시장,에스프리즘,단일판매ㆍ공급계약체결,2026-06-16,20260616900494,288620
단일판매ㆍ공급계약체결,코스닥시장,에스오에스랩,단일판매ㆍ공급계약체결,2026-06-16,20260616900395,464080
단일판매ㆍ공급계약체결,코스닥시장,에이스토리,단일판매ㆍ공급계약체결,2026-06-16,20260616900384,241840
단일판매ㆍ공급계약체결,유가증권시장,동양,단일판매ㆍ공급계약체결,2026-06-16,20260616800284,001520
단일판매ㆍ공급계약체결,코스닥시장,유바이오로직스,단일판매ㆍ공급계약체결,2026-06-16,20260616900207,206650
단일판매ㆍ공급계약체결,코스닥시장,제너셈,단일판매ㆍ공급계약체결,2026-06-15,20260615900756,217190
단일판매ㆍ공급계약체결,코스닥시장,야스,단일판매ㆍ공급계약체결,2026-06-15,20260615900675,255440
단일판매ㆍ공급계약체결,코스닥시장,기가비스,단일판매ㆍ공급계약체결,2026-06-15,20260615900536,420770
단일판매ㆍ공급계약체결,코스닥시장,아이빔테크놀로지,단일판매ㆍ공급계약체결,2026-06-15,20260615900440,460470
단일판매ㆍ공급계약체결,유가증권시장,금호건설,단일판매ㆍ공급계약체결,2026-06-15,20260615800420,002990
단일판매ㆍ공급계약체결,코스닥시장,아이씨디,단일판매ㆍ공급계약체결,2026-06-15,20260615900381,040910
단일판매ㆍ공급계약체결,유가증권시장,에스원,단일판매ㆍ공급계약체결,2026-06-15,20260615800352,012750
단일판매ㆍ공급계약체결,코스닥시장,네이블,단일판매ㆍ공급계약체결,2026-06-15,20260615900301,153460
단일판매ㆍ공급계약체결,코스닥시장,스피어,단일판매ㆍ공급계약체결,2026-06-15,20260615900219,347700
단일판매ㆍ공급계약체결,코스닥시장,씨메스로보틱스,단일판매ㆍ공급계약체결,2026-06-15,20260615900184,475400
단일판매ㆍ공급계약체결,코스닥시장,이노메트리,단일판매ㆍ공급계약체결,2026-06-12,20260612901084,302430
단일판매ㆍ공급계약체결,유가증권시장,한화오션,단일판매ㆍ공급계약체결,2026-06-12,20260612801030,042660
단일판매ㆍ공급계약체결,코스닥시장,KCC건설,단일판매ㆍ공급계약체결,2026-06-12,20260612900603,021320
단일판매ㆍ공급계약체결,코스닥시장,우양에이치씨,단일판매ㆍ공급계약체결,2026-06-12,20260612900559,101970
단일판매ㆍ공급계약체결,코스닥시장,유니테스트,단일판매ㆍ공급계약체결,2026-06-12,20260612900492,086390
단일판매ㆍ공급계약체결,유가증권시장,HD현대마린엔진,단일판매ㆍ공급계약체결,2026-06-12,20260612800170,071970
단일판매ㆍ공급계약체결,유가증권시장,IPARK현대산업개발,단일판매ㆍ공급계약체결,2026-06-11,20260611800770,294870
단일판매ㆍ공급계약체결,유가증권시장,포스코인터내셔널,단일판매ㆍ공급계약체결,2026-06-11,20260611800255,047050
단일판매ㆍ공급계약체결,유가증권시장,DKME,단일판매ㆍ공급계약체결,2026-06-11,20260611800236,015590
단일판매ㆍ공급계약체결,코스닥시장,가온칩스,단일판매ㆍ공급계약체결,2026-06-11,20260611900165,399720
단일판매ㆍ공급계약체결,코스닥시장,스피어,단일판매ㆍ공급계약체결,2026-06-10,20260610901022,347700
단일판매ㆍ공급계약체결,코스닥시장,시선AI,단일판매ㆍ공급계약체결,2026-06-10,20260610900913,340810
단일판매ㆍ공급계약체결,코스닥시장,키이스트,단일판매ㆍ공급계약체결,2026-06-10,20260610900825,054780
단일판매ㆍ공급계약체결,코스닥시장,뉴로핏,단일판매ㆍ공급계약체결,2026-06-10,20260610900366,380550
단일판매ㆍ공급계약체결,코스닥시장,프레스티지바이오로직스,단일판매ㆍ공급계약체결,2026-06-10,20260610900230,334970
단일판매ㆍ공급계약체결,코스닥시장,유디엠텍,단일판매ㆍ공급계약체결,2026-06-10,20260610900166,389680
단일판매ㆍ공급계약체결,코스닥시장,지엔씨에너지,단일판매ㆍ공급계약체결,2026-06-10,20260610900164,119850
단일판매ㆍ공급계약체결,유가증권시장,디아이,단일판매ㆍ공급계약체결,2026-06-10,20260610800150,003160
단일판매ㆍ공급계약체결,코스닥시장,원일티엔아이,단일판매ㆍ공급계약체결,2026-06-10,20260610900130,136150
단일판매ㆍ공급계약체결,코스닥시장,중앙첨단소재,단일판매ㆍ공급계약체결,2026-06-09,20260609900839,051980
단일판매ㆍ공급계약체결,코스닥시장,라이콤,단일판매ㆍ공급계약체결,2026-06-09,20260609900521,388790
단일판매ㆍ공급계약체결,코스닥시장,하나기술,단일판매ㆍ공급계약체결,2026-06-09,20260609900451,299030
단일판매ㆍ공급계약체결,코스닥시장,씨이랩,단일판매ㆍ공급계약체결,2026-06-09,20260609900423,189330
단일판매ㆍ공급계약체결,코스닥시장,지앤비에스 에코,단일판매ㆍ공급계약체결,2026-06-09,20260609900322,382800
단일판매ㆍ공급계약체결,유가증권시장,자이에스앤디,단일판매ㆍ공급계약체결,2026-06-09,20260609800185,317400
단일판매ㆍ공급계약체결,유가증권시장,MDS스피어,단일판매ㆍ공급계약체결,2026-06-08,20260608801027,009810
단일판매ㆍ공급계약체결,유가증권시장,삼성중공업,단일판매ㆍ공급계약체결,2026-06-08,20260608800714,010140
단일판매ㆍ공급계약체결,코스닥시장,디지캡,단일판매ㆍ공급계약체결,2026-06-08,20260608900583,197140
단일판매ㆍ공급계약체결,코스닥시장,RF시스템즈,단일판매ㆍ공급계약체결,2026-06-08,20260608900572,474610
단일판매ㆍ공급계약체결,코스닥시장,스피어,단일판매ㆍ공급계약체결,2026-06-08,20260608900509,347700
단일판매ㆍ공급계약체결,코스닥시장,태성,단일판매ㆍ공급계약체결,2026-06-08,20260608900497,323280
단일판매ㆍ공급계약체결,코스닥시장,아이비젼웍스,단일판매ㆍ공급계약체결,2026-06-08,20260608900462,469750
단일판매ㆍ공급계약체결,유가증권시장,한미반도체,단일판매ㆍ공급계약체결,2026-06-08,20260608800436,042700
단일판매ㆍ공급계약체결,코스닥시장,동원개발,단일판매ㆍ공급계약체결,2026-06-08,20260608900414,013120
단일판매ㆍ공급계약체결,코스닥시장,에이텍모빌리티,단일판매ㆍ공급계약체결,2026-06-08,20260608900257,224110
단일판매ㆍ공급계약체결,유가증권시장,대한전선,단일판매ㆍ공급계약체결,2026-06-08,20260608800136,001440
단일판매ㆍ공급계약체결,유가증권시장,태영건설,단일판매ㆍ공급계약체결,2026-06-05,20260605800695,009410
단일판매ㆍ공급계약체결,코스닥시장,아리바이오홀딩스,단일판매ㆍ공급계약체결,2026-06-05,20260605900618,290690
단일판매ㆍ공급계약체결,코스닥시장,베노티앤알,단일판매ㆍ공급계약체결,2026-06-05,20260605900419,206400
단일판매ㆍ공급계약체결,유가증권시장,DL이앤씨,단일판매ㆍ공급계약체결,2026-06-05,20260605800388,375500
단일판매ㆍ공급계약체결,코스닥시장,카티스,단일판매ㆍ공급계약체결,2026-06-05,20260605900108,140430
단일판매ㆍ공급계약체결,코스닥시장,기가비스,단일판매ㆍ공급계약체결,2026-06-04,20260604900614,420770
단일판매ㆍ공급계약체결,코스닥시장,RFHIC,단일판매ㆍ공급계약체결,2026-06-04,20260604900601,218410
단일판매ㆍ공급계약체결,유가증권시장,STX그린로지스,단일판매ㆍ공급계약체결,2026-06-04,20260604800530,465770
단일판매ㆍ공급계약체결,코스닥시장,엑시콘,단일판매ㆍ공급계약체결,2026-06-04,20260604900245,092870
단일판매ㆍ공급계약체결,코스닥시장,동국S&C,단일판매ㆍ공급계약체결,2026-06-04,20260604900216,100130
단일판매ㆍ공급계약체결,코스닥시장,티로보틱스,단일판매ㆍ공급계약체결,2026-06-04,20260604900202,117730
단일판매ㆍ공급계약체결,코스닥시장,예스티,단일판매ㆍ공급계약체결,2026-06-04,20260604900170,122640
단일판매ㆍ공급계약체결,코스닥시장,라이콤,단일판매ㆍ공급계약체결,2026-06-04,20260604900159,388790
단일판매ㆍ공급계약체결,코스닥시장,플라즈맵,단일판매ㆍ공급계약체결,2026-06-04,20260604900134,405000
단일판매ㆍ공급계약체결,코스닥시장,태성,단일판매ㆍ공급계약체결,2026-06-02,20260602900572,323280
단일판매ㆍ공급계약체결,코스닥시장,인스웨이브,단일판매ㆍ공급계약체결,2026-06-02,20260602900291,450520
단일판매ㆍ공급계약체결,코스닥시장,나인테크,단일판매ㆍ공급계약체결,2026-06-02,20260602900275,267320
단일판매ㆍ공급계약체결,유가증권시장,삼성중공업,단일판매ㆍ공급계약체결,2026-06-02,20260602800254,010140
단일판매ㆍ공급계약체결,코스닥시장,예스티,단일판매ㆍ공급계약체결,2026-06-01,20260601900517,122640
단일판매ㆍ공급계약체결,코스닥시장,이노뎁,단일판매ㆍ공급계약체결,2026-06-01,20260601900448,303530
단일판매ㆍ공급계약체결,코스닥시장,와이씨,단일판매ㆍ공급계약체결,2026-06-01,20260601900410,232140
단일판매ㆍ공급계약체결,유가증권시장,HD현대중공업,단일판매ㆍ공급계약체결,2026-06-01,20260601800384,329180
단일판매ㆍ공급계약체결,코스닥시장,이노메트리,단일판매ㆍ공급계약체결,2026-06-01,20260601900291,302430
단일판매ㆍ공급계약체결,코스닥시장,비에이치아이,단일판매ㆍ공급계약체결,2026-06-01,20260601900279,083650
단일판매ㆍ공급계약체결,유가증권시장,대한조선,단일판매ㆍ공급계약체결,2026-06-01,20260601800013,439260
단일판매ㆍ공급계약체결,유가증권시장,동부건설,단일판매ㆍ공급계약체결,2026-05-29,20260529800687,005960
단일판매ㆍ공급계약체결,유가증권시장,금호건설,단일판매ㆍ공급계약체결,2026-05-29,20260529800636,002990
단일판매ㆍ공급계약체결,유가증권시장,HD현대마린엔진,단일판매ㆍ공급계약체결,2026-05-29,20260529800510,071970
단일판매ㆍ공급계약체결,코스닥시장,파두,단일판매ㆍ공급계약체결,2026-05-29,20260529900216,440110
단일판매ㆍ공급계약체결,유가증권시장,대우건설,단일판매ㆍ공급계약체결,2026-05-29,20260529800181,047040
단일판매ㆍ공급계약체결,유가증권시장,한화오션,단일판매ㆍ공급계약체결,2026-05-29,20260529800152,042660
단일판매ㆍ공급계약체결,유가증권시장,DL이앤씨,단일판매ㆍ공급계약체결,2026-05-28,20260528800997,375500
단일판매ㆍ공급계약체결,코스닥시장,나라스페이스테크놀로지,단일판매ㆍ공급계약체결,2026-05-28,20260528900761,478340
단일판매ㆍ공급계약체결,코스닥시장,아리바이오홀딩스,단일판매ㆍ공급계약체결,2026-05-28,20260528900579,290690
단일판매ㆍ공급계약체결,코스닥시장,카티스,단일판매ㆍ공급계약체결,2026-05-28,20260528900534,140430
단일판매ㆍ공급계약체결,코스닥시장,에이스토리,단일판매ㆍ공급계약체결,2026-05-28,20260528900437,241840
단일판매ㆍ공급계약체결,코스닥시장,네오셈,단일판매ㆍ공급계약체결,2026-05-28,20260528900396,253590
단일판매ㆍ공급계약체결,유가증권시장,HD현대마린엔진,단일판매ㆍ공급계약체결,2026-05-28,20260528800393,071970
단일판매ㆍ공급계약체결,코스닥시장,자연과환경,단일판매ㆍ공급계약체결,2026-05-28,20260528900231,043910
단일판매ㆍ공급계약체결,코스닥시장,파두,단일판매ㆍ공급계약체결,2026-05-28,20260528900230,440110
단일판매ㆍ공급계약체결,코스닥시장,디바이스,단일판매ㆍ공급계약체결,2026-05-27,20260527900259,187870
단일판매ㆍ공급계약체결,코스닥시장,레이저쎌,단일판매ㆍ공급계약체결,2026-05-27,20260527900199,412350
단일판매ㆍ공급계약체결,유가증권시장,삼성중공업,단일판매ㆍ공급계약체결,2026-05-27,20260527800191,010140
단일판매ㆍ공급계약체결,코스닥시장,에코아이,단일판매ㆍ공급계약체결,2026-05-27,20260527900179,448280
단일판매ㆍ공급계약체결,코스닥시장,네오셈,단일판매ㆍ공급계약체결,2026-05-27,20260527900129,253590
단일판매ㆍ공급계약체결,유가증권시장,파미셀,단일판매ㆍ공급계약체결,2026-05-27,20260527800119,005690
단일판매ㆍ공급계약체결,코스닥시장,웨이버스,단일판매ㆍ공급계약체결,2026-05-27,20260527900104,336060
단일판매ㆍ공급계약체결,코스닥시장,한양이엔지,단일판매ㆍ공급계약체결,2026-05-26,20260526900736,045100
단일판매ㆍ공급계약체결,코스닥시장,야스,단일판매ㆍ공급계약체결,2026-05-26,20260526900418,255440
단일판매ㆍ공급계약체결,코스닥시장,쎄노텍,단일판매ㆍ공급계약체결,2026-05-26,20260526900290,222420
단일판매ㆍ공급계약체결,코스닥시장,센서뷰,단일판매ㆍ공급계약체결,2026-05-26,20260526900269,321370
단일판매ㆍ공급계약체결,코스닥시장,서한,단일판매ㆍ공급계약체결,2026-05-26,20260526900248,011370
단일판매ㆍ공급계약체결,코스닥시장,한국정보공학,단일판매ㆍ공급계약체결,2026-05-26,20260526900238,039740
단일판매ㆍ공급계약체결,코스닥시장,아이빔테크놀로지,단일판매ㆍ공급계약체결,2026-05-26,20260526900207,460470
단일판매ㆍ공급계약체결,코스닥시장,선익시스템,단일판매ㆍ공급계약체결,2026-05-26,20260526900130,171090
단일판매ㆍ공급계약체결,유가증권시장,DL이앤씨,단일판매ㆍ공급계약체결,2026-05-22,20260522800452,375500
단일판매ㆍ공급계약체결,유가증권시장,대우건설,단일판매ㆍ공급계약체결,2026-05-22,20260522800424,047040
단일판매ㆍ공급계약체결,유가증권시장,코오롱글로벌,단일판매ㆍ공급계약체결,2026-05-22,20260522800384,003070
단일판매ㆍ공급계약체결,코스닥시장,크레오에스지,단일판매ㆍ공급계약체결,2026-05-22,20260522900344,040350
단일판매ㆍ공급계약체결,코스닥시장,파두,단일판매ㆍ공급계약체결,2026-05-22,20260522900209,440110
단일판매ㆍ공급계약체결,코스닥시장,제이엔케이글로벌,단일판매ㆍ공급계약체결,2026-05-21,20260521900962,126880
단일판매ㆍ공급계약체결,유가증권시장,한국카본,단일판매ㆍ공급계약체결,2026-05-21,20260521800082,017960
단일판매ㆍ공급계약체결,코스닥시장,액스비스,단일판매ㆍ공급계약체결,2026-05-20,20260520900760,0011A0
단일판매ㆍ공급계약체결,유가증권시장,HJ중공업,단일판매ㆍ공급계약체결,2026-05-20,20260520800639,097230
단일판매ㆍ공급계약체결,코스닥시장,세미파이브,단일판매ㆍ공급계약체결,2026-05-20,20260520900367,490470
단일판매ㆍ공급계약체결,코스닥시장,피엠티,단일판매ㆍ공급계약체결,2026-05-20,20260520900338,147760
단일판매ㆍ공급계약체결,코스닥시장,큐렉소,단일판매ㆍ공급계약체결,2026-05-20,20260520900257,060280
단일판매ㆍ공급계약체결,유가증권시장,삼성전기,단일판매ㆍ공급계약체결,2026-05-20,20260520800239,009150
단일판매ㆍ공급계약체결,코스닥시장,베노티앤알,단일판매ㆍ공급계약체결,2026-05-20,20260520900186,206400
단일판매ㆍ공급계약체결,유가증권시장,유한양행,단일판매ㆍ공급계약체결,2026-05-20,20260520800079,000100
단일판매ㆍ공급계약체결,코스닥시장,푸른로보틱스,단일판매ㆍ공급계약체결,2026-05-19,20260519900720,094940
단일판매ㆍ공급계약체결,코스닥시장,제이티,단일판매ㆍ공급계약체결,2026-05-19,20260519900588,089790
단일판매ㆍ공급계약체결,코스닥시장,에스비비테크,단일판매ㆍ공급계약체결,2026-05-19,20260519900397,389500
단일판매ㆍ공급계약체결,코스닥시장,비아트론,단일판매ㆍ공급계약체결,2026-05-19,20260519900258,141000
단일판매ㆍ공급계약체결,코스닥시장,태성,단일판매ㆍ공급계약체결,2026-05-19,20260519900252,323280
단일판매ㆍ공급계약체결,코스닥시장,아우토크립트,단일판매ㆍ공급계약체결,2026-05-18,20260518900783,331740
단일판매ㆍ공급계약체결,코스닥시장,넥사다이내믹스,단일판매ㆍ공급계약체결,2026-05-18,20260518900663,351320
단일판매ㆍ공급계약체결,코스닥시장,서진시스템,단일판매ㆍ공급계약체결,2026-05-18,20260518900352,178320
단일판매ㆍ공급계약체결,코스닥시장,엠오티,단일판매ㆍ공급계약체결,2026-05-18,20260518900351,413390
단일판매ㆍ공급계약체결,코스닥시장,우리기술,단일판매ㆍ공급계약체결,2026-05-18,20260518900299,032820
단일판매ㆍ공급계약체결,유가증권시장,삼성중공업,단일판매ㆍ공급계약체결,2026-05-18,20260518800216,010140
단일판매ㆍ공급계약체결,유가증권시장,진흥기업,단일판매ㆍ공급계약체결,2026-05-18,20260518800213,002780
단일판매ㆍ공급계약체결,유가증권시장,노루페인트,단일판매ㆍ공급계약체결,2026-05-15,20260515801519,090350
단일판매ㆍ공급계약체결,코스닥시장,쿼드메디슨,단일판매ㆍ공급계약체결,2026-05-15,20260515901130,464490
단일판매ㆍ공급계약체결,코스닥시장,탑머티리얼,단일판매ㆍ공급계약체결,2026-05-15,20260515900800,360070
단일판매ㆍ공급계약체결,유가증권시장,코오롱글로벌,단일판매ㆍ공급계약체결,2026-05-15,20260515800349,003070
단일판매ㆍ공급계약체결,유가증권시장,KBI동양철관,단일판매ㆍ공급계약체결,2026-05-15,20260515800319,008970
단일판매ㆍ공급계약체결,코스닥시장,프레스티지바이오로직스,단일판매ㆍ공급계약체결,2026-05-15,20260515900280,334970
단일판매ㆍ공급계약체결,코스닥시장,엘케이켐,단일판매ㆍ공급계약체결,2026-05-14,20260514901528,489500
단일판매ㆍ공급계약체결,코스닥시장,에스프리즘,단일판매ㆍ공급계약체결,2026-05-14,20260514901194,288620
단일판매ㆍ공급계약체결,유가증권시장,HD현대중공업,단일판매ㆍ공급계약체결,2026-05-14,20260514800315,329180
단일판매ㆍ공급계약체결,유가증권시장,삼성중공업,단일판매ㆍ공급계약체결,2026-05-14,20260514800296,010140
단일판매ㆍ공급계약체결,코스닥시장,필에너지,단일판매ㆍ공급계약체결,2026-05-13,20260513900876,378340
단일판매ㆍ공급계약체결,코스닥시장,윤성에프앤씨,단일판매ㆍ공급계약체결,2026-05-13,20260513900851,372170
단일판매ㆍ공급계약체결,코스닥시장,제이에스링크,단일판매ㆍ공급계약체결,2026-05-13,20260513900735,127120
단일판매ㆍ공급계약체결,코스닥시장,쎄노텍,단일판매ㆍ공급계약체결,2026-05-13,20260513900607,222420
단일판매ㆍ공급계약체결,유가증권시장,한화엔진,단일판매ㆍ공급계약체결,2026-05-13,20260513800550,082740
단일판매ㆍ공급계약체결,코스닥시장,그린생명과학,단일판매ㆍ공급계약체결,2026-05-13,20260513900542,114450
단일판매ㆍ공급계약체결,코스닥시장,쎄크,단일판매ㆍ공급계약체결,2026-05-13,20260513900169,081180
단일판매ㆍ공급계약체결,코스닥시장,한국정밀기계,단일판매ㆍ공급계약체결,2026-05-12,20260512900448,101680
단일판매ㆍ공급계약체결,코스닥시장,우원개발,단일판매ㆍ공급계약체결,2026-05-12,20260512900292,046940
단일판매ㆍ공급계약체결,유가증권시장,일진전기,단일판매ㆍ공급계약체결,2026-05-12,20260512800198,103590
단일판매ㆍ공급계약체결,코스닥시장,유니테스트,단일판매ㆍ공급계약체결,2026-05-12,20260512900186,086390
단일판매ㆍ공급계약체결,코스닥시장,하이비젼시스템,단일판매ㆍ공급계약체결,2026-05-11,20260511900955,126700
단일판매ㆍ공급계약체결,코스닥시장,씨메스로보틱스,단일판매ㆍ공급계약체결,2026-05-11,20260511900360,475400
단일판매ㆍ공급계약체결,유가증권시장,아이에스동서,단일판매ㆍ공급계약체결,2026-05-11,20260511800284,010780
단일판매ㆍ공급계약체결,유가증권시장,한화오션,단일판매ㆍ공급계약체결,2026-05-11,20260511800175,042660
단일판매ㆍ공급계약체결,코스닥시장,다원넥스뷰,단일판매ㆍ공급계약체결,2026-05-08,20260508900370,323350
단일판매ㆍ공급계약체결,코스닥시장,자연과환경,단일판매ㆍ공급계약체결,2026-05-08,20260508900203,043910
단일판매ㆍ공급계약체결,유가증권시장,HD현대중공업,단일판매ㆍ공급계약체결,2026-05-08,20260508800180,329180
단일판매ㆍ공급계약체결,유가증권시장,파미셀,단일판매ㆍ공급계약체결,2026-05-08,20260508800087,005690
단일판매ㆍ공급계약체결,코스닥시장,금양그린파워,단일판매ㆍ공급계약체결,2026-05-07,20260507900342,282720
단일판매ㆍ공급계약체결,유가증권시장,HD현대일렉트릭,단일판매ㆍ공급계약체결,2026-05-07,20260507800238,267260
단일판매ㆍ공급계약체결,코스닥시장,씨메스로보틱스,단일판매ㆍ공급계약체결,2026-05-07,20260507900146,475400
단일판매ㆍ공급계약체결,유가증권시장,에쓰씨엔지니어링,단일판매ㆍ공급계약체결,2026-05-07,20260507800124,023960
단일판매ㆍ공급계약체결,코스닥시장,노타,단일판매ㆍ공급계약체결,2026-05-06,20260506900892,486990
단일판매ㆍ공급계약체결,유가증권시장,진흥기업,단일판매ㆍ공급계약체결,2026-05-06,20260506800865,002780
단일판매ㆍ공급계약체결,코스닥시장,스피어,단일판매ㆍ공급계약체결,2026-05-06,20260506900474,347700
단일판매ㆍ공급계약체결,코스닥시장,에코아이,단일판매ㆍ공급계약체결,2026-05-06,20260506900437,448280
단일판매ㆍ공급계약체결,유가증권시장,유한양행,단일판매ㆍ공급계약체결,2026-05-06,20260506800401,000100
단일판매ㆍ공급계약체결,코스닥시장,우원개발,단일판매ㆍ공급계약체결,2026-05-06,20260506900336,046940
단일판매ㆍ공급계약체결,코스닥시장,엑시콘,단일판매ㆍ공급계약체결,2026-05-06,20260506900318,092870
단일판매ㆍ공급계약체결,코스닥시장,파두,단일판매ㆍ공급계약체결,2026-05-06,20260506900280,440110
단일판매ㆍ공급계약체결,코스닥시장,네오셈,단일판매ㆍ공급계약체결,2026-05-06,20260506900239,253590
단일판매ㆍ공급계약체결,유가증권시장,씨케이솔루션,단일판매ㆍ공급계약체결,2026-05-06,20260506800218,480370
단일판매ㆍ공급계약체결,유가증권시장,팬오션,단일판매ㆍ공급계약체결,2026-05-04,20260504800581,028670
단일판매ㆍ공급계약체결,코스닥시장,위세아이텍,단일판매ㆍ공급계약체결,2026-05-04,20260504900423,065370
단일판매ㆍ공급계약체결,유가증권시장,유니퀘스트,단일판매ㆍ공급계약체결,2026-05-04,20260504800400,077500
단일판매ㆍ공급계약체결,유가증권시장,HD현대중공업,단일판매ㆍ공급계약체결,2026-05-04,20260504800297,329180
단일판매ㆍ공급계약체결,유가증권시장,삼성중공업,단일판매ㆍ공급계약체결,2026-05-04,20260504800254,010140
단일판매ㆍ공급계약체결,유가증권시장,한화오션,단일판매ㆍ공급계약체결,2026-05-04,20260504800235,042660
단일판매ㆍ공급계약체결,코스닥시장,AP위성,단일판매ㆍ공급계약체결,2026-05-04,20260504900202,211270
단일판매ㆍ공급계약체결,코스닥시장,PS일렉트로닉스,단일판매ㆍ공급계약체결,2026-04-30,20260430901787,332570
단일판매ㆍ공급계약체결,유가증권시장,KSS해운,단일판매ㆍ공급계약체결,2026-04-30,20260430800893,044450
단일판매ㆍ공급계약체결,유가증권시장,동부건설,단일판매ㆍ공급계약체결,2026-04-30,20260430800717,005960
단일판매ㆍ공급계약체결,유가증권시장,산일전기,단일판매ㆍ공급계약체결,2026-04-30,20260430800407,062040
단일판매ㆍ공급계약체결,코스닥시장,제닉스로보틱스,단일판매ㆍ공급계약체결,2026-04-30,20260430900228,381620
단일판매ㆍ공급계약체결,코스닥시장,범한퓨얼셀,단일판매ㆍ공급계약체결,2026-04-30,20260430900121,382900
단일판매ㆍ공급계약체결,코스닥시장,스튜디오미르,단일판매ㆍ공급계약체결,2026-04-29,20260429900893,408900
단일판매ㆍ공급계약체결,유가증권시장,두산퓨얼셀,단일판매ㆍ공급계약체결,2026-04-29,20260429800701,336260
단일판매ㆍ공급계약체결,유가증권시장,HD현대마린엔진,단일판매ㆍ공급계약체결,2026-04-29,20260429800330,071970
단일판매ㆍ공급계약체결,유가증권시장,진흥기업,단일판매ㆍ공급계약체결,2026-04-28,20260428800799,002780
단일판매ㆍ공급계약체결,유가증권시장,대우건설,단일판매ㆍ공급계약체결,2026-04-28,20260428800476,047040
단일판매ㆍ공급계약체결,코스닥시장,와이랩,단일판매ㆍ공급계약체결,2026-04-28,20260428900423,432430
단일판매ㆍ공급계약체결,유가증권시장,한신공영,단일판매ㆍ공급계약체결,2026-04-28,20260428800288,004960
단일판매ㆍ공급계약체결,코스닥시장,KCC건설,단일판매ㆍ공급계약체결,2026-04-28,20260428900221,021320
단일판매ㆍ공급계약체결,유가증권시장,코오롱글로벌,단일판매ㆍ공급계약체결,2026-04-28,20260428800143,003070
단일판매ㆍ공급계약체결,유가증권시장,삼호개발,단일판매ㆍ공급계약체결,2026-04-28,20260428800140,010960
단일판매ㆍ공급계약체결,유가증권시장,동부건설,단일판매ㆍ공급계약체결,2026-04-28,20260428800105,005960
단일판매ㆍ공급계약체결,코스닥시장,서진시스템,단일판매ㆍ공급계약체결,2026-04-28,20260428900099,178320
단일판매ㆍ공급계약체결,유가증권시장,참엔지니어링,단일판매ㆍ공급계약체결,2026-04-27,20260427800852,009310
단일판매ㆍ공급계약체결,코스닥시장,피아이이,단일판매ㆍ공급계약체결,2026-04-27,20260427900678,452450
단일판매ㆍ공급계약체결,코스닥시장,엔시스,단일판매ㆍ공급계약체결,2026-04-27,20260427900421,333620
단일판매ㆍ공급계약체결,코스닥시장,대명에너지,단일판매ㆍ공급계약체결,2026-04-27,20260427900260,389260
단일판매ㆍ공급계약체결,유가증권시장,HJ중공업,단일판매ㆍ공급계약체결,2026-04-27,20260427800078,097230
단일판매ㆍ공급계약체결,코스닥시장,레이저쎌,단일판매ㆍ공급계약체결,2026-04-24,20260424901001,412350
단일판매ㆍ공급계약체결,코스닥시장,기가비스,단일판매ㆍ공급계약체결,2026-04-24,20260424900333,420770
단일판매ㆍ공급계약체결,코스닥시장,에스아이리소스,단일판매ㆍ공급계약체결,2026-04-24,20260424900209,065420
단일판매ㆍ공급계약체결,코스닥시장,대명에너지,단일판매ㆍ공급계약체결,2026-04-24,20260424900124,389260
단일판매ㆍ공급계약체결,코스닥시장,DGI,단일판매ㆍ공급계약체결,2026-04-23,20260423900802,099520
단일판매ㆍ공급계약체결,코스닥시장,아티스트컴퍼니,단일판매ㆍ공급계약체결,2026-04-23,20260423900696,321820
단일판매ㆍ공급계약체결,유가증권시장,현대로템,단일판매ㆍ공급계약체결,2026-04-23,20260423800664,064350
단일판매ㆍ공급계약체결,코스닥시장,큐라티스,단일판매ㆍ공급계약체결,2026-04-23,20260423900634,348080
단일판매ㆍ공급계약체결,코스닥시장,나노실리칸첨단소재,단일판매ㆍ공급계약체결,2026-04-23,20260423900507,286750
단일판매ㆍ공급계약체결,유가증권시장,SUN&L,단일판매ㆍ공급계약체결,2026-04-23,20260423800175,002820
단일판매ㆍ공급계약체결,유가증권시장,엠앤씨솔루션,단일판매ㆍ공급계약체결,2026-04-23,20260423800089,484870
단일판매ㆍ공급계약체결,코스닥시장,이노스페이스,단일판매ㆍ공급계약체결,2026-04-22,20260422900377,462350
단일판매ㆍ공급계약체결,코스닥시장,엠오티,단일판매ㆍ공급계약체결,2026-04-22,20260422900308,413390
단일판매ㆍ공급계약체결,코스닥시장,그린광학,단일판매ㆍ공급계약체결,2026-04-22,20260422900263,0015G0
단일판매ㆍ공급계약체결,유가증권시장,HD현대중공업,단일판매ㆍ공급계약체결,2026-04-22,20260422800175,329180
단일판매ㆍ공급계약체결,코스닥시장,아이에스티이,단일판매ㆍ공급계약체결,2026-04-22,20260422900155,212710
단일판매ㆍ공급계약체결,코스닥시장,아이씨디,단일판매ㆍ공급계약체결,2026-04-22,20260422900148,040910
단일판매ㆍ공급계약체결,유가증권시장,HJ중공업,단일판매ㆍ공급계약체결,2026-04-22,20260422800059,097230
단일판매ㆍ공급계약체결,유가증권시장,남광토건,단일판매ㆍ공급계약체결,2026-04-22,20260422800040,001260
단일판매ㆍ공급계약체결,유가증권시장,아시아나IDT,단일판매ㆍ공급계약체결,2026-04-21,20260421800678,267850
단일판매ㆍ공급계약체결,유가증권시장,LIG디펜스앤에어로스페이스,단일판매ㆍ공급계약체결,2026-04-21,20260421800653,079550
단일판매ㆍ공급계약체결,유가증권시장,지엠비코리아,단일판매ㆍ공급계약체결,2026-04-21,20260421800146,013870
단일판매ㆍ공급계약체결,코스닥시장,이엔셀,단일판매ㆍ공급계약체결,2026-04-20,20260420900680,456070
단일판매ㆍ공급계약체결,코스닥시장,야스,단일판매ㆍ공급계약체결,2026-04-20,20260420900659,255440
단일판매ㆍ공급계약체결,코스닥시장,케이엔에스,단일판매ㆍ공급계약체결,2026-04-20,20260420900453,432470
단일판매ㆍ공급계약체결,코스닥시장,퀄리타스반도체,단일판매ㆍ공급계약체결,2026-04-20,20260420900415,432720
단일판매ㆍ공급계약체결,코스닥시장,코세스,단일판매ㆍ공급계약체결,2026-04-20,20260420900317,089890
단일판매ㆍ공급계약체결,코스닥시장,비아트론,단일판매ㆍ공급계약체결,2026-04-20,20260420900199,141000
단일판매ㆍ공급계약체결,코스닥시장,대명에너지,단일판매ㆍ공급계약체결,2026-04-17,20260417900244,389260
단일판매ㆍ공급계약체결,유가증권시장,HD현대중공업,단일판매ㆍ공급계약체결,2026-04-17,20260417800177,329180
단일판매ㆍ공급계약체결,유가증권시장,DL이앤씨,단일판매ㆍ공급계약체결,2026-04-17,20260417800065,375500
단일판매ㆍ공급계약체결,코스닥시장,링크드,단일판매ㆍ공급계약체결,2026-04-16,20260416900444,193250
단일판매ㆍ공급계약체결,코스닥시장,엔알비,단일판매ㆍ공급계약체결,2026-04-16,20260416900393,475230
단일판매ㆍ공급계약체결,유가증권시장,대우건설,단일판매ㆍ공급계약체결,2026-04-16,20260416800364,047040
단일판매ㆍ공급계약체결,유가증권시장,한전기술,단일판매ㆍ공급계약체결,2026-04-16,20260416800301,052690
단일판매ㆍ공급계약체결,코스닥시장,대명에너지,단일판매ㆍ공급계약체결,2026-04-16,20260416900247,389260
단일판매ㆍ공급계약체결,유가증권시장,자이에스앤디,단일판매ㆍ공급계약체결,2026-04-16,20260416800132,317400
단일판매ㆍ공급계약체결,코스닥시장,디앤디파마텍,단일판매ㆍ공급계약체결,2026-04-16,20260416900081,347850
단일판매ㆍ공급계약체결,유가증권시장,대한조선,단일판매ㆍ공급계약체결,2026-04-16,20260416800003,439260
단일판매ㆍ공급계약체결,코스닥시장,제너셈,단일판매ㆍ공급계약체결,2026-04-15,20260415900875,217190
단일판매ㆍ공급계약체결,유가증권시장,HD현대마린엔진,단일판매ㆍ공급계약체결,2026-04-15,20260415800047,071970
단일판매ㆍ공급계약체결,코스닥시장,에이디테크놀로지,단일판매ㆍ공급계약체결,2026-04-15,20260415900007,200710
단일판매ㆍ공급계약체결,코스닥시장,테크윙,단일판매ㆍ공급계약체결,2026-04-14,20260414900549,089030
단일판매ㆍ공급계약체결,코스닥시장,KCC건설,단일판매ㆍ공급계약체결,2026-04-14,20260414900446,021320
단일판매ㆍ공급계약체결,유가증권시장,한국주강,단일판매ㆍ공급계약체결,2026-04-14,20260414800333,025890
단일판매ㆍ공급계약체결,유가증권시장,유니켐,단일판매ㆍ공급계약체결,2026-04-13,20260413800486,011330
단일판매ㆍ공급계약체결,코스닥시장,나라스페이스테크놀로지,단일판매ㆍ공급계약체결,2026-04-13,20260413900369,478340
단일판매ㆍ공급계약체결,코스닥시장,에스아이리소스,단일판매ㆍ공급계약체결,2026-04-13,20260413900364,065420
단일판매ㆍ공급계약체결,코스닥시장,와이씨,단일판매ㆍ공급계약체결,2026-04-13,20260413900196,232140
단일판매ㆍ공급계약체결,코스닥시장,에스티아이,단일판매ㆍ공급계약체결,2026-04-13,20260413900172,039440
단일판매ㆍ공급계약체결,코스닥시장,씨앤지하이테크,단일판매ㆍ공급계약체결,2026-04-13,20260413900125,264660
단일판매ㆍ공급계약체결,코스닥시장,파두,단일판매ㆍ공급계약체결,2026-04-13,20260413900118,440110
단일판매ㆍ공급계약체결,유가증권시장,아센디오,단일판매ㆍ공급계약체결,2026-04-13,20260413800107,012170
단일판매ㆍ공급계약체결,유가증권시장,HD현대마린엔진,단일판매ㆍ공급계약체결,2026-04-13,20260413800060,071970
단일판매ㆍ공급계약체결,코스닥시장,RF머트리얼즈,단일판매ㆍ공급계약체결,2026-04-10,20260410900491,327260
단일판매ㆍ공급계약체결,코스닥시장,나라스페이스테크놀로지,단일판매ㆍ공급계약체결,2026-04-10,20260410900481,478340
단일판매ㆍ공급계약체결,유가증권시장,HJ중공업,단일판매ㆍ공급계약체결,2026-04-10,20260410800253,097230
단일판매ㆍ공급계약체결,코스닥시장,쓰리에이로직스,단일판매ㆍ공급계약체결,2026-04-10,20260410900207,177900
단일판매ㆍ공급계약체결,유가증권시장,자이에스앤디,단일판매ㆍ공급계약체결,2026-04-10,20260410800139,317400
단일판매ㆍ공급계약체결,유가증권시장,한화에어로스페이스,단일판매ㆍ공급계약체결,2026-04-10,20260410800003,012450
단일판매ㆍ공급계약체결,유가증권시장,한신공영,단일판매ㆍ공급계약체결,2026-04-09,20260409800997,004960
단일판매ㆍ공급계약체결,코스닥시장,워트,단일판매ㆍ공급계약체결,2026-04-09,20260409900837,396470
단일판매ㆍ공급계약체결,코스닥시장,다보링크,단일판매ㆍ공급계약체결,2026-04-09,20260409900741,340360
단일판매ㆍ공급계약체결,코스닥시장,머큐리,단일판매ㆍ공급계약체결,2026-04-09,20260409900726,100590
단일판매ㆍ공급계약체결,유가증권시장,동아지질,단일판매ㆍ공급계약체결,2026-04-09,20260409800475,028100
단일판매ㆍ공급계약체결,유가증권시장,한화오션,단일판매ㆍ공급계약체결,2026-04-09,20260409800345,042660
단일판매ㆍ공급계약체결,코스닥시장,큐라티스,단일판매ㆍ공급계약체결,2026-04-08,20260408901360,348080
단일판매ㆍ공급계약체결,코스닥시장,동성화인텍,단일판매ㆍ공급계약체결,2026-04-08,20260408901137,033500
단일판매ㆍ공급계약체결,코스닥시장,코츠테크놀로지,단일판매ㆍ공급계약체결,2026-04-08,20260408900891,448710
단일판매ㆍ공급계약체결,코스닥시장,KCC건설,단일판매ㆍ공급계약체결,2026-04-08,20260408900887,021320
단일판매ㆍ공급계약체결,코스닥시장,제이오,단일판매ㆍ공급계약체결,2026-04-08,20260408900869,418550
단일판매ㆍ공급계약체결,코스닥시장,피노,단일판매ㆍ공급계약체결,2026-04-08,20260408900802,033790
단일판매ㆍ공급계약체결,유가증권시장,엠앤씨솔루션,단일판매ㆍ공급계약체결,2026-04-08,20260408800772,484870
단일판매ㆍ공급계약체결,코스닥시장,케이씨에스,단일판매ㆍ공급계약체결,2026-04-08,20260408900265,115500
단일판매ㆍ공급계약체결,코스닥시장,사피엔반도체,단일판매ㆍ공급계약체결,2026-04-07,20260407900568,452430
단일판매ㆍ공급계약체결,유가증권시장,HS화성,단일판매ㆍ공급계약체결,2026-04-07,20260407800367,002460
단일판매ㆍ공급계약체결,코스닥시장,데이타솔루션,단일판매ㆍ공급계약체결,2026-04-06,20260406900708,263800
단일판매ㆍ공급계약체결,코스닥시장,탑머티리얼,단일판매ㆍ공급계약체결,2026-04-06,20260406900519,360070
단일판매ㆍ공급계약체결,코스닥시장,시큐레터,단일판매ㆍ공급계약체결,2026-04-03,20260403901458,418250
단일판매ㆍ공급계약체결,유가증권시장,대우건설,단일판매ㆍ공급계약체결,2026-04-03,20260403800798,047040
단일판매ㆍ공급계약체결,코스닥시장,알파칩스,단일판매ㆍ공급계약체결,2026-04-03,20260403900787,117670
단일판매ㆍ공급계약체결,코스닥시장,에스트래픽,단일판매ㆍ공급계약체결,2026-04-03,20260403900671,234300
단일판매ㆍ공급계약체결,유가증권시장,HD현대중공업,단일판매ㆍ공급계약체결,2026-04-03,20260403800571,329180
단일판매ㆍ공급계약체결,유가증권시장,삼호개발,단일판매ㆍ공급계약체결,2026-04-03,20260403800491,010960
단일판매ㆍ공급계약체결,유가증권시장,HS화성,단일판매ㆍ공급계약체결,2026-04-02,20260402800820,002460
단일판매ㆍ공급계약체결,코스닥시장,KCC건설,단일판매ㆍ공급계약체결,2026-04-02,20260402900815,021320
단일판매ㆍ공급계약체결,유가증권시장,한화에어로스페이스,단일판매ㆍ공급계약체결,2026-04-01,20260401801472,012450
단일판매ㆍ공급계약체결,코스닥시장,파라텍,단일판매ㆍ공급계약체결,2026-04-01,20260401901450,033540
단일판매ㆍ공급계약체결,유가증권시장,남광토건,단일판매ㆍ공급계약체결,2026-04-01,20260401801018,001260
단일판매ㆍ공급계약체결,코스닥시장,퀄리타스반도체,단일판매ㆍ공급계약체결,2026-04-01,20260401900721,432720
단일판매ㆍ공급계약체결,코스닥시장,아이빔테크놀로지,단일판매ㆍ공급계약체결,2026-04-01,20260401900611,460470
단일판매ㆍ공급계약체결,코스닥시장,서울옥션,단일판매ㆍ공급계약체결,2026-04-01,20260401900588,063170
단일판매ㆍ공급계약체결,유가증권시장,LG씨엔에스,단일판매ㆍ공급계약체결,2026-04-01,20260401800516,064400
단일판매ㆍ공급계약체결,코스닥시장,오픈엣지테크놀로지,단일판매ㆍ공급계약체결,2026-04-01,20260401900381,394280
단일판매ㆍ공급계약체결,유가증권시장,삼성중공업,단일판매ㆍ공급계약체결,2026-04-01,20260401800243,010140
단일판매ㆍ공급계약체결,유가증권시장,텔코웨어,단일판매ㆍ공급계약체결,2026-03-31,20260331802567,078000
단일판매ㆍ공급계약체결,코스닥시장,솔디펜스,단일판매ㆍ공급계약체결,2026-03-31,20260331902050,215090
단일판매ㆍ공급계약체결,유가증권시장,HD현대에너지솔루션,단일판매ㆍ공급계약체결,2026-03-31,20260331801669,322000
단일판매ㆍ공급계약체결,코스닥시장,아이빔테크놀로지,단일판매ㆍ공급계약체결,2026-03-31,20260331900518,460470
단일판매ㆍ공급계약체결,코스닥시장,센서뷰,단일판매ㆍ공급계약체결,2026-03-31,20260331900399,321370
단일판매ㆍ공급계약체결,코스닥시장,삼미금속,단일판매ㆍ공급계약체결,2026-03-31,20260331900284,012210
단일판매ㆍ공급계약체결,코스닥시장,플라즈맵,단일판매ㆍ공급계약체결,2026-03-31,20260331900156,405000
단일판매ㆍ공급계약체결,유가증권시장,대한조선,단일판매ㆍ공급계약체결,2026-03-31,20260331800063,439260
단일판매ㆍ공급계약체결,유가증권시장,태영건설,단일판매ㆍ공급계약체결,2026-03-30,20260330802114,009410
단일판매ㆍ공급계약체결,유가증권시장,한화엔진,단일판매ㆍ공급계약체결,2026-03-30,20260330801097,082740
단일판매ㆍ공급계약체결,코스닥시장,에코프로에이치엔,단일판매ㆍ공급계약체결,2026-03-30,20260330901093,383310
단일판매ㆍ공급계약체결,코스닥시장,씨엔알리서치,단일판매ㆍ공급계약체결,2026-03-30,20260330900545,359090
단일판매ㆍ공급계약체결,유가증권시장,금호건설,단일판매ㆍ공급계약체결,2026-03-30,20260330800114,002990
단일판매ㆍ공급계약체결,코스닥시장,RFHIC,단일판매ㆍ공급계약체결,2026-03-27,20260327902001,218410
단일판매ㆍ공급계약체결,유가증권시장,한국종합기술,단일판매ㆍ공급계약체결,2026-03-27,20260327801491,023350
단일판매ㆍ공급계약체결,코스닥시장,동원개발,단일판매ㆍ공급계약체결,2026-03-27,20260327901308,013120
단일판매ㆍ공급계약체결,코스닥시장,자연과환경,단일판매ㆍ공급계약체결,2026-03-27,20260327900881,043910
단일판매ㆍ공급계약체결,코스닥시장,선익시스템,단일판매ㆍ공급계약체결,2026-03-27,20260327900456,171090
단일판매ㆍ공급계약체결,코스닥시장,워트,단일판매ㆍ공급계약체결,2026-03-27,20260327900424,396470
단일판매ㆍ공급계약체결,유가증권시장,HD현대마린엔진,단일판매ㆍ공급계약체결,2026-03-27,20260327800130,071970
단일판매ㆍ공급계약체결,유가증권시장,금호건설,단일판매ㆍ공급계약체결,2026-03-27,20260327800061,002990
단일판매ㆍ공급계약체결,코스닥시장,워트,단일판매ㆍ공급계약체결,2026-03-26,20260326903063,396470
단일판매ㆍ공급계약체결,유가증권시장,갤럭시아에스엠,단일판매ㆍ공급계약체결,2026-03-26,20260326802257,011420
단일판매ㆍ공급계약체결,유가증권시장,미래아이앤지,단일판매ㆍ공급계약체결,2026-03-26,20260326801323,007120
단일판매ㆍ공급계약체결,유가증권시장,동부건설,단일판매ㆍ공급계약체결,2026-03-26,20260326800880,005960
단일판매ㆍ공급계약체결,코스닥시장,삼화네트웍스,단일판매ㆍ공급계약체결,2026-03-26,20260326900669,046390
단일판매ㆍ공급계약체결,코스닥시장,에스아이리소스,단일판매ㆍ공급계약체결,2026-03-26,20260326900625,065420
단일판매ㆍ공급계약체결,코스닥시장,위세아이텍,단일판매ㆍ공급계약체결,2026-03-26,20260326900300,065370
단일판매ㆍ공급계약체결,코스닥시장,M83,단일판매ㆍ공급계약체결,2026-03-26,20260326900208,476080
단일판매ㆍ공급계약체결,유가증권시장,삼성물산,단일판매ㆍ공급계약체결,2026-03-26,20260326800003,028260
단일판매ㆍ공급계약체결,코스닥시장,크레오에스지,단일판매ㆍ공급계약체결,2026-03-25,20260325901318,040350
단일판매ㆍ공급계약체결,코스닥시장,나노씨엠에스,단일판매ㆍ공급계약체결,2026-03-25,20260325901216,247660
단일판매ㆍ공급계약체결,코스닥시장,워트,단일판매ㆍ공급계약체결,2026-03-25,20260325901147,396470
단일판매ㆍ공급계약체결,코스닥시장,스피어,단일판매ㆍ공급계약체결,2026-03-25,20260325900589,347700
단일판매ㆍ공급계약체결,유가증권시장,동부건설,단일판매ㆍ공급계약체결,2026-03-25,20260325800466,005960
단일판매ㆍ공급계약체결,유가증권시장,우진,단일판매ㆍ공급계약체결,2026-03-25,20260325800420,105840
단일판매ㆍ공급계약체결,유가증권시장,STX엔진,단일판매ㆍ공급계약체결,2026-03-25,20260325800277,077970
단일판매ㆍ공급계약체결,유가증권시장,한화오션,단일판매ㆍ공급계약체결,2026-03-25,20260325800203,042660
단일판매ㆍ공급계약체결,유가증권시장,HD현대마린엔진,단일판매ㆍ공급계약체결,2026-03-25,20260325800151,071970
단일판매ㆍ공급계약체결,유가증권시장,대우건설,단일판매ㆍ공급계약체결,2026-03-25,20260325800110,047040
단일판매ㆍ공급계약체결,코스닥시장,브이엠,단일판매ㆍ공급계약체결,2026-03-24,20260324901398,089970
단일판매ㆍ공급계약체결,유가증권시장,SK가스,단일판매ㆍ공급계약체결,2026-03-24,20260324801309,018670
단일판매ㆍ공급계약체결,코스닥시장,이니텍,단일판매ㆍ공급계약체결,2026-03-24,20260324901278,053350
단일판매ㆍ공급계약체결,유가증권시장,삼일씨엔에스,단일판매ㆍ공급계약체결,2026-03-24,20260324800684,004440
단일판매ㆍ공급계약체결,코스닥시장,스마트레이더시스템,단일판매ㆍ공급계약체결,2026-03-24,20260324900417,424960
단일판매ㆍ공급계약체결,코스닥시장,노타,단일판매ㆍ공급계약체결,2026-03-24,20260324900315,486990
단일판매ㆍ공급계약체결,유가증권시장,엘앤에프,단일판매ㆍ공급계약체결,2026-03-24,20260324800257,066970
단일판매ㆍ공급계약체결,코스닥시장,E8,단일판매ㆍ공급계약체결,2026-03-23,20260323900320,418620
단일판매ㆍ공급계약체결,유가증권시장,삼성중공업,단일판매ㆍ공급계약체결,2026-03-23,20260323800137,010140
단일판매ㆍ공급계약체결,유가증권시장,SNT다이내믹스,단일판매ㆍ공급계약체결,2026-03-23,20260323800077,003570
단일판매ㆍ공급계약체결,유가증권시장,대한조선,단일판매ㆍ공급계약체결,2026-03-23,20260323800069,439260
단일판매ㆍ공급계약체결,유가증권시장,차AI헬스케어,단일판매ㆍ공급계약체결,2026-03-20,20260320800783,025620
단일판매ㆍ공급계약체결,유가증권시장,자이에스앤디,단일판매ㆍ공급계약체결,2026-03-20,20260320800574,317400
단일판매ㆍ공급계약체결,유가증권시장,삼성중공업,단일판매ㆍ공급계약체결,2026-03-20,20260320800106,010140
단일판매ㆍ공급계약체결,유가증권시장,두산퓨얼셀,단일판매ㆍ공급계약체결,2026-03-19,20260319801648,336260
단일판매ㆍ공급계약체결,유가증권시장,선도전기,단일판매ㆍ공급계약체결,2026-03-19,20260319800230,007610
단일판매ㆍ공급계약체결,코스닥시장,센서뷰,단일판매ㆍ공급계약체결,2026-03-19,20260319900138,321370
단일판매ㆍ공급계약체결,코스닥시장,힘스,단일판매ㆍ공급계약체결,2026-03-18,20260318900618,238490
단일판매ㆍ공급계약체결,코스닥시장,에프알텍,단일판매ㆍ공급계약체결,2026-03-18,20260318900291,073540
단일판매ㆍ공급계약체결,코스닥시장,퀄리타스반도체,단일판매ㆍ공급계약체결,2026-03-18,20260318900247,432720
단일판매ㆍ공급계약체결,코스닥시장,SGC E&C,단일판매ㆍ공급계약체결,2026-03-18,20260318900125,016250
단일판매ㆍ공급계약체결,코스닥시장,에이텍,단일판매ㆍ공급계약체결,2026-03-17,20260317901170,045660
단일판매ㆍ공급계약체결,코스닥시장,그린생명과학,단일판매ㆍ공급계약체결,2026-03-17,20260317901131,114450
단일판매ㆍ공급계약체결,코스닥시장,한라IMS,단일판매ㆍ공급계약체결,2026-03-17,20260317900903,092460
단일판매ㆍ공급계약체결,코스닥시장,서진시스템,단일판매ㆍ공급계약체결,2026-03-17,20260317900380,178320
단일판매ㆍ공급계약체결,유가증권시장,대한조선,단일판매ㆍ공급계약체결,2026-03-17,20260317800064,439260
단일판매ㆍ공급계약체결,유가증권시장,셀트리온,단일판매ㆍ공급계약체결,2026-03-17,20260317800019,068270
단일판매ㆍ공급계약체결,코스닥시장,레이저쎌,단일판매ㆍ공급계약체결,2026-03-16,20260316902793,412350
단일판매ㆍ공급계약체결,유가증권시장,엠앤씨솔루션,단일판매ㆍ공급계약체결,2026-03-16,20260316802355,484870
단일판매ㆍ공급계약체결,코스닥시장,에스티팜,단일판매ㆍ공급계약체결,2026-03-16,20260316901006,237690
단일판매ㆍ공급계약체결,유가증권시장,HDC랩스,단일판매ㆍ공급계약체결,2026-03-16,20260316800735,039570
단일판매ㆍ공급계약체결,코스닥시장,피노,단일판매ㆍ공급계약체결,2026-03-16,20260316900430,033790
단일판매ㆍ공급계약체결,코스닥시장,디아이티,단일판매ㆍ공급계약체결,2026-03-16,20260316900409,110990
단일판매ㆍ공급계약체결,유가증권시장,한국항공우주,단일판매ㆍ공급계약체결,2026-03-16,20260316800297,047810
단일판매ㆍ공급계약체결,코스닥시장,RF시스템즈,단일판매ㆍ공급계약체결,2026-03-16,20260316900270,474610
단일판매ㆍ공급계약체결,유가증권시장,HD현대중공업,단일판매ㆍ공급계약체결,2026-03-16,20260316800220,329180
단일판매ㆍ공급계약체결,유가증권시장,포스코퓨처엠,단일판매ㆍ공급계약체결,2026-03-16,20260316800091,003670
단일판매ㆍ공급계약체결,유가증권시장,엠앤씨솔루션,단일판매ㆍ공급계약체결,2026-03-13,20260313801877,484870
단일판매ㆍ공급계약체결,코스닥시장,판타지오,단일판매ㆍ공급계약체결,2026-03-13,20260313901606,032800
단일판매ㆍ공급계약체결,유가증권시장,한화엔진,단일판매ㆍ공급계약체결,2026-03-13,20260313801348,082740
단일판매ㆍ공급계약체결,코스닥시장,세미파이브,단일판매ㆍ공급계약체결,2026-03-13,20260313900540,490470
단일판매ㆍ공급계약체결,유가증권시장,HJ중공업,단일판매ㆍ공급계약체결,2026-03-13,20260313800208,097230
단일판매ㆍ공급계약체결,코스닥시장,파두,단일판매ㆍ공급계약체결,2026-03-13,20260313900181,440110
단일판매ㆍ공급계약체결,코스닥시장,테스,단일판매ㆍ공급계약체결,2026-03-13,20260313900104,095610
단일판매ㆍ공급계약체결,유가증권시장,삼성바이오로직스,단일판매ㆍ공급계약체결,2026-03-13,20260313800095,207940
단일판매ㆍ공급계약체결,유가증권시장,삼성물산,단일판매ㆍ공급계약체결,2026-03-12,20260312801732,028260
단일판매ㆍ공급계약체결,코스닥시장,덕신이피씨,단일판매ㆍ공급계약체결,2026-03-12,20260312901296,090410
단일판매ㆍ공급계약체결,코스닥시장,엔시스,단일판매ㆍ공급계약체결,2026-03-12,20260312900761,333620
단일판매ㆍ공급계약체결,유가증권시장,한국카본,단일판매ㆍ공급계약체결,2026-03-12,20260312800229,017960
단일판매ㆍ공급계약체결,코스닥시장,파두,단일판매ㆍ공급계약체결,2026-03-12,20260312900185,440110
단일판매ㆍ공급계약체결,유가증권시장,HD현대마린엔진,단일판매ㆍ공급계약체결,2026-03-12,20260312800070,071970
단일판매ㆍ공급계약체결,유가증권시장,효성중공업,단일판매ㆍ공급계약체결,2026-03-11,20260311802668,298040
단일판매ㆍ공급계약체결,코스닥시장,우원개발,단일판매ㆍ공급계약체결,2026-03-11,20260311900793,046940
단일판매ㆍ공급계약체결,코스닥시장,비에이치아이,단일판매ㆍ공급계약체결,2026-03-11,20260311900238,083650
단일판매ㆍ공급계약체결,코스닥시장,테라뷰,단일판매ㆍ공급계약체결,2026-03-10,20260310901555,950250
단일판매ㆍ공급계약체결,코스닥시장,티에스아이,단일판매ㆍ공급계약체결,2026-03-10,20260310900877,277880
단일판매ㆍ공급계약체결,유가증권시장,삼성중공업,단일판매ㆍ공급계약체결,2026-03-10,20260310800545,010140
단일판매ㆍ공급계약체결,코스닥시장,노타,단일판매ㆍ공급계약체결,2026-03-10,20260310900321,486990
단일판매ㆍ공급계약체결,코스닥시장,비츠로넥스텍,단일판매ㆍ공급계약체결,2026-03-10,20260310900294,488900
단일판매ㆍ공급계약체결,유가증권시장,선도전기,단일판매ㆍ공급계약체결,2026-03-10,20260310800257,007610
단일판매ㆍ공급계약체결,코스닥시장,크레오에스지,단일판매ㆍ공급계약체결,2026-03-09,20260309901166,040350
단일판매ㆍ공급계약체결,코스닥시장,앱클론,단일판매ㆍ공급계약체결,2026-03-09,20260309900407,174900
단일판매ㆍ공급계약체결,코스닥시장,스페코,단일판매ㆍ공급계약체결,2026-03-06,20260306901749,013810
단일판매ㆍ공급계약체결,코스닥시장,링크솔루션,단일판매ㆍ공급계약체결,2026-03-06,20260306900745,474650
단일판매ㆍ공급계약체결,유가증권시장,HJ중공업,단일판매ㆍ공급계약체결,2026-03-06,20260306800575,097230
단일판매ㆍ공급계약체결,코스닥시장,오브젠,단일판매ㆍ공급계약체결,2026-03-06,20260306900451,417860
단일판매ㆍ공급계약체결,코스닥시장,멤레이비티,단일판매ㆍ공급계약체결,2026-03-05,20260305901563,072770
단일판매ㆍ공급계약체결,유가증권시장,HD현대중공업,단일판매ㆍ공급계약체결,2026-03-05,20260305800836,329180
단일판매ㆍ공급계약체결,유가증권시장,HS화성,단일판매ㆍ공급계약체결,2026-03-05,20260305800807,002460
단일판매ㆍ공급계약체결,유가증권시장,남광토건,단일판매ㆍ공급계약체결,2026-03-05,20260305800163,001260
단일판매ㆍ공급계약체결,코스닥시장,엑시콘,단일판매ㆍ공급계약체결,2026-03-04,20260304901110,092870
단일판매ㆍ공급계약체결,유가증권시장,한국종합기술,단일판매ㆍ공급계약체결,2026-03-04,20260304800916,023350
단일판매ㆍ공급계약체결,코스닥시장,와이씨,단일판매ㆍ공급계약체결,2026-03-04,20260304900875,232140
단일판매ㆍ공급계약체결,코스닥시장,엔젯,단일판매ㆍ공급계약체결,2026-03-04,20260304900716,419080
단일판매ㆍ공급계약체결,코스닥시장,인텍플러스,단일판매ㆍ공급계약체결,2026-03-04,20260304900261,064290
단일판매ㆍ공급계약체결,코스닥시장,나라스페이스테크놀로지,단일판매ㆍ공급계약체결,2026-03-03,20260303900460,478340
단일판매ㆍ공급계약체결,코스닥시장,비트컴퓨터,단일판매ㆍ공급계약체결,2026-03-03,20260303900298,032850
단일판매ㆍ공급계약체결,코스닥시장,스맥,단일판매ㆍ공급계약체결,2026-03-03,20260303900210,099440
단일판매ㆍ공급계약체결,코스닥시장,기가비스,단일판매ㆍ공급계약체결,2026-03-03,20260303900146,420770
단일판매ㆍ공급계약체결,유가증권시장,DL이앤씨,단일판매ㆍ공급계약체결,2026-02-27,20260227802015,375500
단일판매ㆍ공급계약체결,유가증권시장,HJ중공업,단일판매ㆍ공급계약체결,2026-02-27,20260227801809,097230
단일판매ㆍ공급계약체결,유가증권시장,동부건설,단일판매ㆍ공급계약체결,2026-02-27,20260227801544,005960
단일판매ㆍ공급계약체결,코스닥시장,에이아이코리아,단일판매ㆍ공급계약체결,2026-02-27,20260227901032,364950
단일판매ㆍ공급계약체결,유가증권시장,현대리바트,단일판매ㆍ공급계약체결,2026-02-27,20260227801005,079430
단일판매ㆍ공급계약체결,코스닥시장,에코글로우,단일판매ㆍ공급계약체결,2026-02-27,20260227900765,159910
단일판매ㆍ공급계약체결,코스닥시장,마이크로투나노,단일판매ㆍ공급계약체결,2026-02-27,20260227900664,424980
단일판매ㆍ공급계약체결,코스닥시장,셀피글로벌,단일판매ㆍ공급계약체결,2026-02-27,20260227900615,068940
단일판매ㆍ공급계약체결,유가증권시장,한전기술,단일판매ㆍ공급계약체결,2026-02-27,20260227800550,052690
단일판매ㆍ공급계약체결,유가증권시장,HD현대중공업,단일판매ㆍ공급계약체결,2026-02-27,20260227800223,329180
단일판매ㆍ공급계약체결,코스닥시장,다원넥스뷰,단일판매ㆍ공급계약체결,2026-02-27,20260227900209,323350
단일판매ㆍ공급계약체결,코스닥시장,하이즈항공,단일판매ㆍ공급계약체결,2026-02-27,20260227900164,221840
단일판매ㆍ공급계약체결,유가증권시장,우진,단일판매ㆍ공급계약체결,2026-02-26,20260226800576,105840
단일판매ㆍ공급계약체결,유가증권시장,HD현대중공업,단일판매ㆍ공급계약체결,2026-02-26,20260226800192,329180
단일판매ㆍ공급계약체결,코스닥시장,우원개발,단일판매ㆍ공급계약체결,2026-02-26,20260226900104,046940
단일판매ㆍ공급계약체결,유가증권시장,HJ중공업,단일판매ㆍ공급계약체결,2026-02-26,20260226800053,097230
단일판매ㆍ공급계약체결,코스닥시장,비츠로시스,단일판매ㆍ공급계약체결,2026-02-26,20260226900002,054220
단일판매ㆍ공급계약체결,코스닥시장,티에스아이,단일판매ㆍ공급계약체결,2026-02-25,20260225900980,277880
단일판매ㆍ공급계약체결,코스닥시장,선익시스템,단일판매ㆍ공급계약체결,2026-02-25,20260225900560,171090
단일판매ㆍ공급계약체결,코스닥시장,저스템,단일판매ㆍ공급계약체결,2026-02-25,20260225900241,417840
단일판매ㆍ공급계약체결,코스닥시장,누리플랜,단일판매ㆍ공급계약체결,2026-02-25,20260225900092,069140
단일판매ㆍ공급계약체결,코스닥시장,아이씨디,단일판매ㆍ공급계약체결,2026-02-24,20260224901069,040910
단일판매ㆍ공급계약체결,코스닥시장,케이아이엔엑스,단일판매ㆍ공급계약체결,2026-02-24,20260224900971,093320
단일판매ㆍ공급계약체결,코스닥시장,아이빔테크놀로지,단일판매ㆍ공급계약체결,2026-02-24,20260224900404,460470
단일판매ㆍ공급계약체결,코스닥시장,브이엠,단일판매ㆍ공급계약체결,2026-02-24,20260224900214,089970
단일판매ㆍ공급계약체결,코스닥시장,토탈소프트,단일판매ㆍ공급계약체결,2026-02-23,20260223901133,045340
단일판매ㆍ공급계약체결,유가증권시장,남광토건,단일판매ㆍ공급계약체결,2026-02-23,20260223801016,001260
단일판매ㆍ공급계약체결,코스닥시장,하이즈항공,단일판매ㆍ공급계약체결,2026-02-23,20260223900110,221840
단일판매ㆍ공급계약체결,유가증권시장,삼성중공업,단일판매ㆍ공급계약체결,2026-02-20,20260220800213,010140
단일판매ㆍ공급계약체결,코스닥시장,아이에스티이,단일판매ㆍ공급계약체결,2026-02-20,20260220900160,212710
단일판매ㆍ공급계약체결,유가증권시장,씨케이솔루션,단일판매ㆍ공급계약체결,2026-02-20,20260220800068,480370
단일판매ㆍ공급계약체결,코스닥시장,에이프로,단일판매ㆍ공급계약체결,2026-02-19,20260219900986,262260
단일판매ㆍ공급계약체결,코스닥시장,스피어,단일판매ㆍ공급계약체결,2026-02-19,20260219900500,347700
단일판매ㆍ공급계약체결,코스닥시장,아바코,단일판매ㆍ공급계약체결,2026-02-19,20260219900327,083930
단일판매ㆍ공급계약체결,코스닥시장,RFHIC,단일판매ㆍ공급계약체결,2026-02-19,20260219900299,218410
단일판매ㆍ공급계약체결,유가증권시장,파미셀,단일판매ㆍ공급계약체결,2026-02-19,20260219800088,005690
단일판매ㆍ공급계약체결,코스닥시장,인바이오,단일판매ㆍ공급계약체결,2026-02-13,20260213902143,352940
단일판매ㆍ공급계약체결,코스닥시장,유신,단일판매ㆍ공급계약체결,2026-02-13,20260213902036,054930
단일판매ㆍ공급계약체결,유가증권시장,무림P&P,단일판매ㆍ공급계약체결,2026-02-13,20260213802008,009580
단일판매ㆍ공급계약체결,코스닥시장,엠엑스로보틱스,단일판매ㆍ공급계약체결,2026-02-12,20260212901336,007820
단일판매ㆍ공급계약체결,코스닥시장,엑시온그룹,단일판매ㆍ공급계약체결,2026-02-12,20260212901115,069920
단일판매ㆍ공급계약체결,유가증권시장,한화엔진,단일판매ㆍ공급계약체결,2026-02-12,20260212801056,082740
단일판매ㆍ공급계약체결,유가증권시장,효성중공업,단일판매ㆍ공급계약체결,2026-02-12,20260212801029,298040
단일판매ㆍ공급계약체결,유가증권시장,LG씨엔에스,단일판매ㆍ공급계약체결,2026-02-12,20260212800489,064400
단일판매ㆍ공급계약체결,코스닥시장,모비스,단일판매ㆍ공급계약체결,2026-02-12,20260212900439,250060
단일판매ㆍ공급계약체결,코스닥시장,쎄트렉아이,단일판매ㆍ공급계약체결,2026-02-12,20260212900347,099320
단일판매ㆍ공급계약체결,코스닥시장,파두,단일판매ㆍ공급계약체결,2026-02-12,20260212900310,440110
단일판매ㆍ공급계약체결,유가증권시장,씨에스윈드,단일판매ㆍ공급계약체결,2026-02-12,20260212800142,112610
단일판매ㆍ공급계약체결,유가증권시장,일진전기,단일판매ㆍ공급계약체결,2026-02-12,20260212800127,103590
단일판매ㆍ공급계약체결,코스닥시장,RFHIC,단일판매ㆍ공급계약체결,2026-02-11,20260211900977,218410
단일판매ㆍ공급계약체결,코스닥시장,이노메트리,단일판매ㆍ공급계약체결,2026-02-11,20260211900646,302430
단일판매ㆍ공급계약체결,유가증권시장,삼성중공업,단일판매ㆍ공급계약체결,2026-02-11,20260211800232,010140
단일판매ㆍ공급계약체결,유가증권시장,HJ중공업,단일판매ㆍ공급계약체결,2026-02-11,20260211800125,097230
단일판매ㆍ공급계약체결,코스닥시장,세중,단일판매ㆍ공급계약체결,2026-02-10,20260210901380,039310
단일판매ㆍ공급계약체결,유가증권시장,산일전기,단일판매ㆍ공급계약체결,2026-02-10,20260210801295,062040
단일판매ㆍ공급계약체결,코스닥시장,원일티엔아이,단일판매ㆍ공급계약체결,2026-02-10,20260210900749,136150
단일판매ㆍ공급계약체결,코스닥시장,대성하이텍,단일판매ㆍ공급계약체결,2026-02-10,20260210900541,129920
단일판매ㆍ공급계약체결,코스닥시장,제노코,단일판매ㆍ공급계약체결,2026-02-10,20260210900455,361390
단일판매ㆍ공급계약체결,유가증권시장,효성중공업,단일판매ㆍ공급계약체결,2026-02-10,20260210800044,298040
단일판매ㆍ공급계약체결,유가증권시장,S-Oil,단일판매ㆍ공급계약체결,2026-02-09,20260209801487,010950
단일판매ㆍ공급계약체결,코스닥시장,오비고,단일판매ㆍ공급계약체결,2026-02-09,20260209900934,352910
단일판매ㆍ공급계약체결,코스닥시장,씨앤지하이테크,단일판매ㆍ공급계약체결,2026-02-09,20260209900679,264660
단일판매ㆍ공급계약체결,코스닥시장,제이스로보틱스,단일판매ㆍ공급계약체결,2026-02-09,20260209900326,090470
단일판매ㆍ공급계약체결,유가증권시장,조비,단일판매ㆍ공급계약체결,2026-02-09,20260209800235,001550
단일판매ㆍ공급계약체결,코스닥시장,윈하이텍,단일판매ㆍ공급계약체결,2026-02-09,20260209900202,192390
단일판매ㆍ공급계약체결,유가증권시장,대한조선,단일판매ㆍ공급계약체결,2026-02-09,20260209800078,439260
단일판매ㆍ공급계약체결,유가증권시장,남해화학,단일판매ㆍ공급계약체결,2026-02-06,20260206802236,025860
단일판매ㆍ공급계약체결,코스닥시장,피노,단일판매ㆍ공급계약체결,2026-02-06,20260206901094,033790
단일판매ㆍ공급계약체결,코스닥시장,누보,단일판매ㆍ공급계약체결,2026-02-06,20260206900878,332290
단일판매ㆍ공급계약체결,유가증권시장,동방아그로,단일판매ㆍ공급계약체결,2026-02-06,20260206800849,007590
단일판매ㆍ공급계약체결,유가증권시장,경농,단일판매ㆍ공급계약체결,2026-02-06,20260206800673,002100
단일판매ㆍ공급계약체결,유가증권시장,한화오션,단일판매ㆍ공급계약체결,2026-02-06,20260206800258,042660
단일판매ㆍ공급계약체결,유가증권시장,한국항공우주,단일판매ㆍ공급계약체결,2026-02-06,20260206800170,047810
단일판매ㆍ공급계약체결,유가증권시장,대우건설,단일판매ㆍ공급계약체결,2026-02-06,20260206800121,047040
단일판매ㆍ공급계약체결,코스닥시장,디바이스,단일판매ㆍ공급계약체결,2026-02-05,20260205900385,187870
단일판매ㆍ공급계약체결,유가증권시장,IPARK현대산업개발,단일판매ㆍ공급계약체결,2026-02-05,20260205800384,294870
단일판매ㆍ공급계약체결,유가증권시장,지엠비코리아,단일판매ㆍ공급계약체결,2026-02-05,20260205800343,013870
단일판매ㆍ공급계약체결,코스닥시장,엠아이큐브솔루션,단일판매ㆍ공급계약체결,2026-02-05,20260205900300,373170
단일판매ㆍ공급계약체결,코스닥시장,파두,단일판매ㆍ공급계약체결,2026-02-05,20260205900151,440110
단일판매ㆍ공급계약체결,코스닥시장,선익시스템,단일판매ㆍ공급계약체결,2026-02-05,20260205900122,171090
단일판매ㆍ공급계약체결,유가증권시장,한신공영,단일판매ㆍ공급계약체결,2026-02-04,20260204800914,004960
단일판매ㆍ공급계약체결,코스닥시장,라온텍,단일판매ㆍ공급계약체결,2026-02-04,20260204900420,418420
단일판매ㆍ공급계약체결,유가증권시장,현대로템,단일판매ㆍ공급계약체결,2026-02-04,20260204800269,064350
단일판매ㆍ공급계약체결,유가증권시장,HD현대마린엔진,단일판매ㆍ공급계약체결,2026-02-04,20260204800106,071970
단일판매ㆍ공급계약체결,코스닥시장,영화테크,단일판매ㆍ공급계약체결,2026-02-03,20260203900963,265560
단일판매ㆍ공급계약체결,코스닥시장,솔디펜스,단일판매ㆍ공급계약체결,2026-02-03,20260203900959,215090
단일판매ㆍ공급계약체결,유가증권시장,진흥기업,단일판매ㆍ공급계약체결,2026-02-03,20260203800369,002780
단일판매ㆍ공급계약체결,유가증권시장,금호건설,단일판매ㆍ공급계약체결,2026-02-03,20260203800212,002990
단일판매ㆍ공급계약체결,코스닥시장,스코넥,단일판매ㆍ공급계약체결,2026-02-02,20260202900399,276040
단일판매ㆍ공급계약체결,코스닥시장,아크릴,단일판매ㆍ공급계약체결,2026-02-02,20260202900361,0007C0
단일판매ㆍ공급계약체결,유가증권시장,진흥기업,단일판매ㆍ공급계약체결,2026-02-02,20260202800226,002780
단일판매ㆍ공급계약체결,코스닥시장,노타,단일판매ㆍ공급계약체결,2026-02-02,20260202900150,486990
단일판매ㆍ공급계약체결,유가증권시장,한화에어로스페이스,단일판매ㆍ공급계약체결,2026-02-02,20260202800006,012450
단일판매ㆍ공급계약체결,유가증권시장,현대로템,단일판매ㆍ공급계약체결,2026-01-30,20260130801210,064350
단일판매ㆍ공급계약체결,코스닥시장,누리플렉스,단일판매ㆍ공급계약체결,2026-01-30,20260130900968,040160
단일판매ㆍ공급계약체결,코스닥시장,바이브컴퍼니,단일판매ㆍ공급계약체결,2026-01-30,20260130900469,301300
단일판매ㆍ공급계약체결,유가증권시장,KSS해운,단일판매ㆍ공급계약체결,2026-01-30,20260130800170,044450
단일판매ㆍ공급계약체결,코스닥시장,퀄리타스반도체,단일판매ㆍ공급계약체결,2026-01-29,20260129900829,432720
단일판매ㆍ공급계약체결,유가증권시장,대한조선,단일판매ㆍ공급계약체결,2026-01-29,20260129800084,439260
단일판매ㆍ공급계약체결,코스닥시장,나노씨엠에스,단일판매ㆍ공급계약체결,2026-01-28,20260128900685,247660
단일판매ㆍ공급계약체결,코스닥시장,나래나노텍,단일판매ㆍ공급계약체결,2026-01-28,20260128900438,137080
단일판매ㆍ공급계약체결,유가증권시장,HD건설기계,단일판매ㆍ공급계약체결,2026-01-28,20260128800424,267270
단일판매ㆍ공급계약체결,코스닥시장,일신바이오,단일판매ㆍ공급계약체결,2026-01-28,20260128900388,068330
단일판매ㆍ공급계약체결,유가증권시장,한국주강,단일판매ㆍ공급계약체결,2026-01-28,20260128800371,025890
단일판매ㆍ공급계약체결,유가증권시장,삼성중공업,단일판매ㆍ공급계약체결,2026-01-28,20260128800218,010140
단일판매ㆍ공급계약체결,유가증권시장,선도전기,단일판매ㆍ공급계약체결,2026-01-28,20260128800078,007610
단일판매ㆍ공급계약체결,코스닥시장,플래티어,단일판매ㆍ공급계약체결,2026-01-28,20260128900059,367000
단일판매ㆍ공급계약체결,코스닥시장,신원종합개발,단일판매ㆍ공급계약체결,2026-01-27,20260127900380,017000
단일판매ㆍ공급계약체결,코스닥시장,한텍,단일판매ㆍ공급계약체결,2026-01-27,20260127900139,098070
단일판매ㆍ공급계약체결,코스닥시장,케이씨에스,단일판매ㆍ공급계약체결,2026-01-26,20260126900331,115500
단일판매ㆍ공급계약체결,코스닥시장,디아이티,단일판매ㆍ공급계약체결,2026-01-26,20260126900290,110990
단일판매ㆍ공급계약체결,코스닥시장,에스티팜,단일판매ㆍ공급계약체결,2026-01-23,20260123900243,237690
단일판매ㆍ공급계약체결,코스닥시장,나라스페이스테크놀로지,단일판매ㆍ공급계약체결,2026-01-22,20260122900742,478340
단일판매ㆍ공급계약체결,코스닥시장,영우디에스피,단일판매ㆍ공급계약체결,2026-01-22,20260122900263,143540
단일판매ㆍ공급계약체결,코스닥시장,레이저쎌,단일판매ㆍ공급계약체결,2026-01-22,20260122900256,412350
단일판매ㆍ공급계약체결,코스닥시장,아이에스티이,단일판매ㆍ공급계약체결,2026-01-22,20260122900101,212710
단일판매ㆍ공급계약체결,유가증권시장,한화오션,단일판매ㆍ공급계약체결,2026-01-21,20260121800115,042660
단일판매ㆍ공급계약체결,유가증권시장,HD현대마린엔진,단일판매ㆍ공급계약체결,2026-01-21,20260121800089,071970
단일판매ㆍ공급계약체결,유가증권시장,IPARK현대산업개발,단일판매ㆍ공급계약체결,2026-01-20,20260120800763,294870
단일판매ㆍ공급계약체결,유가증권시장,HD현대중공업,단일판매ㆍ공급계약체결,2026-01-20,20260120800200,329180
단일판매ㆍ공급계약체결,유가증권시장,남광토건,단일판매ㆍ공급계약체결,2026-01-19,20260119800967,001260
단일판매ㆍ공급계약체결,코스닥시장,브이엠,단일판매ㆍ공급계약체결,2026-01-19,20260119900590,089970
단일판매ㆍ공급계약체결,코스닥시장,이노메트리,단일판매ㆍ공급계약체결,2026-01-19,20260119900439,302430
단일판매ㆍ공급계약체결,코스닥시장,유틸렉스,단일판매ㆍ공급계약체결,2026-01-16,20260116900894,263050
단일판매ㆍ공급계약체결,코스닥시장,비츠로넥스텍,단일판매ㆍ공급계약체결,2026-01-16,20260116900656,488900
단일판매ㆍ공급계약체결,코스닥시장,브이엠,단일판매ㆍ공급계약체결,2026-01-16,20260116900551,089970
단일판매ㆍ공급계약체결,코스닥시장,엔시스,단일판매ㆍ공급계약체결,2026-01-16,20260116900527,333620
단일판매ㆍ공급계약체결,코스닥시장,비츠로시스,단일판매ㆍ공급계약체결,2026-01-16,20260116900336,054220
단일판매ㆍ공급계약체결,유가증권시장,HJ중공업,단일판매ㆍ공급계약체결,2026-01-16,20260116800164,097230
단일판매ㆍ공급계약체결,유가증권시장,동부건설,단일판매ㆍ공급계약체결,2026-01-15,20260115800332,005960
단일판매ㆍ공급계약체결,유가증권시장,한화오션,단일판매ㆍ공급계약체결,2026-01-15,20260115800042,042660
단일판매ㆍ공급계약체결,유가증권시장,대한조선,단일판매ㆍ공급계약체결,2026-01-15,20260115800029,439260
단일판매ㆍ공급계약체결,코스닥시장,한국정밀기계,단일판매ㆍ공급계약체결,2026-01-14,20260114900198,101680
단일판매ㆍ공급계약체결,코스닥시장,컨텍,단일판매ㆍ공급계약체결,2026-01-14,20260114900175,451760
단일판매ㆍ공급계약체결,코스닥시장,크레오에스지,단일판매ㆍ공급계약체결,2026-01-14,20260114900075,040350
단일판매ㆍ공급계약체결,유가증권시장,한화엔진,단일판매ㆍ공급계약체결,2026-01-14,20260114800033,082740
단일판매ㆍ공급계약체결,유가증권시장,대한조선,단일판매ㆍ공급계약체결,2026-01-14,20260114800029,439260
단일판매ㆍ공급계약체결,코스닥시장,파두,단일판매ㆍ공급계약체결,2026-01-13,20260113900300,440110
단일판매ㆍ공급계약체결,코스닥시장,에이디테크놀로지,단일판매ㆍ공급계약체결,2026-01-13,20260113900255,200710
단일판매ㆍ공급계약체결,유가증권시장,지엠비코리아,단일판매ㆍ공급계약체결,2026-01-13,20260113800138,013870
단일판매ㆍ공급계약체결,코스닥시장,스피어,단일판매ㆍ공급계약체결,2026-01-12,20260112900567,347700
단일판매ㆍ공급계약체결,코스닥시장,일신바이오,단일판매ㆍ공급계약체결,2026-01-12,20260112900488,068330
단일판매ㆍ공급계약체결,코스닥시장,엠게임,단일판매ㆍ공급계약체결,2026-01-12,20260112900487,058630
단일판매ㆍ공급계약체결,코스닥시장,에이직랜드,단일판매ㆍ공급계약체결,2026-01-12,20260112900138,445090
단일판매ㆍ공급계약체결,코스닥시장,케이엔알시스템,단일판매ㆍ공급계약체결,2026-01-12,20260112900051,199430
단일판매ㆍ공급계약체결,유가증권시장,동아지질,단일판매ㆍ공급계약체결,2026-01-09,20260109800362,028100
단일판매ㆍ공급계약체결,코스닥시장,인스웨이브,단일판매ㆍ공급계약체결,2026-01-09,20260109900180,450520
단일판매ㆍ공급계약체결,유가증권시장,STX엔진,단일판매ㆍ공급계약체결,2026-01-09,20260109800149,077970
단일판매ㆍ공급계약체결,코스닥시장,에이치브이엠,단일판매ㆍ공급계약체결,2026-01-09,20260109900081,295310
단일판매ㆍ공급계약체결,코스닥시장,알톤,단일판매ㆍ공급계약체결,2026-01-09,20260109900075,123750
단일판매ㆍ공급계약체결,유가증권시장,HD현대마린엔진,단일판매ㆍ공급계약체결,2026-01-09,20260109800052,071970
단일판매ㆍ공급계약체결,코스닥시장,나래나노텍,단일판매ㆍ공급계약체결,2026-01-08,20260108900732,137080
단일판매ㆍ공급계약체결,코스닥시장,선익시스템,단일판매ㆍ공급계약체결,2026-01-08,20260108900152,171090
단일판매ㆍ공급계약체결,코스닥시장,에이직랜드,단일판매ㆍ공급계약체결,2026-01-08,20260108900093,445090
단일판매ㆍ공급계약체결,유가증권시장,HD현대마린엔진,단일판매ㆍ공급계약체결,2026-01-08,20260108800060,071970
단일판매ㆍ공급계약체결,코스닥시장,에코심플렉스,단일판매ㆍ공급계약체결,2026-01-07,20260107900547,038870
단일판매ㆍ공급계약체결,코스닥시장,엠오티,단일판매ㆍ공급계약체결,2026-01-07,20260107900342,413390
단일판매ㆍ공급계약체결,유가증권시장,HJ중공업,단일판매ㆍ공급계약체결,2026-01-07,20260107800221,097230
단일판매ㆍ공급계약체결,코스닥시장,피노,단일판매ㆍ공급계약체결,2026-01-06,20260106900678,033790
단일판매ㆍ공급계약체결,유가증권시장,LIG디펜스앤에어로스페이스,단일판매ㆍ공급계약체결,2026-01-06,20260106800434,079550
단일판매ㆍ공급계약체결,유가증권시장,IPARK현대산업개발,단일판매ㆍ공급계약체결,2026-01-06,20260106800390,294870
단일판매ㆍ공급계약체결,유가증권시장,HD현대중공업,단일판매ㆍ공급계약체결,2026-01-06,20260106800134,329180
단일판매ㆍ공급계약체결,유가증권시장,HD현대일렉트릭,단일판매ㆍ공급계약체결,2026-01-06,20260106800025,267260
단일판매ㆍ공급계약체결,유가증권시장,태영건설,단일판매ㆍ공급계약체결,2026-01-05,20260105800459,009410
단일판매ㆍ공급계약체결,유가증권시장,일진전기,단일판매ㆍ공급계약체결,2026-01-05,20260105800073,103590
단일판매ㆍ공급계약체결,유가증권시장,효성중공업,단일판매ㆍ공급계약체결,2026-01-02,20260102800499,298040
단일판매ㆍ공급계약체결,유가증권시장,금호건설,단일판매ㆍ공급계약체결,2026-01-02,20260102800385,002990
단일판매ㆍ공급계약체결,코스닥시장,삼영엠텍,단일판매ㆍ공급계약체결,2026-01-02,20260102900326,054540
단일판매ㆍ공급계약체결,코스닥시장,에스아이리소스,단일판매ㆍ공급계약체결,2026-01-02,20260102900307,065420
단일판매ㆍ공급계약체결,코스닥시장,HLB펩,단일판매ㆍ공급계약체결,2026-01-02,20260102900303,196300
단일판매ㆍ공급계약체결,코스닥시장,인베니아,단일판매ㆍ공급계약체결,2026-01-02,20260102900294,079950
단일판매ㆍ공급계약체결,코스닥시장,에이치브이엠,단일판매ㆍ공급계약체결,2026-01-02,20260102900287,295310
단일판매ㆍ공급계약체결,유가증권시장,삼성중공업,단일판매ㆍ공급계약체결,2026-01-02,20260102800222,010140
단일판매ㆍ공급계약체결,코스닥시장,디아이티,단일판매ㆍ공급계약체결,2026-01-02,20260102900175,110990
단일판매ㆍ공급계약체결,코스닥시장,비에이치아이,단일판매ㆍ공급계약체결,2026-01-02,20260102900172,083650
무상증자결정,코스닥시장,삼양엔씨켐,무상증자결정,2024-04-16,20240416000288,482630
주식소각결정,유가증권시장,콜마홀딩스,주식소각결정,2024-06-26,20240626800109,024720
주식소각결정,코스닥시장,메가스터디교육,주식소각결정,2024-06-24,20240624900115,215200
주식소각결정,코스닥시장,티쓰리,주식소각결정,2024-06-17,20240617900085,204610
주식소각결정,코스닥시장,도이치모터스,주식소각결정,2024-06-13,20240613900045,067990
주식소각결정,유가증권시장,백산,주식소각결정,2024-06-04,20240604800147,035150
주식소각결정,코스닥시장,페니트리움바이오,주식소각결정,2024-06-03,20240603900254,187660
주식소각결정,유가증권시장,SK,주식소각결정,2024-05-30,20240530800786,034730
주식소각결정,코스닥시장,시선AI,주식소각결정,2024-05-24,20240524900116,340810
주식소각결정,코스닥시장,이상네트웍스,주식소각결정,2024-05-23,20240523900205,080010
주식소각결정,코스닥시장,서부T&D,주식소각결정,2024-05-23,20240523900095,006730
주식소각결정,코스닥시장,PS일렉트로닉스,주식소각결정,2024-05-22,20240522900086,332570
주식소각결정,코스닥시장,아난티,주식소각결정,2024-05-16,20240516900150,025980
주식소각결정,코스닥시장,에프앤가이드,주식소각결정,2024-05-14,20240514900470,064850
주식소각결정,유가증권시장,두올,주식소각결정,2024-05-13,20240513800689,016740
주식소각결정,코스닥시장,티사이언티픽,주식소각결정,2024-05-13,20240513900570,057680
주식소각결정,유가증권시장,효성,주식소각결정,2024-05-10,20240510800558,004800
주식소각결정,코스닥시장,유비쿼스홀딩스,주식소각결정,2024-05-09,20240509900283,078070
주식소각결정,유가증권시장,제일연마,주식소각결정,2024-05-03,20240503800121,001560
주식소각결정,유가증권시장,기아,주식소각결정,2024-04-26,20240426800511,000270
주식소각결정,유가증권시장,신한지주,주식소각결정,2024-04-26,20240426800275,055550
주식소각결정,코스닥시장,센코,주식소각결정,2024-04-23,20240423900053,347000
주식소각결정,코스닥시장,한솔아이원스,주식소각결정,2024-04-18,20240418900377,114810
주식소각결정,유가증권시장,한미반도체,주식소각결정,2024-04-18,20240418800077,042700
주식소각결정,유가증권시장,셀트리온,주식소각결정,2024-04-17,20240417800195,068270
주식소각결정,코스닥시장,페니트리움바이오,주식소각결정,2024-04-16,20240416900264,187660
주식소각결정,코스닥시장,감성코퍼레이션,주식소각결정,2024-04-16,20240416900118,036620
주식소각결정,유가증권시장,한미사이언스,주식소각결정,2024-04-04,20240404800692,008930
주식소각결정,코스닥시장,지아이이노베이션,주식소각결정,2024-04-03,20240403900481,358570
주식소각결정,코스닥시장,LS증권,주식소각결정,2024-03-29,20240329901852,078020
주식소각결정,유가증권시장,SK스퀘어,주식소각결정,2024-03-28,20240328801468,402340
주식소각결정,코스닥시장,메가스터디교육,주식소각결정,2024-03-27,20240327900971,215200
주식소각결정,유가증권시장,부광약품,주식소각결정,2024-03-22,20240322801226,003000
주식소각결정,코스닥시장,에스앤디,주식소각결정,2024-03-22,20240322901068,260970
주식소각결정,유가증권시장,메리츠금융지주,주식소각결정,2024-03-22,20240322800780,138040
주식소각결정,유가증권시장,미스토홀딩스,주식소각결정,2024-03-20,20240320801177,081660
주식소각결정,코스닥시장,아바코,주식소각결정,2024-03-18,20240318900185,083930
주식소각결정,유가증권시장,메리츠금융지주,주식소각결정,2024-03-15,20240315800754,138040
주식소각결정,코스닥시장,윈스테크넷,주식소각결정,2024-03-15,20240315900400,136540
주식소각결정,코스닥시장,APS,주식소각결정,2024-03-14,20240314900274,054620
주식소각결정,유가증권시장,우리금융지주,주식소각결정,2024-03-13,20240313802564,316140
주식소각결정,유가증권시장,NH투자증권,주식소각결정,2024-03-12,20240312800012,005940
주식소각결정,코스닥시장,상신이디피,주식소각결정,2024-03-11,20240311900241,091580
주식소각결정,코스닥시장,토비스,주식소각결정,2024-03-11,20240311900128,051360
주식소각결정,코스닥시장,토박스코리아,주식소각결정,2024-03-11,20240311900096,215480
주식소각결정,코스닥시장,DSC인베스트먼트,주식소각결정,2024-03-06,20240306900670,241520
주식소각결정,코스닥시장,미래에셋벤처투자,주식소각결정,2024-03-06,20240306900589,100790
주식소각결정,유가증권시장,금호석유화학,주식소각결정,2024-03-06,20240306800577,011780
주식소각결정,유가증권시장,SK디스커버리,주식소각결정,2024-03-05,20240305800822,006120
주식소각결정,코스닥시장,인화정공,주식소각결정,2024-03-05,20240305900275,101930
주식소각결정,코스닥시장,디에스케이,주식소각결정,2024-03-05,20240305900231,109740
주식소각결정,유가증권시장,벽산,주식소각결정,2024-02-29,20240229800655,007210
주식소각결정,유가증권시장,아세아시멘트,주식소각결정,2024-02-28,20240228800745,183190
주식소각결정,유가증권시장,아세아,주식소각결정,2024-02-28,20240228800703,002030
주식소각결정,코스닥시장,스튜디오미르,주식소각결정,2024-02-28,20240228900327,408900
주식소각결정,코스닥시장,클래시스,주식소각결정,2024-02-27,20240227900253,214150
주식소각결정,유가증권시장,현대모비스,주식소각결정,2024-02-16,20240216800771,012330
주식소각결정,코스닥시장,코나아이,주식소각결정,2024-02-15,20240215901179,052400
주식소각결정,코스닥시장,디케이앤디,주식소각결정,2024-02-15,20240215900157,263020
주식소각결정,유가증권시장,풍산홀딩스,주식소각결정,2024-02-14,20240214801050,005810
주식소각결정,유가증권시장,NHN,주식소각결정,2024-02-13,20240213801246,181710
주식소각결정,유가증권시장,신한지주,주식소각결정,2024-02-08,20240208800474,055550
주식소각결정,유가증권시장,KB금융,주식소각결정,2024-02-07,20240207800775,105560
주식소각결정,코스닥시장,에스엠,주식소각결정,2024-02-07,20240207900631,041510
주식소각결정,유가증권시장,OCI홀딩스,주식소각결정,2024-02-07,20240207800532,010060
주식소각결정,유가증권시장,아이에스동서,주식소각결정,2024-02-07,20240207800495,010780
주식소각결정,유가증권시장,JB금융지주,주식소각결정,2024-02-06,20240206800295,175330
주식소각결정,유가증권시장,HD건설기계,주식소각결정,2024-02-06,20240206800179,267270
주식소각결정,유가증권시장,BNK금융지주,주식소각결정,2024-02-05,20240205801180,138930
주식소각결정,유가증권시장,SK이노베이션,주식소각결정,2024-02-05,20240205801173,096770
주식소각결정,유가증권시장,DL이앤씨,주식소각결정,2024-02-01,20240201800732,375500
주식소각결정,유가증권시장,삼성물산,주식소각결정,2024-01-31,20240131800769,028260
주식소각결정,유가증권시장,영화금속,주식소각결정,2024-01-31,20240131800722,012280
주식소각결정,유가증권시장,하나금융지주,주식소각결정,2024-01-31,20240131800433,086790
주식소각결정,코스닥시장,유니온바이오메트릭스,주식소각결정,2024-01-31,20240131900150,203450
주식소각결정,코스닥시장,GST,주식소각결정,2024-12-26,20241226900125,083450
주식소각결정,코스닥시장,나무가,주식소각결정,2024-12-20,20241220900117,190510
주식소각결정,유가증권시장,방림,주식소각결정,2024-12-16,20241216800545,003610
주식소각결정,유가증권시장,한솔홀딩스,주식소각결정,2024-12-13,20241213801461,004150
주식소각결정,유가증권시장,일신방직,주식소각결정,2024-12-13,20241213800969,003200
주식소각결정,코스닥시장,시큐브,주식소각결정,2024-12-13,20241213900966,131090
주식소각결정,유가증권시장,한국철강,주식소각결정,2024-12-13,20241213800171,104700
주식소각결정,유가증권시장,KISCO홀딩스,주식소각결정,2024-12-13,20241213800168,001940
주식소각결정,코스닥시장,헥토이노베이션,주식소각결정,2024-12-11,20241211900623,214180
주식소각결정,코스닥시장,파트론,주식소각결정,2024-12-11,20241211900474,091700
주식소각결정,코스닥시장,토비스,주식소각결정,2024-12-11,20241211900135,051360
주식소각결정,코스닥시장,나노신소재,주식소각결정,2024-12-09,20241209900436,121600
주식소각결정,코스닥시장,그래디언트,주식소각결정,2024-12-09,20241209900088,035080
주식소각결정,코스닥시장,도이치모터스,주식소각결정,2024-12-09,20241209900037,067990
주식소각결정,유가증권시장,셀트리온,주식소각결정,2024-12-04,20241204800037,068270
주식소각결정,코스닥시장,서부T&D,주식소각결정,2024-11-28,20241128900465,006730
주식소각결정,코스닥시장,디케이앤디,주식소각결정,2024-11-27,20241127900061,263020
주식소각결정,코스닥시장,파버나인,주식소각결정,2024-11-26,20241126900093,177830
주식소각결정,코스닥시장,KG에코솔루션,주식소각결정,2024-11-21,20241121900419,151860
주식소각결정,유가증권시장,SK스퀘어,주식소각결정,2024-11-21,20241121800292,402340
주식소각결정,유가증권시장,NICE평가정보,주식소각결정,2024-11-19,20241119800296,030190
주식소각결정,유가증권시장,NICE,주식소각결정,2024-11-18,20241118800068,034310
주식소각결정,유가증권시장,아세아,주식소각결정,2024-11-15,20241115800233,002030
주식소각결정,유가증권시장,아세아시멘트,주식소각결정,2024-11-15,20241115800230,183190
주식소각결정,유가증권시장,유니퀘스트,주식소각결정,2024-11-14,20241114800793,077500
주식소각결정,유가증권시장,에스디바이오센서,주식소각결정,2024-11-13,20241113800746,137310
주식소각결정,코스닥시장,노브랜드,주식소각결정,2024-11-13,20241113900441,145170
주식소각결정,코스닥시장,성광벤드,주식소각결정,2024-11-12,20241112900114,014620
주식소각결정,유가증권시장,HL홀딩스,주식소각결정,2024-11-11,20241111800675,060980
주식소각결정,유가증권시장,현대그린푸드,주식소각결정,2024-11-07,20241107800171,453340
주식소각결정,유가증권시장,한섬,주식소각결정,2024-11-07,20241107800163,020000
주식소각결정,유가증권시장,현대백화점,주식소각결정,2024-11-07,20241107800123,069960
주식소각결정,코스닥시장,와이솔,주식소각결정,2024-11-05,20241105900264,122990
주식소각결정,코스닥시장,윈스테크넷,주식소각결정,2024-11-04,20241104900526,136540
주식소각결정,코스닥시장,레뷰코퍼레이션,주식소각결정,2024-10-31,20241031900138,443250
주식소각결정,코스닥시장,하이록코리아,주식소각결정,2024-10-31,20241031900137,013030
주식소각결정,유가증권시장,하나금융지주,주식소각결정,2024-10-29,20241029800218,086790
주식소각결정,코스닥시장,캐스텍코리아,주식소각결정,2024-10-28,20241028900625,071850
주식소각결정,유가증권시장,한미반도체,주식소각결정,2024-10-25,20241025800282,042700
주식소각결정,유가증권시장,기아,주식소각결정,2024-10-25,20241025800218,000270
주식소각결정,유가증권시장,신한지주,주식소각결정,2024-10-25,20241025800205,055550
주식소각결정,유가증권시장,KB금융,주식소각결정,2024-10-24,20241024800339,105560
주식소각결정,코스닥시장,유비쿼스,주식소각결정,2024-10-23,20241023900226,264450
주식소각결정,유가증권시장,동아지질,주식소각결정,2024-10-11,20241011800205,028100
주식소각결정,유가증권시장,전진건설로봇,주식소각결정,2024-10-08,20241008800516,079900
주식소각결정,코스닥시장,네오위즈,주식소각결정,2024-10-07,20241007900368,095660
주식소각결정,코스닥시장,지니언스,주식소각결정,2024-10-07,20241007900148,263860
주식소각결정,유가증권시장,고려아연,주식소각결정,2024-10-02,20241002800232,010130
주식소각결정,유가증권시장,DN오토모티브,주식소각결정,2024-09-24,20240924800088,007340
주식소각결정,코스닥시장,동아엘텍,주식소각결정,2024-09-23,20240923900168,088130
주식소각결정,유가증권시장,금호석유화학,주식소각결정,2024-09-12,20240912800214,011780
주식소각결정,유가증권시장,남양유업,주식소각결정,2024-09-09,20240909800277,003920
주식소각결정,유가증권시장,아세아제지,주식소각결정,2024-09-05,20240905800131,002310
주식소각결정,코스닥시장,쏠리드,주식소각결정,2024-08-22,20240822900378,050890
주식소각결정,코스닥시장,나우IB,주식소각결정,2024-08-21,20240821900089,293580
주식소각결정,유가증권시장,두올,주식소각결정,2024-08-12,20240812800684,016740
주식소각결정,코스닥시장,크레버스,주식소각결정,2024-08-09,20240809900378,096240
주식소각결정,코스닥시장,에스엠,주식소각결정,2024-08-08,20240808900603,041510
주식소각결정,유가증권시장,백산,주식소각결정,2024-08-08,20240808800208,035150
주식소각결정,코스닥시장,디오,주식소각결정,2024-08-07,20240807900399,039840
주식소각결정,유가증권시장,OCI홀딩스,주식소각결정,2024-08-05,20240805800433,010060
주식소각결정,유가증권시장,BNK금융지주,주식소각결정,2024-07-31,20240731800273,138930
주식소각결정,유가증권시장,JB금융지주,주식소각결정,2024-07-25,20240725800299,175330
주식소각결정,코스닥시장,하나기술,주식소각결정,2024-07-25,20240725900152,299030
주식소각결정,유가증권시장,롯데렌탈,주식소각결정,2024-07-23,20240723800331,089860
주식소각결정,유가증권시장,KB금융,주식소각결정,2024-07-23,20240723800297,105560
주식소각결정,유가증권시장,DN오토모티브,주식소각결정,2024-07-22,20240722800354,007340
주식소각결정,유가증권시장,백산,주식소각결정,2024-07-19,20240719800161,035150
주식소각결정,유가증권시장,POSCO홀딩스,주식소각결정,2024-07-12,20240712800148,005490
주식소각결정,유가증권시장,두산밥캣,주식소각결정,2024-07-11,20240711800369,241560
주식소각결정,유가증권시장,핸즈코퍼레이션,주식소각결정,2024-07-10,20240710800196,143210
주식소각결정,코스닥시장,주성엔지니어링,주식소각결정,2024-07-04,20240704900407,036930
주식소각결정,코스닥시장,파라택시스이더리움,주식소각결정,2025-06-24,20250624900429,290560
주식소각결정,코스닥시장,세경하이테크,주식소각결정,2025-06-18,20250618900413,148150
주식소각결정,코스닥시장,엠플러스,주식소각결정,2025-06-18,20250618900315,259630
주식소각결정,코스닥시장,인터로조,주식소각결정,2025-06-16,20250616900424,119610
주식소각결정,코스닥시장,파마리서치,주식소각결정,2025-06-13,20250613900097,214450
주식소각결정,코스닥시장,서부T&D,주식소각결정,2025-06-09,20250609900523,006730
주식소각결정,코스닥시장,한국알콜,주식소각결정,2025-05-29,20250529900329,017890
주식소각결정,코스닥시장,아바코,주식소각결정,2025-05-26,20250526900488,083930
주식소각결정,코스닥시장,드림어스컴퍼니,주식소각결정,2025-05-21,20250521900400,060570
주식소각결정,코스닥시장,젝시믹스,주식소각결정,2025-05-21,20250521900124,337930
주식소각결정,코스닥시장,성광벤드,주식소각결정,2025-05-21,20250521900088,014620
주식소각결정,유가증권시장,제일연마,주식소각결정,2025-05-21,20250521800060,001560
주식소각결정,코스닥시장,씨피시스템,주식소각결정,2025-05-19,20250519900145,413630
주식소각결정,유가증권시장,솔루엠,주식소각결정,2025-05-19,20250519800133,248070
주식소각결정,유가증권시장,한미반도체,주식소각결정,2025-05-19,20250519800046,042700
주식소각결정,코스닥시장,그린플러스,주식소각결정 (상환전환우선주),2025-05-15,20250515901728,186230
주식소각결정,코스닥시장,그리티,주식소각결정,2025-05-15,20250515900584,204020
주식소각결정,코스닥시장,아이센스,주식소각결정,2025-05-15,20250515900515,099190
주식소각결정,코스닥시장,인터로조,주식소각결정,2025-05-15,20250515900282,119610
주식소각결정,코스닥시장,디오,주식소각결정,2025-05-14,20250514900170,039840
주식소각결정,유가증권시장,영원무역홀딩스,주식소각결정,2025-05-13,20250513800615,009970
주식소각결정,코스닥시장,유비쿼스홀딩스,주식소각결정,2025-05-13,20250513900323,078070
주식소각결정,유가증권시장,유한양행,주식소각결정,2025-05-13,20250513800181,000100
주식소각결정,코스닥시장,나무가,주식소각결정,2025-05-12,20250512900229,190510
주식소각결정,유가증권시장,셀트리온,주식소각결정,2025-05-12,20250512800030,068270
주식소각결정,코스닥시장,휴젤,주식소각결정,2025-05-08,20250508900351,145020
주식소각결정,유가증권시장,현대그린푸드,주식소각결정,2025-05-08,20250508800288,453340
주식소각결정,유가증권시장,KB금융,주식소각결정,2025-04-24,20250424800485,105560
주식소각결정,코스닥시장,감성코퍼레이션,주식소각결정,2025-04-23,20250423900271,036620
주식소각결정,코스닥시장,엠투엔,주식소각결정,2025-04-18,20250418900628,033310
주식소각결정,코스닥시장,한솔아이원스,주식소각결정,2025-04-17,20250417900498,114810
주식소각결정,유가증권시장,호전실업,주식소각결정,2025-04-17,20250417800493,111110
주식소각결정,코스닥시장,와이솔,주식소각결정,2025-04-16,20250416900562,122990
주식소각결정,유가증권시장,하나투어,주식소각결정,2025-04-15,20250415800551,039130
주식소각결정,유가증권시장,빙그레,주식소각결정,2025-04-15,20250415800345,005180
주식소각결정,코스닥시장,센코,주식소각결정,2025-04-14,20250414900386,347000
주식소각결정,코스닥시장,오성첨단소재,주식소각결정,2025-04-04,20250404900739,052420
주식소각결정,유가증권시장,유엔젤,주식소각결정,2025-04-02,20250402800112,072130
주식소각결정,유가증권시장,셀트리온,주식소각결정,2025-04-02,20250402800016,068270
주식소각결정,코스닥시장,티쓰리,주식소각결정,2025-04-01,20250401900155,204610
주식소각결정,유가증권시장,메리츠금융지주,주식소각결정,2025-03-28,20250328802496,138040
주식소각결정,유가증권시장,대덕,주식소각결정,2025-03-28,20250328801690,008060
주식소각결정,유가증권시장,현대차증권,주식소각결정,2025-03-27,20250327801874,001500
주식소각결정,유가증권시장,SK스퀘어,주식소각결정,2025-03-27,20250327801073,402340
주식소각결정,유가증권시장,JB금융지주,주식소각결정,2025-03-27,20250327800399,175330
주식소각결정,코스닥시장,옴니시스템,주식소각결정,2025-03-24,20250324901104,057540
주식소각결정,유가증권시장,메리츠금융지주,주식소각결정,2025-03-21,20250321801437,138040
주식소각결정,코스닥시장,피에스텍,주식소각결정,2025-03-20,20250320900104,002230
주식소각결정,코스닥시장,씨앤투스,주식소각결정,2025-03-19,20250319900107,352700
주식소각결정,코스닥시장,이지홀딩스,주식소각결정,2025-03-18,20250318900752,035810
주식소각결정,유가증권시장,신원,주식소각결정,2025-03-14,20250314800438,009270
주식소각결정,유가증권시장,셀트리온,주식소각결정,2025-03-14,20250314800038,068270
주식소각결정,코스닥시장,DMS,주식소각결정,2025-03-13,20250313900201,068790
주식소각결정,유가증권시장,솔루엠,주식소각결정,2025-03-12,20250312800462,248070
주식소각결정,코스닥시장,이지바이오,주식소각결정,2025-03-11,20250311901049,353810
주식소각결정,코스닥시장,신흥에스이씨,주식소각결정,2025-03-10,20250310901195,243840
주식소각결정,코스닥시장,DSC인베스트먼트,주식소각결정,2025-03-10,20250310900828,241520
주식소각결정,코스닥시장,토박스코리아,주식소각결정,2025-03-10,20250310900275,215480
주식소각결정,유가증권시장,남양유업,주식소각결정,2025-03-07,20250307801353,003920
주식소각결정,유가증권시장,NH투자증권,주식소각결정,2025-03-06,20250306801237,005940
주식소각결정,유가증권시장,금호석유화학,주식소각결정 (주식 소각 결정),2025-03-06,20250306800577,011780
주식소각결정,코스닥시장,현대무벡스,주식소각결정,2025-03-06,20250306900402,319400
주식소각결정,코스닥시장,KG이니시스,주식소각결정,2025-03-05,20250305900318,035600
주식소각결정,코스닥시장,KG에코솔루션,주식소각결정,2025-03-05,20250305900201,151860
주식소각결정,유가증권시장,벽산,주식소각결정,2025-03-04,20250304801003,007210
주식소각결정,유가증권시장,SK디스커버리,주식소각결정,2025-03-04,20250304800737,006120
주식소각결정,유가증권시장,핸즈코퍼레이션,주식소각결정,2025-02-27,20250227801225,143210
주식소각결정,유가증권시장,엔케이,주식소각결정,2025-02-26,20250226801247,085310
주식소각결정,유가증권시장,아세아제지,주식소각결정,2025-02-26,20250226800223,002310
주식소각결정,유가증권시장,아세아,주식소각결정,2025-02-26,20250226800193,002030
주식소각결정,유가증권시장,아세아시멘트,주식소각결정,2025-02-26,20250226800192,183190
주식소각결정,코스닥시장,에스트래픽,주식소각결정,2025-02-24,20250224900499,234300
주식소각결정,코스닥시장,나무가,주식소각결정,2025-02-24,20250224900107,190510
주식소각결정,유가증권시장,두산밥캣,주식소각결정,2025-02-21,20250221801024,241560
주식소각결정,코스닥시장,바디텍메드,주식소각결정,2025-02-21,20250221900288,206640
주식소각결정,코스닥시장,인바디,주식소각결정,2025-02-20,20250220900331,041830
주식소각결정,코스닥시장,태웅로직스,주식소각결정,2025-02-20,20250220900238,124560
주식소각결정,유가증권시장,우진,주식소각결정,2025-02-20,20250220800154,105840
주식소각결정,유가증권시장,POSCO홀딩스,주식소각결정,2025-02-19,20250219800929,005490
주식소각결정,유가증권시장,삼성전자,주식소각결정,2025-02-18,20250218800029,005930
주식소각결정,유가증권시장,자화전자,주식소각결정,2025-02-14,20250214800386,033240
주식소각결정,유가증권시장,현대모비스,주식소각결정,2025-02-13,20250213801359,012330
주식소각결정,코스닥시장,한국경제TV,주식소각결정,2025-02-13,20250213901212,039340
주식소각결정,코스닥시장,네오위즈홀딩스,주식소각결정,2025-02-12,20250212900870,042420
주식소각결정,코스닥시장,웹젠,주식소각결정,2025-02-12,20250212900639,069080
주식소각결정,유가증권시장,NC,주식소각결정,2025-02-11,20250211801536,036570
주식소각결정,유가증권시장,삼양패키징,주식소각결정,2025-02-11,20250211800785,272550
주식소각결정,코스닥시장,뷰웍스,주식소각결정,2025-02-11,20250211900775,100120
주식소각결정,코스닥시장,탑엔지니어링,주식소각결정,2025-02-11,20250211900285,065130
주식소각결정,코스닥시장,씨피시스템,주식소각결정,2025-02-10,20250210901576,413630
주식소각결정,코스닥시장,시큐브,주식소각결정,2025-02-10,20250210901222,131090
주식소각결정,코스닥시장,우주일렉트로,주식소각결정,2025-02-10,20250210901218,065680
주식소각결정,코스닥시장,에스엠,주식소각결정,2025-02-10,20250210900809,041510
주식소각결정,유가증권시장,OCI홀딩스,주식소각결정,2025-02-10,20250210800630,010060
주식소각결정,유가증권시장,한국자산신탁,주식소각결정,2025-02-10,20250210800550,123890
주식소각결정,코스닥시장,레뷰코퍼레이션,주식소각결정,2025-02-10,20250210900499,443250
주식소각결정,코스닥시장,메가스터디교육,주식소각결정,2025-02-10,20250210900276,215200
주식소각결정,유가증권시장,HL홀딩스,주식소각결정,2025-02-07,20250207800928,060980
주식소각결정,유가증권시장,iM금융지주,주식소각결정,2025-02-07,20250207800915,139130
주식소각결정,유가증권시장,우리금융지주,주식소각결정,2025-02-07,20250207800777,316140
주식소각결정,유가증권시장,아모레퍼시픽홀딩스,주식소각결정,2025-02-06,20250206801203,002790
주식소각결정,유가증권시장,BNK금융지주,주식소각결정,2025-02-06,20250206800690,138930
주식소각결정,유가증권시장,신한지주,주식소각결정,2025-02-06,20250206800310,055550
주식소각결정,유가증권시장,HD건설기계,주식소각결정,2025-02-06,20250206800217,267270
주식소각결정,유가증권시장,KB금융,주식소각결정,2025-02-05,20250205800598,105560
주식소각결정,유가증권시장,신세계인터내셔날,주식소각결정,2025-02-05,20250205800382,031430
주식소각결정,유가증권시장,하나금융지주,주식소각결정,2025-02-04,20250204800538,086790
주식소각결정,유가증권시장,모토닉,주식소각결정,2025-02-03,20250203800576,009680
주식소각결정,유가증권시장,삼성물산,주식소각결정,2025-01-22,20250122800355,028260
주식소각결정,코스닥시장,코나아이,주식소각결정,2025-01-20,20250120900502,052400
주식소각결정,유가증권시장,남양유업,주식소각결정,2025-01-17,20250117800136,003920
주식소각결정,코스닥시장,DMS,주식소각결정,2025-01-10,20250110900144,068790
주식소각결정,유가증권시장,백산,주식소각결정,2025-01-08,20250108800340,035150
주식소각결정,유가증권시장,에이피알,주식소각결정,2025-01-08,20250108800061,278470
주식소각결정,코스닥시장,상신이디피,주식소각결정,2025-01-06,20250106900165,091580
주식소각결정,코스닥시장,홈캐스트,주식소각결정,2025-12-29,20251229900382,064240
주식소각결정,유가증권시장,광동제약,주식소각결정,2025-12-23,20251223800747,009290
주식소각결정,유가증권시장,DB손해보험,주식소각결정,2025-12-22,20251222800871,005830
주식소각결정,코스닥시장,가비아,주식소각결정,2025-12-22,20251222900792,079940
주식소각결정,코스닥시장,동일기연,주식소각결정,2025-12-22,20251222900734,032960
주식소각결정,유가증권시장,영풍,주식소각결정,2025-12-18,20251218800677,000670
주식소각결정,코스닥시장,에스티아이,주식소각결정,2025-12-18,20251218900649,039440
주식소각결정,코스닥시장,인트론바이오,주식소각결정,2025-12-18,20251218900573,048530
주식소각결정,코스닥시장,산돌,주식소각결정,2025-12-17,20251217900267,419120
주식소각결정,코스닥시장,나무가,주식소각결정,2025-12-17,20251217900154,190510
주식소각결정,유가증권시장,미스토홀딩스,주식소각결정,2025-12-16,20251216801266,081660
주식소각결정,코스닥시장,엠게임,주식소각결정,2025-12-16,20251216900416,058630
주식소각결정,코스닥시장,광무,주식소각결정,2025-12-15,20251215901469,029480
주식소각결정,코스닥시장,티씨케이,주식소각결정,2025-12-12,20251212901396,064760
주식소각결정,코스닥시장,DMS,주식소각결정,2025-12-11,20251211900262,068790
주식소각결정,코스닥시장,토비스,주식소각결정,2025-12-11,20251211900101,051360
주식소각결정,코스닥시장,서진시스템,주식소각결정,2025-12-11,20251211900078,178320
주식소각결정,코스닥시장,서부T&D,주식소각결정,2025-12-10,20251210900241,006730
주식소각결정,코스닥시장,중앙백신,주식소각결정,2025-12-10,20251210900227,072020
주식소각결정,코스닥시장,흥국,주식소각결정,2025-12-09,20251209900153,010240
주식소각결정,코스닥시장,파트론,주식소각결정,2025-12-08,20251208900410,091700
주식소각결정,코스닥시장,APS이노베이션,주식소각결정,2025-12-08,20251208900266,079810
주식소각결정,코스닥시장,대림제지,주식소각결정,2025-12-08,20251208900179,017650
주식소각결정,코스닥시장,에어레인,주식소각결정,2025-12-08,20251208900087,163280
주식소각결정,코스닥시장,인카금융서비스,주식소각결정,2025-12-05,20251205900177,211050
주식소각결정,코스닥시장,피엔티,주식소각결정,2025-12-04,20251204900549,137400
주식소각결정,코스닥시장,이녹스첨단소재,주식소각결정,2025-12-04,20251204900172,272290
주식소각결정,코스닥시장,탑엔지니어링,주식소각결정,2025-12-03,20251203900093,065130
주식소각결정,코스닥시장,나인테크,주식소각결정,2025-12-01,20251201900642,267320
주식소각결정,유가증권시장,보해양조,주식소각결정,2025-12-01,20251201800529,000890
주식소각결정,코스닥시장,아진엑스텍,주식소각결정,2025-12-01,20251201900414,059120
주식소각결정,코스닥시장,뷰웍스,주식소각결정,2025-11-28,20251128900414,100120
주식소각결정,코스닥시장,오디텍,주식소각결정,2025-11-27,20251127900909,080520
주식소각결정,유가증권시장,HS애드,주식소각결정,2025-11-27,20251127800818,035000
주식소각결정,코스닥시장,디앤씨미디어,주식소각결정,2025-11-25,20251125900366,263720
주식소각결정,코스닥시장,APS,주식소각결정,2025-11-24,20251124900235,054620
주식소각결정,코스닥시장,트루엔,주식소각결정,2025-11-24,20251124900148,417790
주식소각결정,유가증권시장,NICE,주식소각결정,2025-11-21,20251121800426,034310
주식소각결정,코스닥시장,테스,주식소각결정,2025-11-19,20251119900084,095610
주식소각결정,코스닥시장,화신정공,주식소각결정,2025-11-19,20251119900071,126640
주식소각결정,유가증권시장,삼진제약,주식소각결정,2025-11-18,20251118800062,005500
주식소각결정,코스닥시장,파이오링크,주식소각결정,2025-11-17,20251117900300,170790
주식소각결정,코스닥시장,케이피에프,주식소각결정,2025-11-14,20251114901153,024880
주식소각결정,유가증권시장,삼익THK,주식소각결정,2025-11-14,20251114800775,004380
주식소각결정,유가증권시장,아세아제지,주식소각결정,2025-11-14,20251114800541,002310
주식소각결정,유가증권시장,SK스퀘어,주식소각결정,2025-11-13,20251113800638,402340
주식소각결정,유가증권시장,삼양패키징,주식소각결정,2025-11-13,20251113800469,272550
주식소각결정,코스닥시장,포인트모바일,주식소각결정,2025-11-12,20251112900123,318020
주식소각결정,유가증권시장,OCI홀딩스,주식소각결정,2025-11-11,20251111800357,010060
주식소각결정,유가증권시장,두산,주식소각결정,2025-11-10,20251110800365,000150
주식소각결정,유가증권시장,엠씨넥스,주식소각결정,2025-11-10,20251110800080,097520
주식소각결정,코스닥시장,셀로맥스사이언스,주식소각결정,2025-11-07,20251107900523,471820
주식소각결정,유가증권시장,아세아,주식소각결정,2025-11-07,20251107800268,002030
주식소각결정,유가증권시장,아세아시멘트,주식소각결정,2025-11-07,20251107800246,183190
주식소각결정,코스닥시장,에이치엔에스하이텍,주식소각결정,2025-11-06,20251106900117,044990
주식소각결정,코스닥시장,헥토이노베이션,주식소각결정,2025-11-05,20251105900260,214180
주식소각결정,코스닥시장,선바이오,주식소각결정,2025-11-05,20251105900237,067370
주식소각결정,유가증권시장,현대그린푸드,주식소각결정,2025-11-04,20251104800286,453340
주식소각결정,유가증권시장,대한제강,주식소각결정,2025-11-04,20251104800172,084010
주식소각결정,코스닥시장,디케이앤디,주식소각결정,2025-11-04,20251104900149,263020
주식소각결정,유가증권시장,기아,주식소각결정,2025-10-31,20251031800329,000270
주식소각결정,유가증권시장,NICE평가정보,주식소각결정,2025-10-31,20251031800203,030190
주식소각결정,코스닥시장,에스앤에스텍,주식소각결정,2025-10-29,20251029900264,101490
주식소각결정,유가증권시장,JB금융지주,주식소각결정,2025-10-28,20251028800509,175330
주식소각결정,유가증권시장,하나금융지주,주식소각결정,2025-10-28,20251028800371,086790
주식소각결정,유가증권시장,백산,주식소각결정,2025-10-27,20251027800280,035150
주식소각결정,유가증권시장,NHN,주식소각결정,2025-10-23,20251023800422,181710
주식소각결정,코스닥시장,위메이드플레이,주식소각결정,2025-10-21,20251021900272,123420
주식소각결정,코스닥시장,앱코,주식소각결정,2025-10-20,20251020900087,129890
주식소각결정,코스닥시장,유비쿼스,주식소각결정,2025-10-16,20251016900481,264450
주식소각결정,코스닥시장,메가스터디교육,주식소각결정,2025-10-16,20251016900302,215200
주식소각결정,코스닥시장,티쓰리,주식소각결정,2025-10-14,20251014900299,204610
주식소각결정,코스닥시장,테크윙,주식소각결정,2025-10-02,20251002900612,089030
주식소각결정,코스닥시장,HC홈센타,주식소각결정,2025-10-02,20251002900225,060560
주식소각결정,코스닥시장,디와이피엔에프,주식소각결정,2025-09-30,20250930900268,104460
주식소각결정,코스닥시장,엑세스바이오,주식소각결정,2025-09-29,20250929900056,950130
주식소각결정,코스닥시장,에스트래픽,주식소각결정,2025-09-25,20250925900191,234300
주식소각결정,코스닥시장,토비스,주식소각결정,2025-09-24,20250924900144,051360
주식소각결정,코스닥시장,인터로조,주식소각결정,2025-09-23,20250923900579,119610
주식소각결정,코스닥시장,휴비츠,주식소각결정,2025-09-23,20250923900113,065510
주식소각결정,코스닥시장,배럴,주식소각결정,2025-09-22,20250922900159,267790
주식소각결정,코스닥시장,아바텍,주식소각결정,2025-09-22,20250922900107,149950
주식소각결정,유가증권시장,INVENI,주식소각결정,2025-09-22,20250922800068,015360
주식소각결정,코스닥시장,쏠리드,주식소각결정,2025-09-18,20250918900296,050890
주식소각결정,코스닥시장,태웅로직스,주식소각결정,2025-09-17,20250917900131,124560
주식소각결정,유가증권시장,금호석유화학,주식소각결정,2025-09-16,20250916800165,011780
주식소각결정,유가증권시장,비에이치,주식소각결정,2025-09-15,20250915800482,090460
주식소각결정,유가증권시장,DB하이텍,주식소각결정,2025-09-15,20250915800392,000990
주식소각결정,코스닥시장,네오위즈홀딩스,주식소각결정,2025-09-12,20250912900383,042420
주식소각결정,유가증권시장,삼호개발,주식소각결정,2025-09-12,20250912800278,010960
주식소각결정,코스닥시장,웨이브일렉트로,주식소각결정,2025-09-10,20250910900083,095270
주식소각결정,코스닥시장,지란지교시큐리티,주식소각결정,2025-09-09,20250909900263,208350
주식소각결정,유가증권시장,주연테크,주식소각결정,2025-09-08,20250908800330,044380
주식소각결정,코스닥시장,하이록코리아,주식소각결정,2025-09-08,20250908900209,013030
주식소각결정,코스닥시장,에이치피오,주식소각결정,2025-09-05,20250905900220,357230
주식소각결정,유가증권시장,두올,주식소각결정,2025-09-05,20250905800132,016740
주식소각결정,코스닥시장,쿠콘,주식소각결정,2025-09-03,20250903900131,294570
주식소각결정,코스닥시장,와이어블,주식소각결정,2025-09-02,20250902900182,065530
주식소각결정,코스닥시장,매일홀딩스,주식소각결정,2025-08-29,20250829900737,005990
주식소각결정,유가증권시장,대신증권,주식소각결정,2025-08-28,20250828800498,003540
주식소각결정,코스닥시장,스모트로닉,주식소각결정,2025-08-25,20250825900271,066590
주식소각결정,코스닥시장,스튜디오삼익,주식소각결정,2025-08-25,20250825900110,415380
주식소각결정,코스닥시장,매일유업,주식소각결정,2025-08-21,20250821900567,267980
주식소각결정,유가증권시장,써니전자,주식소각결정,2025-08-21,20250821800353,004770
주식소각결정,코스닥시장,엘티씨,주식소각결정,2025-08-21,20250821900174,170920
주식소각결정,유가증권시장,메리츠금융지주,주식소각결정,2025-08-20,20250820800278,138040
주식소각결정,코스닥시장,태웅로직스,주식소각결정 (상환전환우선주),2025-08-20,20250820900172,124560
주식소각결정,코스닥시장,진성티이씨,주식소각결정,2025-08-19,20250819900324,036890
주식소각결정,코스닥시장,원바이오젠,주식소각결정,2025-08-19,20250819900089,307280
주식소각결정,코스닥시장,나무가,주식소각결정,2025-08-19,20250819900057,190510
주식소각결정,코스닥시장,AP시스템,주식소각결정,2025-08-14,20250814902828,265520
주식소각결정,코스닥시장,꿈비,주식소각결정,2025-08-13,20250813900733,407400
주식소각결정,코스닥시장,큐브엔터,주식소각결정,2025-08-13,20250813900656,182360
주식소각결정,유가증권시장,HL홀딩스,주식소각결정,2025-08-12,20250812800412,060980
주식소각결정,유가증권시장,LS,주식소각결정,2025-08-12,20250812800297,006260
주식소각결정,유가증권시장,KG케미칼,주식소각결정,2025-08-11,20250811800733,001390
주식소각결정,유가증권시장,삼양홀딩스,주식소각결정,2025-08-11,20250811800481,000070
주식소각결정,유가증권시장,에이피알,주식소각결정,2025-08-04,20250804800162,278470
주식소각결정,유가증권시장,LG생활건강,주식소각결정,2025-07-31,20250731800469,051900
주식소각결정,유가증권시장,BNK금융지주,주식소각결정,2025-07-31,20250731800390,138930
주식소각결정,코스닥시장,센코,주식소각결정 (상환전환우선주),2025-07-30,20250730900732,347000
주식소각결정,코스닥시장,브이티,주식소각결정,2025-07-29,20250729900419,018290
주식소각결정,코스닥시장,드림시큐리티,주식소각결정,2025-07-28,20250728900560,203650
주식소각결정,유가증권시장,iM금융지주,주식소각결정,2025-07-28,20250728800349,139130
주식소각결정,유가증권시장,하나금융지주,주식소각결정,2025-07-25,20250725800363,086790
주식소각결정,유가증권시장,기아,주식소각결정,2025-07-25,20250725800350,000270
주식소각결정,유가증권시장,신한지주,주식소각결정,2025-07-25,20250725800264,055550
주식소각결정,유가증권시장,현대모비스,주식소각결정,2025-07-25,20250725800064,012330
주식소각결정,유가증권시장,KB금융,주식소각결정,2025-07-24,20250724800375,105560
주식소각결정,유가증권시장,JB금융지주,주식소각결정,2025-07-24,20250724800368,175330
주식소각결정,코스닥시장,삼보판지,주식소각결정,2025-07-23,20250723900170,023600
주식소각결정,코스닥시장,매커스,주식소각결정,2025-07-22,20250722900088,093520
주식소각결정,유가증권시장,LG유플러스,주식소각결정,2025-07-21,20250721800531,032640
주식소각결정,유가증권시장,세방,주식소각결정,2025-07-21,20250721800162,004360
주식소각결정,코스닥시장,감성코퍼레이션,주식소각결정,2025-07-21,20250721900120,036620
주식소각결정,코스닥시장,인화정공,주식소각결정,2025-07-15,20250715900246,101930
주식소각결정,유가증권시장,유니켐,주식소각결정,2025-07-10,20250710800120,011330
주식소각결정,코스닥시장,PS일렉트로닉스,주식소각결정,2025-07-09,20250709900368,332570
주식소각결정,유가증권시장,남양유업,주식소각결정,2025-07-09,20250709800187,003920
주식소각결정,코스닥시장,파이오링크,주식소각결정,2025-07-07,20250707900076,170790
주식소각결정,유가증권시장,백산,주식소각결정,2025-07-03,20250703800197,035150
주식소각결정,코스닥시장,나무AX,주식소각결정,2025-07-03,20250703900152,242040
주식소각결정,코스닥시장,스튜디오삼익,주식소각결정,2025-07-02,20250702900262,415380
주식소각결정,코스닥시장,예선테크,주식소각결정,2026-08-31,20260831900155,250930
주식소각결정,유가증권시장,KPX케미칼,주식소각결정,2026-08-28,20260828800486,025000
주식소각결정,유가증권시장,KPX홀딩스,주식소각결정,2026-08-28,20260828800483,092230
주식소각결정,코스닥시장,젝시믹스,주식소각결정,2026-08-27,20260827900102,337930
주식소각결정,유가증권시장,MH에탄올,주식소각결정,2026-08-25,20260825800183,023150
주식소각결정,코스닥시장,에이치피오,주식소각결정,2026-08-24,20260824900455,357230
주식소각결정,코스닥시장,지에프씨생명과학,주식소각결정,2026-08-24,20260824900193,388610
주식소각결정,코스닥시장,유바이오로직스,주식소각결정,2026-08-21,20260821900305,206650
주식소각결정,코스닥시장,코어라인소프트,주식소각결정,2026-08-21,20260821900200,384470
주식소각결정,코스닥시장,SBI인베스트먼트,주식소각결정,2026-08-20,20260820900545,019550
주식소각결정,유가증권시장,사조오양,주식소각결정,2026-08-19,20260819800431,006090
주식소각결정,유가증권시장,SK하이닉스,주식소각결정,2026-08-19,20260819800340,000660
주식소각결정,유가증권시장,세아홀딩스,주식소각결정,2026-08-18,20260818800423,058650
주식소각결정,코스닥시장,PS일렉트로닉스,주식소각결정,2026-08-18,20260818900311,332570
주식소각결정,코스닥시장,디앤씨미디어,주식소각결정,2026-08-18,20260818900234,263720
주식소각결정,코스닥시장,우리기술투자,주식소각결정,2026-08-14,20260814901058,041190
주식소각결정,코스닥시장,DMS,주식소각결정,2026-08-14,20260814900685,068790
주식소각결정,유가증권시장,아이에스동서,주식소각결정,2026-08-14,20260814800679,010780
주식소각결정,유가증권시장,HL홀딩스,주식소각결정,2026-08-13,20260813801413,060980
주식소각결정,유가증권시장,한진칼,주식소각결정,2026-08-13,20260813801225,180640
주식소각결정,유가증권시장,에이블씨엔씨,주식소각결정,2026-08-13,20260813801221,078520
주식소각결정,코스닥시장,이노메트리,주식소각결정,2026-08-13,20260813900512,302430
주식소각결정,코스닥시장,넵튠,주식소각결정,2026-08-13,20260813900075,217270
주식소각결정,코스닥시장,한국정보인증,주식소각결정,2026-08-12,20260812900754,053300
주식소각결정,유가증권시장,대한항공,주식소각결정,2026-08-12,20260812800623,003490
주식소각결정,코스닥시장,콜마비앤에이치,주식소각결정,2026-08-12,20260812900588,200130
주식소각결정,코스닥시장,태웅로직스,주식소각결정 (상환전환우선주),2026-08-12,20260812900564,124560
주식소각결정,코스닥시장,휴림에이텍,주식소각결정,2026-08-12,20260812900478,078590
주식소각결정,유가증권시장,DS단석,주식소각결정,2026-08-12,20260812800200,017860
주식소각결정,코스닥시장,SGA솔루션즈,주식소각결정,2026-08-12,20260812900191,184230
주식소각결정,코스닥시장,휴맥스홀딩스,주식소각결정,2026-08-11,20260811900456,028080
주식소각결정,유가증권시장,빙그레,주식소각결정,2026-08-11,20260811800318,005180
주식소각결정,유가증권시장,와이투솔루션,주식소각결정,2026-08-10,20260810800404,011690
주식소각결정,코스닥시장,그래디언트,주식소각결정,2026-08-10,20260810900310,035080
주식소각결정,유가증권시장,INVENI,주식소각결정,2026-08-10,20260810800219,015360
주식소각결정,유가증권시장,에쓰씨엔지니어링,주식소각결정,2026-08-07,20260807800616,023960
주식소각결정,코스닥시장,우주일렉트로,주식소각결정,2026-08-07,20260807900455,065680
주식소각결정,코스닥시장,KT나스미디어,주식소각결정,2026-08-06,20260806900482,089600
주식소각결정,코스닥시장,KG파이낸셜,주식소각결정,2026-08-05,20260805900249,046440
주식소각결정,유가증권시장,현대그린푸드,주식소각결정,2026-08-04,20260804800337,453340
주식소각결정,코스닥시장,부방,주식소각결정,2026-08-04,20260804900146,014470
주식소각결정,유가증권시장,한온시스템,주식소각결정,2026-07-31,20260731800776,018880
주식소각결정,코스닥시장,인탑스,주식소각결정,2026-07-31,20260731900646,049070
주식소각결정,코스닥시장,FSN,주식소각결정,2026-07-30,20260730900678,214270
주식소각결정,유가증권시장,LG화학,주식소각결정,2026-07-30,20260730800487,051910
주식소각결정,유가증권시장,KSS해운,주식소각결정,2026-07-30,20260730800408,044450
주식소각결정,코스닥시장,누보,주식소각결정,2026-07-30,20260730900341,332290
주식소각결정,유가증권시장,한화솔루션,주식소각결정,2026-07-29,20260729800905,009830
주식소각결정,코스닥시장,토비스,주식소각결정,2026-07-29,20260729900308,051360
주식소각결정,코스닥시장,리드코프,주식소각결정,2026-07-28,20260728900288,012700
주식소각결정,유가증권시장,iM금융지주,주식소각결정,2026-07-27,20260727800496,139130
주식소각결정,코스닥시장,위드텍,주식소각결정,2026-07-27,20260727900169,348350
주식소각결정,유가증권시장,솔루스첨단소재,주식소각결정,2026-07-24,20260724800624,336370
주식소각결정,유가증권시장,우리금융지주,주식소각결정,2026-07-24,20260724800552,316140
주식소각결정,유가증권시장,하나금융지주,주식소각결정,2026-07-24,20260724800414,086790
주식소각결정,유가증권시장,한솔테크닉스,주식소각결정,2026-07-24,20260724800320,004710
주식소각결정,유가증권시장,유한양행,주식소각결정,2026-07-23,20260723801023,000100
주식소각결정,유가증권시장,JB금융지주,주식소각결정,2026-07-23,20260723800818,175330
주식소각결정,코스닥시장,리메드,주식소각결정,2026-07-23,20260723900616,302550
주식소각결정,코스닥시장,큐브엔터,주식소각결정,2026-07-23,20260723900609,182360
주식소각결정,유가증권시장,KB금융,주식소각결정,2026-07-23,20260723800512,105560
주식소각결정,유가증권시장,동아지질,주식소각결정,2026-07-23,20260723800410,028100
주식소각결정,코스닥시장,원익,주식소각결정,2026-07-23,20260723900385,032940
주식소각결정,코스닥시장,핌스,주식소각결정,2026-07-23,20260723900304,347770
주식소각결정,유가증권시장,신한지주,주식소각결정,2026-07-23,20260723800297,055550
주식소각결정,유가증권시장,KG케미칼,주식소각결정,2026-07-22,20260722800564,001390
주식소각결정,유가증권시장,SK스퀘어,주식소각결정,2026-07-22,20260722800540,402340
주식소각결정,코스닥시장,제이엔케이글로벌,주식소각결정,2026-07-22,20260722900346,126880
주식소각결정,유가증권시장,남양유업,주식소각결정,2026-07-15,20260715800525,003920
주식소각결정,유가증권시장,NICE평가정보,주식소각결정,2026-07-15,20260715800355,030190
주식소각결정,코스닥시장,에스제이그룹,주식소각결정,2026-07-15,20260715900337,306040
주식소각결정,코스닥시장,카스,주식소각결정,2026-07-13,20260713900717,016920
주식소각결정,유가증권시장,미원상사,주식소각결정,2026-07-08,20260708800751,002840
주식소각결정,코스닥시장,카카오게임즈,주식소각결정,2026-07-08,20260708900662,293490
주식소각결정,코스닥시장,노머스,주식소각결정,2026-07-08,20260708900251,473980
주식소각결정,코스닥시장,파커스,주식소각결정,2026-07-08,20260708900220,065690
주식소각결정,코스닥시장,와이즈넛,주식소각결정,2026-07-07,20260707900295,096250
주식소각결정,코스닥시장,대동금속,주식소각결정,2026-07-07,20260707900173,020400
주식소각결정,유가증권시장,SUN&L,주식소각결정,2026-07-07,20260707800168,002820
주식소각결정,코스닥시장,청담글로벌,주식소각결정,2026-07-06,20260706900215,362320
주식소각결정,코스닥시장,에스에너지,주식소각결정,2026-07-06,20260706900167,095910
주식소각결정,코스닥시장,유성티엔에스,주식소각결정,2026-07-03,20260703900436,024800
주식소각결정,코스닥시장,서희건설,주식소각결정,2026-07-03,20260703900357,035890
주식소각결정,유가증권시장,한익스프레스,주식소각결정,2026-07-02,20260702800253,014130
주식소각결정,유가증권시장,만호제강,주식소각결정,2026-07-02,20260702800197,001080
주식소각결정,코스닥시장,바이오비쥬,주식소각결정,2026-07-02,20260702900169,489460
주식소각결정,유가증권시장,한세엠케이,주식소각결정,2026-07-01,20260701800428,069640
주식소각결정,코스닥시장,동우팜투테이블,주식소각결정,2026-07-01,20260701900399,088910
주식소각결정,코스닥시장,엠게임,주식소각결정,2026-07-01,20260701900273,058630
주식소각결정,코스닥시장,휴맥스홀딩스,주식소각결정,2026-06-30,20260630901562,028080
주식소각결정,코스닥시장,휴맥스,주식소각결정,2026-06-30,20260630901545,115160
주식소각결정,유가증권시장,SJG세종,주식소각결정,2026-06-30,20260630801534,033530
주식소각결정,코스닥시장,비츠로셀,주식소각결정,2026-06-30,20260630900485,082920
주식소각결정,코스닥시장,밸로프,주식소각결정,2026-06-29,20260629900591,331520
주식소각결정,코스닥시장,노머스,주식소각결정,2026-06-26,20260626900402,473980
주식소각결정,코스닥시장,중앙백신,주식소각결정,2026-06-25,20260625900283,072020
주식소각결정,코스닥시장,누리플렉스,주식소각결정,2026-06-24,20260624900438,040160
주식소각결정,유가증권시장,백산,주식소각결정,2026-06-23,20260623800463,035150
주식소각결정,코스닥시장,크레버스,주식소각결정,2026-06-22,20260622900494,096240
주식소각결정,코스닥시장,인포바인,주식소각결정,2026-06-22,20260622900477,115310
주식소각결정,코스닥시장,알티캐스트,주식소각결정,2026-06-22,20260622900380,085810
주식소각결정,코스닥시장,동양이엔피,주식소각결정,2026-06-22,20260622900303,079960
주식소각결정,코스닥시장,정원엔시스,주식소각결정,2026-06-22,20260622900246,045510
주식소각결정,유가증권시장,대신증권,주식소각결정,2026-06-19,20260619800826,003540
주식소각결정,코스닥시장,코디,주식소각결정,2026-06-19,20260619900514,080530
주식소각결정,유가증권시장,한솔케미칼,주식소각결정,2026-06-19,20260619800508,014680
주식소각결정,코스닥시장,재영솔루텍,주식소각결정,2026-06-19,20260619900449,049630
주식소각결정,코스닥시장,프럼파스트,주식소각결정,2026-06-18,20260618900326,035200
주식소각결정,코스닥시장,피에스텍,주식소각결정,2026-06-18,20260618900200,002230
주식소각결정,코스닥시장,원텍,주식소각결정,2026-06-18,20260618900115,336570
주식소각결정,유가증권시장,신일전자,주식소각결정,2026-06-17,20260617800213,002700
주식소각결정,코스닥시장,한국알콜,주식소각결정,2026-06-16,20260616900552,017890
주식소각결정,코스닥시장,나래나노텍,주식소각결정,2026-06-16,20260616900419,137080
주식소각결정,유가증권시장,오리온,주식소각결정,2026-06-16,20260616800298,271560
주식소각결정,코스닥시장,코셈,주식소각결정,2026-06-16,20260616900263,360350
주식소각결정,유가증권시장,오리온홀딩스,주식소각결정,2026-06-16,20260616800251,001800
주식소각결정,코스닥시장,에스에이티,주식소각결정,2026-06-15,20260615900738,060540
주식소각결정,코스닥시장,인탑스,주식소각결정,2026-06-15,20260615900459,049070
주식소각결정,코스닥시장,감성코퍼레이션,주식소각결정,2026-06-15,20260615900346,036620
주식소각결정,유가증권시장,신흥,주식소각결정,2026-06-15,20260615800230,004080
주식소각결정,코스닥시장,신도기연,주식소각결정,2026-06-12,20260612900467,290520
주식소각결정,코스닥시장,한국전자인증,주식소각결정,2026-06-11,20260611900641,041460
주식소각결정,코스닥시장,에스피소프트,주식소각결정,2026-06-11,20260611900379,443670
주식소각결정,코스닥시장,아이패밀리에스씨,주식소각결정,2026-06-11,20260611900339,114840
주식소각결정,코스닥시장,서부T&D,주식소각결정,2026-06-10,20260610900425,006730
주식소각결정,유가증권시장,아세아시멘트,주식소각결정,2026-06-10,20260610800342,183190
주식소각결정,코스닥시장,하이로닉,주식소각결정,2026-06-09,20260609900774,149980
주식소각결정,코스닥시장,펄어비스,주식소각결정,2026-06-09,20260609900503,263750
주식소각결정,코스닥시장,뉴트리,주식소각결정,2026-06-09,20260609900385,270870
주식소각결정,코스닥시장,SDN,주식소각결정,2026-06-09,20260609900357,099220
주식소각결정,코스닥시장,팅크웨어,주식소각결정 (상환전환우선주),2026-06-08,20260608900787,084730
주식소각결정,유가증권시장,유유제약,주식소각결정,2026-06-08,20260608800505,000220
주식소각결정,코스닥시장,레뷰코퍼레이션,주식소각결정,2026-06-05,20260605900464,443250
주식소각결정,코스닥시장,케이옥션,주식소각결정,2026-06-04,20260604900345,102370
주식소각결정,코스닥시장,플랜티넷,주식소각결정,2026-06-04,20260604900227,075130
주식소각결정,코스닥시장,나이스정보통신,주식소각결정,2026-06-02,20260602900582,036800
주식소각결정,유가증권시장,동양,주식소각결정,2026-06-02,20260602800243,001520
주식소각결정,코스닥시장,RF시스템즈,주식소각결정,2026-06-01,20260601900973,474610
주식소각결정,코스닥시장,얼라인드,주식소각결정,2026-05-29,20260529901628,238120
주식소각결정,유가증권시장,미래아이앤지,주식소각결정,2026-05-29,20260529801434,007120
주식소각결정,코스닥시장,씨피시스템,주식소각결정,2026-05-29,20260529900799,413630
주식소각결정,유가증권시장,대한방직,주식소각결정,2026-05-28,20260528800320,001070
주식소각결정,코스닥시장,케이티알파,주식소각결정,2026-05-28,20260528900310,036030
주식소각결정,코스닥시장,대원,주식소각결정,2026-05-28,20260528900281,007680
주식소각결정,유가증권시장,에넥스,주식소각결정,2026-05-28,20260528800170,011090
주식소각결정,코스닥시장,미래에셋벤처투자,주식소각결정,2026-05-27,20260527900683,100790
주식소각결정,코스닥시장,오스템,주식소각결정,2026-05-26,20260526900163,031510
주식소각결정,코스닥시장,인화정공,주식소각결정,2026-05-22,20260522900361,101930
주식소각결정,코스닥시장,케이피에프,주식소각결정,2026-05-20,20260520900316,024880
주식소각결정,코스닥시장,에프엔에스테크,주식소각결정,2026-05-19,20260519900619,083500
주식소각결정,코스닥시장,파버나인,주식소각결정,2026-05-19,20260519900197,177830
주식소각결정,유가증권시장,드림텍,주식소각결정,2026-05-19,20260519800138,192650
주식소각결정,코스닥시장,제이엠아이,주식소각결정,2026-05-18,20260518900512,033050
주식소각결정,유가증권시장,한솔케미칼,주식소각결정,2026-05-18,20260518800453,014680
주식소각결정,유가증권시장,신성이엔지,주식소각결정,2026-05-18,20260518800360,011930
주식소각결정,코스닥시장,휴비츠,주식소각결정,2026-05-14,20260514900945,065510
주식소각결정,코스닥시장,와이즈버즈,주식소각결정,2026-05-14,20260514900309,273060
주식소각결정,코스닥시장,고영,주식소각결정,2026-05-13,20260513900966,098460
주식소각결정,코스닥시장,위메이드플레이,주식소각결정,2026-05-13,20260513900926,123420
주식소각결정,유가증권시장,한일홀딩스,주식소각결정,2026-05-13,20260513800889,003300
주식소각결정,코스닥시장,지아이이노베이션,주식소각결정,2026-05-13,20260513900691,358570
주식소각결정,코스닥시장,유비쿼스홀딩스,주식소각결정,2026-05-13,20260513900419,078070
주식소각결정,유가증권시장,영원무역홀딩스,주식소각결정,2026-05-12,20260512800825,009970
주식소각결정,코스닥시장,네오티스,주식소각결정,2026-05-12,20260512900483,085910
주식소각결정,코스닥시장,삼현철강,주식소각결정,2026-05-12,20260512900360,017480
주식소각결정,유가증권시장,NHN,주식소각결정,2026-05-11,20260511800922,181710
주식소각결정,유가증권시장,GS,주식소각결정,2026-05-08,20260508800546,078930
주식소각결정,유가증권시장,유안타증권,주식소각결정,2026-05-07,20260507800735,003470
주식소각결정,유가증권시장,방림,주식소각결정,2026-05-06,20260506800265,003610
주식소각결정,유가증권시장,셀트리온,주식소각결정,2026-05-06,20260506800095,068270
주식소각결정,유가증권시장,LG생활건강,주식소각결정,2026-04-30,20260430801057,051900
주식소각결정,유가증권시장,LG유플러스,주식소각결정,2026-04-30,20260430800915,032640
주식소각결정,유가증권시장,BNK금융지주,주식소각결정,2026-04-30,20260430800736,138930
주식소각결정,유가증권시장,한양증권,주식소각결정,2026-04-29,20260429801158,001750
주식소각결정,코스닥시장,라온시큐어,주식소각결정,2026-04-29,20260429900392,042510
주식소각결정,코스닥시장,원익큐브,주식소각결정,2026-04-28,20260428900626,014190
주식소각결정,유가증권시장,영화금속,주식소각결정,2026-04-28,20260428800338,012280
주식소각결정,유가증권시장,대한조선,주식소각결정,2026-04-28,20260428800321,439260
주식소각결정,코스닥시장,아모텍,주식소각결정,2026-04-27,20260427900576,052710
주식소각결정,코스닥시장,매커스,주식소각결정,2026-04-27,20260427900365,093520
주식소각결정,코스닥시장,세보엠이씨,주식소각결정,2026-04-27,20260427900256,011560
주식소각결정,유가증권시장,현대모비스,주식소각결정,2026-04-24,20260424800596,012330
주식소각결정,유가증권시장,하나금융지주,주식소각결정,2026-04-24,20260424800402,086790
주식소각결정,코스닥시장,인선이엔티,주식소각결정,2026-04-24,20260424900300,060150
주식소각결정,코스닥시장,한싹,주식소각결정,2026-04-24,20260424900290,430690
주식소각결정,코스닥시장,한솔아이원스,주식소각결정,2026-04-23,20260423900784,114810
주식소각결정,유가증권시장,호전실업,주식소각결정,2026-04-23,20260423800718,111110
주식소각결정,유가증권시장,KB금융,주식소각결정 (기보유 자기주식),2026-04-23,20260423800583,105560
주식소각결정,코스닥시장,동진쎄미켐,주식소각결정,2026-04-22,20260422900182,005290
주식소각결정,유가증권시장,대한제당,주식소각결정,2026-04-21,20260421800267,001790
주식소각결정,유가증권시장,대림바스,주식소각결정,2026-04-20,20260420800762,005750
주식소각결정,코스닥시장,PS일렉트로닉스,주식소각결정,2026-04-20,20260420900278,332570
주식소각결정,코스닥시장,엠투엔,주식소각결정 (상환전환우선주),2026-04-17,20260417900398,033310
주식소각결정,코스닥시장,센코,주식소각결정,2026-04-14,20260414900356,347000
주식소각결정,코스닥시장,SM Life Design,주식소각결정,2026-04-13,20260413900908,063440
주식소각결정,유가증권시장,백산,주식소각결정,2026-04-10,20260410800350,035150
주식소각결정,코스닥시장,모아텍,주식소각결정,2026-04-09,20260409900768,033200
주식소각결정,코스닥시장,원텍,주식소각결정,2026-04-08,20260408900844,336570
주식소각결정,코스닥시장,인트론바이오,주식소각결정,2026-04-02,20260402900861,048530
주식소각결정,코스닥시장,뉴보텍,주식소각결정,2026-04-02,20260402900427,060260
주식소각결정,유가증권시장,유엔젤,주식소각결정,2026-04-01,20260401800624,072130
주식소각결정,코스닥시장,모니터랩,주식소각결정,2026-04-01,20260401900374,434480
주식소각결정,코스닥시장,TS인베스트먼트,주식소각결정,2026-03-31,20260331903680,246690
주식소각결정,코스닥시장,와이엠티,주식소각결정,2026-03-31,20260331903126,251370
주식소각결정,코스닥시장,케이프,주식소각결정,2026-03-31,20260331902507,064820
주식소각결정,코스닥시장,SY동아,주식소각결정,2026-03-31,20260331900917,041930
주식소각결정,유가증권시장,삼성전자,주식소각결정,2026-03-31,20260331800004,005930
주식소각결정,코스닥시장,네오위즈,주식소각결정,2026-03-27,20260327900792,095660
주식소각결정,유가증권시장,다우기술,주식소각결정,2026-03-26,20260326802981,023590
주식소각결정,코스닥시장,인크로스,주식소각결정,2026-03-26,20260326902773,216050
주식소각결정,유가증권시장,미래에셋생명,주식소각결정,2026-03-26,20260326802607,085620
주식소각결정,유가증권시장,세아홀딩스,주식소각결정,2026-03-26,20260326801706,058650
주식소각결정,유가증권시장,메리츠금융지주,주식소각결정,2026-03-26,20260326800188,138040
주식소각결정,유가증권시장,영풍,주식소각결정,2026-03-25,20260325801490,000670
주식소각결정,유가증권시장,SK스퀘어,주식소각결정,2026-03-25,20260325800742,402340
주식소각결정,유가증권시장,한국주강,주식소각결정,2026-03-25,20260325800382,025890
주식소각결정,유가증권시장,방림,주식소각결정,2026-03-25,20260325800363,003610
주식소각결정,유가증권시장,대신증권,주식소각결정,2026-03-24,20260324801066,003540
주식소각결정,코스닥시장,토박스코리아,주식소각결정,2026-03-24,20260324900685,215480
주식소각결정,유가증권시장,셀트리온,주식소각결정,2026-03-24,20260324800413,068270
주식소각결정,코스닥시장,오에스피,주식소각결정,2026-03-24,20260324900283,368970
주식소각결정,유가증권시장,삼양홀딩스,주식소각결정,2026-03-23,20260323801376,000070
주식소각결정,코스닥시장,카페24,주식소각결정,2026-03-23,20260323901214,042000
주식소각결정,코스닥시장,지란지교시큐리티,주식소각결정,2026-03-23,20260323900402,208350
주식소각결정,유가증권시장,대창단조,주식소각결정,2026-03-23,20260323800368,015230
주식소각결정,유가증권시장,한국특강,주식소각결정,2026-03-23,20260323800325,007280
주식소각결정,코스닥시장,에스에스알,주식소각결정,2026-03-23,20260323900292,275630
주식소각결정,코스닥시장,피에스텍,주식소각결정,2026-03-23,20260323900157,002230
주식소각결정,유가증권시장,현대해상,주식소각결정,2026-03-20,20260320801742,001450
주식소각결정,유가증권시장,코리아써키트,주식소각결정,2026-03-20,20260320800971,007810
주식소각결정,코스닥시장,오상헬스케어,주식소각결정,2026-03-20,20260320900695,036220
주식소각결정,코스닥시장,폴라리스AI파마,주식소각결정,2026-03-19,20260319901756,041910
주식소각결정,코스닥시장,폴라리스오피스,주식소각결정,2026-03-19,20260319901608,041020
주식소각결정,코스닥시장,폴라리스우노,주식소각결정,2026-03-19,20260319901542,114630
주식소각결정,코스닥시장,폴라리스AI,주식소각결정,2026-03-19,20260319901539,039980
주식소각결정,코스닥시장,아이씨디,주식소각결정,2026-03-19,20260319900801,040910
주식소각결정,코스닥시장,삼양케이씨아이,주식소각결정,2026-03-19,20260319900676,036670
주식소각결정,코스닥시장,휴마시스,주식소각결정,2026-03-19,20260319900346,205470
주식소각결정,유가증권시장,삼양사,주식소각결정,2026-03-18,20260318802339,145990
주식소각결정,유가증권시장,유니켐,주식소각결정,2026-03-18,20260318801094,011330
주식소각결정,유가증권시장,INVENI,주식소각결정,2026-03-18,20260318800926,015360
주식소각결정,코스닥시장,유아이엘,주식소각결정,2026-03-18,20260318900187,049520
주식소각결정,유가증권시장,아세아,주식소각결정,2026-03-17,20260317800727,002030
주식소각결정,유가증권시장,아세아시멘트,주식소각결정,2026-03-17,20260317800652,183190
주식소각결정,유가증권시장,아세아제지,주식소각결정,2026-03-17,20260317800620,002310
주식소각결정,코스닥시장,피제이전자,주식소각결정,2026-03-17,20260317900346,006140
주식소각결정,코스닥시장,액토즈소프트,주식소각결정,2026-03-16,20260316902673,052790
주식소각결정,코스닥시장,오션인더블유,주식소각결정,2026-03-16,20260316901570,052300
주식소각결정,코스닥시장,그래디언트,주식소각결정,2026-03-16,20260316900314,035080
주식소각결정,코스닥시장,웹케시,주식소각결정,2026-03-16,20260316900311,053580
주식소각결정,유가증권시장,엔케이,주식소각결정,2026-03-16,20260316800226,085310
주식소각결정,유가증권시장,KTcs,주식소각결정,2026-03-13,20260313800768,058850
주식소각결정,코스닥시장,슈프리마에이치큐,주식소각결정,2026-03-12,20260312902077,094840
주식소각결정,코스닥시장,와이솔,주식소각결정,2026-03-12,20260312901598,122990
주식소각결정,유가증권시장,코리안리,주식소각결정,2026-03-12,20260312800896,003690
주식소각결정,유가증권시장,금호석유화학,주식소각결정,2026-03-11,20260311800919,011780
주식소각결정,유가증권시장,빙그레,주식소각결정,2026-03-11,20260311800895,005180
주식소각결정,유가증권시장,신성이엔지,주식소각결정,2026-03-11,20260311800492,011930
주식소각결정,유가증권시장,모토닉,주식소각결정,2026-03-11,20260311800294,009680
주식소각결정,코스닥시장,에이텍모빌리티,주식소각결정,2026-03-10,20260310901902,224110
주식소각결정,유가증권시장,시프트업,주식소각결정,2026-03-10,20260310801620,462870
주식소각결정,유가증권시장,SK,주식소각결정,2026-03-10,20260310801475,034730
주식소각결정,코스닥시장,사람인,주식소각결정,2026-03-10,20260310901146,143240
주식소각결정,유가증권시장,에스디바이오센서,주식소각결정,2026-03-10,20260310800902,137310
주식소각결정,코스닥시장,에프에스티,주식소각결정,2026-03-10,20260310900385,036810
주식소각결정,코스닥시장,DSC인베스트먼트,주식소각결정,2026-03-09,20260309901536,241520
주식소각결정,유가증권시장,대신증권,주식소각결정,2026-03-09,20260309800997,003540
주식소각결정,유가증권시장,아모레퍼시픽홀딩스,주식소각결정,2026-03-09,20260309800489,002790
주식소각결정,코스닥시장,티비씨,주식소각결정,2026-03-06,20260306900711,033830
주식소각결정,코스닥시장,위더스제약,주식소각결정,2026-03-06,20260306900605,330350
주식소각결정,코스닥시장,바이오스마트,주식소각결정,2026-03-05,20260305901548,038460
주식소각결정,코스닥시장,패션플랫폼,주식소각결정,2026-03-05,20260305901343,225590
주식소각결정,코스닥시장,옴니시스템,주식소각결정,2026-03-05,20260305901277,057540
주식소각결정,코스닥시장,삼륭물산,주식소각결정,2026-03-05,20260305901216,014970
주식소각결정,유가증권시장,삼천리,주식소각결정,2026-03-05,20260305801172,004690
주식소각결정,코스닥시장,네오위즈홀딩스,주식소각결정,2026-03-05,20260305901124,042420
주식소각결정,코스닥시장,휴맥스홀딩스,주식소각결정,2026-03-05,20260305900561,028080
주식소각결정,코스닥시장,휴맥스,주식소각결정,2026-03-05,20260305900559,115160
주식소각결정,코스닥시장,소프트센,주식소각결정,2026-03-04,20260304901506,032680
주식소각결정,유가증권시장,대우건설,주식소각결정,2026-03-04,20260304801486,047040
주식소각결정,유가증권시장,미래에셋생명,주식소각결정,2026-03-04,20260304801368,085620
주식소각결정,유가증권시장,SK증권,주식소각결정,2026-03-04,20260304801132,001510
주식소각결정,유가증권시장,덴티움,주식소각결정,2026-03-04,20260304800973,145720
주식소각결정,유가증권시장,한국카본,주식소각결정,2026-03-04,20260304800901,017960
주식소각결정,코스닥시장,엔지켐생명과학,주식소각결정,2026-03-04,20260304900781,183490
주식소각결정,코스닥시장,광무,주식소각결정,2026-03-03,20260303901167,029480
주식소각결정,유가증권시장,벽산,주식소각결정,2026-03-03,20260303801126,007210
주식소각결정,유가증권시장,제일연마,주식소각결정,2026-03-03,20260303800284,001560
주식소각결정,코스닥시장,이씨에스,주식소각결정,2026-03-03,20260303900216,067010
주식소각결정,코스닥시장,한양이엔지,주식소각결정,2026-02-27,20260227901841,045100
주식소각결정,유가증권시장,DB손해보험,주식소각결정,2026-02-27,20260227800627,005830
주식소각결정,유가증권시장,바이오노트,주식소각결정,2026-02-27,20260227800101,377740
주식소각결정,유가증권시장,신풍제약,주식소각결정,2026-02-26,20260226801579,019170
주식소각결정,유가증권시장,DRB동일,주식소각결정,2026-02-26,20260226801182,004840
주식소각결정,유가증권시장,성문전자,주식소각결정,2026-02-26,20260226800743,014910
주식소각결정,코스닥시장,케이엘넷,주식소각결정,2026-02-25,20260225901037,039420
주식소각결정,유가증권시장,넥센,주식소각결정,2026-02-25,20260225800832,005720
주식소각결정,유가증권시장,자화전자,주식소각결정,2026-02-25,20260225800367,033240
주식소각결정,유가증권시장,씨케이솔루션,주식소각결정,2026-02-25,20260225800151,480370
주식소각결정,코스닥시장,와이엠씨,주식소각결정,2026-02-25,20260225900139,155650
주식소각결정,코스닥시장,솔브레인홀딩스,주식소각결정,2026-02-24,20260224901392,036830
주식소각결정,코스닥시장,모트렉스,주식소각결정,2026-02-24,20260224900257,118990
주식소각결정,코스닥시장,서울평가정보,주식소각결정,2026-02-24,20260224900170,036120
주식소각결정,유가증권시장,동아에스티,주식소각결정,2026-02-23,20260223800756,170900
주식소각결정,코스닥시장,티쓰리,주식소각결정,2026-02-23,20260223900472,204610
주식소각결정,코스닥시장,디오,주식소각결정,2026-02-23,20260223900342,039840
주식소각결정,코스닥시장,에스에스알,주식소각결정,2026-02-23,20260223900310,275630
주식소각결정,코스닥시장,바디텍메드,주식소각결정,2026-02-20,20260220901272,206640
주식소각결정,유가증권시장,시디즈,주식소각결정,2026-02-20,20260220800872,134790
주식소각결정,코스닥시장,메타바이오메드,주식소각결정,2026-02-20,20260220900226,059210
주식소각결정,유가증권시장,POSCO홀딩스,주식소각결정,2026-02-19,20260219800589,005490
주식소각결정,코스닥시장,클래시스,주식소각결정,2026-02-19,20260219900311,214150
주식소각결정,코스닥시장,셀로맥스사이언스,주식소각결정,2026-02-13,20260213900947,471820
주식소각결정,유가증권시장,한솔테크닉스,주식소각결정,2026-02-13,20260213800403,004710
주식소각결정,코스닥시장,엠투엔,주식소각결정,2026-02-12,20260212901577,033310
주식소각결정,코스닥시장,셀트리온제약,주식소각결정,2026-02-12,20260212901494,068760
주식소각결정,코스닥시장,HPSP,주식소각결정,2026-02-12,20260212900948,403870
주식소각결정,코스닥시장,리드코프,주식소각결정,2026-02-12,20260212900929,012700
주식소각결정,코스닥시장,뷰웍스,주식소각결정,2026-02-12,20260212900655,100120
주식소각결정,코스닥시장,태웅로직스,주식소각결정,2026-02-12,20260212900601,124560
주식소각결정,유가증권시장,LS,주식소각결정,2026-02-11,20260211801559,006260
주식소각결정,유가증권시장,신도리코,주식소각결정,2026-02-11,20260211801336,029530
주식소각결정,유가증권시장,SK디스커버리,주식소각결정,2026-02-11,20260211801244,006120
주식소각결정,유가증권시장,HL홀딩스,주식소각결정,2026-02-11,20260211801080,060980
주식소각결정,코스닥시장,인트론바이오,주식소각결정,2026-02-11,20260211900891,048530
주식소각결정,코스닥시장,화일약품,주식소각결정,2026-02-11,20260211900875,061250
주식소각결정,코스닥시장,에코볼트,주식소각결정,2026-02-11,20260211900863,097780
주식소각결정,코스닥시장,오성첨단소재,주식소각결정,2026-02-11,20260211900853,052420
주식소각결정,코스닥시장,현대이지웰,주식소각결정,2026-02-11,20260211900414,090850
주식소각결정,유가증권시장,현대백화점,주식소각결정,2026-02-11,20260211800410,069960
주식소각결정,유가증권시장,현대퓨처넷,주식소각결정,2026-02-11,20260211800217,126560
주식소각결정,코스닥시장,한국경제TV,주식소각결정,2026-02-10,20260210900901,039340
주식소각결정,코스닥시장,산돌,주식소각결정,2026-02-10,20260210900799,419120
주식소각결정,코스닥시장,주성엔지니어링,주식소각결정,2026-02-10,20260210900746,036930
주식소각결정,코스닥시장,리메드,주식소각결정,2026-02-09,20260209901292,302550
주식소각결정,유가증권시장,신세계인터내셔날,주식소각결정,2026-02-09,20260209800808,031430
주식소각결정,유가증권시장,삼원강재,주식소각결정,2026-02-09,20260209800783,023000
주식소각결정,유가증권시장,한섬,주식소각결정,2026-02-09,20260209800668,020000
주식소각결정,유가증권시장,현대리바트,주식소각결정,2026-02-09,20260209800659,079430
주식소각결정,유가증권시장,메리츠금융지주,주식소각결정,2026-02-09,20260209800393,138040
주식소각결정,유가증권시장,아모레퍼시픽홀딩스,주식소각결정,2026-02-06,20260206802679,002790
주식소각결정,유가증권시장,iM금융지주,주식소각결정,2026-02-06,20260206802534,139130
주식소각결정,유가증권시장,우리금융지주,주식소각결정,2026-02-06,20260206801299,316140
주식소각결정,코스닥시장,현대에버다임,주식소각결정,2026-02-06,20260206901293,041440
주식소각결정,유가증권시장,HD건설기계,주식소각결정,2026-02-06,20260206800908,267270
주식소각결정,유가증권시장,JB금융지주,주식소각결정,2026-02-05,20260205800888,175330
주식소각결정,유가증권시장,KB금융,주식소각결정,2026-02-05,20260205800690,105560
주식소각결정,코스닥시장,크레버스,주식소각결정,2026-02-05,20260205900642,096240
주식소각결정,유가증권시장,넷마블,주식소각결정,2026-02-05,20260205800545,251270
주식소각결정,유가증권시장,신한지주,주식소각결정,2026-02-05,20260205800313,055550
주식소각결정,코스닥시장,시큐브,주식소각결정,2026-02-03,20260203901099,131090
주식소각결정,코스닥시장,노바렉스,주식소각결정,2026-02-02,20260202902121,194700
주식소각결정,유가증권시장,덴티움,주식소각결정,2026-02-02,20260202801229,145720
주식소각결정,코스닥시장,티에스아이,주식소각결정,2026-02-02,20260202900817,277880
주식소각결정,유가증권시장,하나금융지주,주식소각결정,2026-01-30,20260130800596,086790
주식소각결정,코스닥시장,태광,주식소각결정,2026-01-30,20260130900126,023160
주식소각결정,유가증권시장,SK하이닉스,주식소각결정,2026-01-28,20260128800616,000660
주식소각결정,유가증권시장,삼성물산,주식소각결정,2026-01-28,20260128800545,028260
주식소각결정,코스닥시장,슈프리마에이치큐,주식소각결정,2026-01-28,20260128900346,094840
주식소각결정,코스닥시장,슈프리마,주식소각결정,2026-01-28,20260128900313,236200
주식소각결정,유가증권시장,신일전자,주식소각결정,2026-01-26,20260126800317,002700
주식소각결정,코스닥시장,메디톡스,주식소각결정 (상환전환우선주),2026-01-23,20260123900361,086900
주식소각결정,유가증권시장,신흥,주식소각결정,2026-01-21,20260121800382,004080
주식소각결정,코스닥시장,PS일렉트로닉스,주식소각결정,2026-01-21,20260121900309,332570
주식소각결정,코스닥시장,디티앤씨,주식소각결정,2026-01-21,20260121900219,187220
주식소각결정,코스닥시장,엠플러스,주식소각결정,2026-01-20,20260120900213,259630
주식소각결정,코스닥시장,세보엠이씨,주식소각결정,2026-01-19,20260119900713,011560
주식소각결정,코스닥시장,성도이엔지,주식소각결정,2026-01-19,20260119900648,037350
주식소각결정,유가증권시장,백산,주식소각결정,2026-01-16,20260116800449,035150
주식소각결정,코스닥시장,대동스틸,주식소각결정,2026-01-15,20260115900369,048470
주식소각결정,코스닥시장,크레버스,주식소각결정,2026-01-15,20260115900111,096240
주식소각결정,코스닥시장,이니텍,주식소각결정,2026-01-14,20260114900287,053350
주식소각결정,코스닥시장,오아,주식소각결정,2026-01-13,20260113900712,342870
주식소각결정,코스닥시장,위드텍,주식소각결정,2026-01-12,20260112900200,348350
주식소각결정,코스닥시장,토비스,주식소각결정,2026-01-09,20260109900143,051360
주식소각결정,유가증권시장,세방전지,주식소각결정,2026-01-06,20260106800238,004490
주식소각결정,코스닥시장,컴투스,주식소각결정,2026-01-05,20260105900619,078340
주식소각결정,유가증권시장,유한양행,주식소각결정,2026-01-05,20260105800105,000100
유상증자결정,유가증권시장,HD현대마린솔루션,유상증자결정,2024-03-25,20240325000579,443060
유상증자결정,코스닥시장,삼양엔씨켐,유상증자결정,2024-11-18,20241118000164,482630
유상증자결정,코스닥시장,엔케이젠바이오텍코리아,유상증자결정 (출자전환),2025-12-15,20251215901228,182400
자기주식취득결정,코스닥시장,로젠,주요사항보고서(자기주식취득결정),2024-06-28,20240628000242,033290
자기주식취득결정,코스닥시장,로보티즈,주요사항보고서(자기주식취득결정),2024-06-27,20240627000419,108490
자기주식취득결정,유가증권시장,SK아이이테크놀로지,주요사항보고서(자기주식취득결정),2024-06-26,20240626000207,361610
자기주식취득결정,코스닥시장,오상헬스케어,주요사항보고서(자기주식취득결정),2024-06-17,20240617000172,036220
자기주식취득결정,유가증권시장,백산,주요사항보고서(자기주식취득결정),2024-06-17,20240617000057,035150
자기주식취득결정,유가증권시장,셀트리온,주요사항보고서(자기주식취득결정),2024-06-14,20240614000092,068270
자기주식취득결정,코스닥시장,파트론,주요사항보고서(자기주식취득결정),2024-06-10,20240610000311,091700
자기주식취득결정,유가증권시장,JW홀딩스,주요사항보고서(자기주식취득결정),2024-06-10,20240610000216,096760
자기주식취득결정,코스닥시장,카이노스메드,주요사항보고서(자기주식취득결정),2024-06-05,20240605000086,284620
자기주식취득결정,코스닥시장,로킷헬스케어,주요사항보고서(자기주식취득결정),2024-05-31,20240531002323,376900
자기주식취득결정,유가증권시장,미원상사,주요사항보고서(자기주식취득결정),2024-05-29,20240529000113,002840
자기주식취득결정,코스닥시장,코미팜,주요사항보고서(자기주식취득결정),2024-05-29,20240529000068,041960
자기주식취득결정,코스닥시장,지어소프트,주요사항보고서(자기주식취득결정),2024-05-10,20240510000470,051160
자기주식취득결정,코스닥시장,중앙백신,주요사항보고서(자기주식취득결정),2024-05-10,20240510000419,072020
자기주식취득결정,유가증권시장,NC,주요사항보고서(자기주식취득결정),2024-05-09,20240509000521,036570
자기주식취득결정,코스닥시장,RF머트리얼즈,주요사항보고서(자기주식취득결정),2024-05-02,20240502000238,327260
자기주식취득결정,코스닥시장,제주반도체,주요사항보고서(자기주식취득결정),2024-04-29,20240429001044,080220
자기주식취득결정,유가증권시장,두산밥캣,주요사항보고서(자기주식취득결정),2024-04-29,20240429000922,241560
자기주식취득결정,코스닥시장,삼륭물산,주요사항보고서(자기주식취득결정),2024-04-25,20240425000318,014970
자기주식취득결정,코스닥시장,육일씨엔에쓰,주요사항보고서(자기주식취득결정),2024-04-18,20240418000299,191410
자기주식취득결정,유가증권시장,한화손해보험,주요사항보고서(자기주식취득결정),2024-04-18,20240418000218,000370
자기주식취득결정,코스닥시장,쎄니트,주요사항보고서(자기주식취득결정),2024-04-18,20240418000161,037760
자기주식취득결정,유가증권시장,셀트리온,주요사항보고서(자기주식취득결정),2024-04-17,20240417000152,068270
자기주식취득결정,코스닥시장,노바텍,주요사항보고서(자기주식취득결정),2024-04-17,20240417000035,285490
자기주식취득결정,코스닥시장,페니트리움바이오,주요사항보고서(자기주식취득결정),2024-04-16,20240416000224,187660
자기주식취득결정,코스닥시장,원풍,주요사항보고서(자기주식취득결정),2024-04-11,20240411002166,008370
자기주식취득결정,코스닥시장,오로라,주요사항보고서(자기주식취득결정),2024-04-05,20240405003417,039830
자기주식취득결정,코스닥시장,코스텍시스,주요사항보고서(자기주식취득결정),2024-04-03,20240403001041,355150
자기주식취득결정,코스닥시장,코텍,주요사항보고서(자기주식취득결정),2024-04-02,20240402000945,052330
자기주식취득결정,코스닥시장,감성코퍼레이션,주요사항보고서(자기주식취득결정),2024-04-02,20240402000782,036620
자기주식취득결정,코스닥시장,파트론,주요사항보고서(자기주식취득결정),2024-03-29,20240329003499,091700
자기주식취득결정,코스닥시장,아난티,주요사항보고서(자기주식취득결정),2024-03-28,20240328000541,025980
자기주식취득결정,코스닥시장,에스앤디,주요사항보고서(자기주식취득결정),2024-03-22,20240322000830,260970
자기주식취득결정,코스닥시장,코미팜,주요사항보고서(자기주식취득결정),2024-03-21,20240321000012,041960
자기주식취득결정,유가증권시장,신세계인터내셔날,주요사항보고서(자기주식취득결정),2024-03-20,20240320000766,031430
자기주식취득결정,유가증권시장,LF,주요사항보고서(자기주식취득결정),2024-03-20,20240320000404,093050
자기주식취득결정,유가증권시장,동남합성,주요사항보고서(자기주식취득결정),2024-03-20,20240320000288,023450
자기주식취득결정,코스닥시장,DMS,주요사항보고서(자기주식취득결정),2024-03-18,20240318000434,068790
자기주식취득결정,코스닥시장,휴마시스,주요사항보고서(자기주식취득결정),2024-03-18,20240318000322,205470
자기주식취득결정,코스닥시장,씨앤투스,주요사항보고서(자기주식취득결정),2024-03-14,20240314000277,352700
자기주식취득결정,유가증권시장,엠씨넥스,주요사항보고서(자기주식취득결정),2024-03-14,20240314000209,097520
자기주식취득결정,유가증권시장,우리금융지주,주요사항보고서(자기주식취득결정),2024-03-13,20240313001515,316140
자기주식취득결정,코스닥시장,에스코넥,주요사항보고서(자기주식취득결정),2024-03-12,20240312000732,096630
자기주식취득결정,유가증권시장,NH투자증권,주요사항보고서(자기주식취득결정),2024-03-12,20240312000001,005940
자기주식취득결정,코스닥시장,토비스,주요사항보고서(자기주식취득결정),2024-03-11,20240311000112,051360
자기주식취득결정,유가증권시장,백산,주요사항보고서(자기주식취득결정),2024-03-08,20240308000366,035150
자기주식취득결정,유가증권시장,미원상사,주요사항보고서(자기주식취득결정),2024-03-06,20240306000519,002840
자기주식취득결정,유가증권시장,케이탑리츠,주요사항보고서(자기주식취득결정),2024-03-06,20240306000198,145270
자기주식취득결정,유가증권시장,셀트리온,주요사항보고서(자기주식취득결정),2024-03-05,20240305000129,068270
자기주식취득결정,코스닥시장,디에스케이,주요사항보고서(자기주식취득결정),2024-03-05,20240305000115,109740
자기주식취득결정,코스닥시장,앤디포스,주요사항보고서(자기주식취득결정),2024-02-28,20240228008655,238090
자기주식취득결정,코스닥시장,휴마시스,주요사항보고서(자기주식취득결정),2024-02-26,20240226005093,205470
자기주식취득결정,코스닥시장,티쓰리,주요사항보고서(자기주식취득결정),2024-02-26,20240226002906,204610
자기주식취득결정,유가증권시장,삼익악기,주요사항보고서(자기주식취득결정),2024-02-22,20240222001213,002450
자기주식취득결정,코스닥시장,DMS,주요사항보고서(자기주식취득결정),2024-02-21,20240221000803,068790
자기주식취득결정,유가증권시장,현대모비스,주요사항보고서(자기주식취득결정),2024-02-16,20240216001385,012330
자기주식취득결정,유가증권시장,미원에스씨,주요사항보고서(자기주식취득결정),2024-02-15,20240215001247,268280
자기주식취득결정,유가증권시장,NHN,주요사항보고서(자기주식취득결정),2024-02-13,20240213001010,181710
자기주식취득결정,유가증권시장,신한지주,주요사항보고서(자기주식취득결정),2024-02-08,20240208000535,055550
자기주식취득결정,유가증권시장,문배철강,주요사항보고서(자기주식취득결정),2024-02-02,20240202000483,008420
자기주식취득결정,유가증권시장,SK아이이테크놀로지,주요사항보고서(자기주식취득결정),2024-02-02,20240202000330,361610
자기주식취득결정,유가증권시장,HDC,주요사항보고서(자기주식취득결정),2024-02-01,20240201000561,012630
자기주식취득결정,코스닥시장,경동제약,주요사항보고서(자기주식취득결정),2024-01-30,20240130000422,011040
자기주식취득결정,유가증권시장,기아,주요사항보고서(자기주식취득결정),2024-01-25,20240125000291,000270
자기주식취득결정,코스닥시장,LS증권,주요사항보고서(자기주식취득결정),2024-01-23,20240123000390,078020
자기주식취득결정,코스닥시장,스모트로닉,주요사항보고서(자기주식취득결정),2024-01-23,20240123000039,066590
자기주식취득결정,코스닥시장,상신이디피,주요사항보고서(자기주식취득결정),2024-01-22,20240122000216,091580
자기주식취득결정,코스닥시장,대림제지,주요사항보고서(자기주식취득결정),2024-01-19,20240119000068,017650
자기주식취득결정,코스닥시장,브이티,주요사항보고서(자기주식취득결정),2024-01-04,20240104000115,018290
자기주식취득결정,유가증권시장,셀트리온,주요사항보고서(자기주식취득결정),2024-12-27,20241227000212,068270
자기주식취득결정,코스닥시장,서부T&D,주요사항보고서(자기주식취득결정),2024-12-20,20241220000536,006730
자기주식취득결정,유가증권시장,JW중외제약,주요사항보고서(자기주식취득결정),2024-12-17,20241217000258,001060
자기주식취득결정,유가증권시장,JW홀딩스,주요사항보고서(자기주식취득결정),2024-12-17,20241217000253,096760
자기주식취득결정,코스닥시장,유라클,주요사항보고서(자기주식취득결정),2024-12-17,20241217000111,088340
자기주식취득결정,코스닥시장,바이오플러스,주요사항보고서(자기주식취득결정),2024-12-16,20241216000362,099430
자기주식취득결정,코스닥시장,에이치엔에스하이텍,주요사항보고서(자기주식취득결정),2024-12-16,20241216000135,044990
자기주식취득결정,유가증권시장,방림,주요사항보고서(자기주식취득결정),2024-12-16,20241216000082,003610
자기주식취득결정,유가증권시장,두산밥캣,주요사항보고서(자기주식취득결정),2024-12-16,20241216000080,241560
자기주식취득결정,유가증권시장,삼화왕관,주요사항보고서(자기주식취득결정),2024-12-12,20241212000238,004450
자기주식취득결정,유가증권시장,동남합성,주요사항보고서(자기주식취득결정),2024-12-11,20241211000099,023450
자기주식취득결정,코스닥시장,토비스,주요사항보고서(자기주식취득결정),2024-12-11,20241211000066,051360
자기주식취득결정,코스닥시장,노바텍,주요사항보고서(자기주식취득결정),2024-12-10,20241210000441,285490
자기주식취득결정,코스닥시장,인선이엔티,주요사항보고서(자기주식취득결정),2024-12-10,20241210000098,060150
자기주식취득결정,코스닥시장,나노신소재,주요사항보고서(자기주식취득결정),2024-12-09,20241209000348,121600
자기주식취득결정,코스닥시장,RFHIC,주요사항보고서(자기주식취득결정),2024-12-09,20241209000286,218410
자기주식취득결정,코스닥시장,메디톡스,주요사항보고서(자기주식취득결정),2024-12-09,20241209000144,086900
자기주식취득결정,코스닥시장,모다이노칩,주요사항보고서(자기주식취득결정),2024-12-09,20241209000079,080420
자기주식취득결정,코스닥시장,디에이피,주요사항보고서(자기주식취득결정),2024-12-06,20241206000180,066900
자기주식취득결정,코스닥시장,로젠,주요사항보고서(자기주식취득결정),2024-12-06,20241206000109,033290
자기주식취득결정,코스닥시장,배럴,주요사항보고서(자기주식취득결정),2024-12-03,20241203000217,267790
자기주식취득결정,코스닥시장,GST,주요사항보고서(자기주식취득결정),2024-12-03,20241203000215,083450
자기주식취득결정,코스닥시장,코스텍시스,주요사항보고서(자기주식취득결정),2024-12-03,20241203000070,355150
자기주식취득결정,코스닥시장,엠플러스,주요사항보고서(자기주식취득결정),2024-12-02,20241202000210,259630
자기주식취득결정,코스닥시장,도이치모터스,주요사항보고서(자기주식취득결정),2024-12-02,20241202000028,067990
자기주식취득결정,코스닥시장,DMS,주요사항보고서(자기주식취득결정),2024-11-29,20241129000796,068790
자기주식취득결정,코스닥시장,KG파이낸셜,주요사항보고서(자기주식취득결정),2024-11-26,20241126000337,046440
자기주식취득결정,유가증권시장,SK스퀘어,주요사항보고서(자기주식취득결정),2024-11-21,20241121000352,402340
자기주식취득결정,유가증권시장,셀트리온,주요사항보고서(자기주식취득결정),2024-11-21,20241121000006,068270
자기주식취득결정,코스닥시장,티쓰리,주요사항보고서(자기주식취득결정),2024-11-18,20241118000028,204610
자기주식취득결정,유가증권시장,삼성전자,주요사항보고서(자기주식취득결정),2024-11-18,20241115000375,005930
자기주식취득결정,코스닥시장,메디톡스,주요사항보고서(자기주식취득결정),2024-11-15,20241115000218,086900
자기주식취득결정,유가증권시장,NI스틸,주요사항보고서(자기주식취득결정),2024-11-15,20241115000152,008260
자기주식취득결정,유가증권시장,문배철강,주요사항보고서(자기주식취득결정),2024-11-15,20241115000151,008420
자기주식취득결정,코스닥시장,에프엔에스테크,주요사항보고서(자기주식취득결정),2024-11-13,20241113000617,083500
자기주식취득결정,유가증권시장,에스디바이오센서,주요사항보고서(자기주식취득결정),2024-11-13,20241113000520,137310
자기주식취득결정,코스닥시장,노브랜드,주요사항보고서(자기주식취득결정),2024-11-13,20241113000498,145170
자기주식취득결정,유가증권시장,백산,주요사항보고서(자기주식취득결정),2024-11-13,20241113000398,035150
자기주식취득결정,코스닥시장,피에스텍,주요사항보고서(자기주식취득결정),2024-11-13,20241113000250,002230
자기주식취득결정,코스닥시장,매커스,주요사항보고서(자기주식취득결정),2024-11-13,20241113000199,093520
자기주식취득결정,유가증권시장,광동제약,주요사항보고서(자기주식취득결정),2024-11-12,20241112000380,009290
자기주식취득결정,코스닥시장,비트컴퓨터,주요사항보고서(자기주식취득결정),2024-11-12,20241112000252,032850
자기주식취득결정,유가증권시장,NHN,주요사항보고서(자기주식취득결정),2024-11-11,20241111000314,181710
자기주식취득결정,코스닥시장,그래디언트,주요사항보고서(자기주식취득결정),2024-11-08,20241108000470,035080
자기주식취득결정,유가증권시장,현대그린푸드,주요사항보고서(자기주식취득결정),2024-11-07,20241107000057,453340
자기주식취득결정,유가증권시장,삼영,주요사항보고서(자기주식취득결정),2024-11-06,20241106000265,003720
자기주식취득결정,코스닥시장,탑엔지니어링,주요사항보고서(자기주식취득결정),2024-11-06,20241106000118,065130
자기주식취득결정,코스닥시장,아난티,주요사항보고서(자기주식취득결정),2024-11-06,20241106000099,025980
자기주식취득결정,유가증권시장,신일전자,주요사항보고서(자기주식취득결정),2024-11-05,20241105000055,002700
자기주식취득결정,코스닥시장,씨앤투스,주요사항보고서(자기주식취득결정),2024-11-05,20241105000046,352700
자기주식취득결정,코스닥시장,윈스테크넷,주요사항보고서(자기주식취득결정),2024-11-04,20241104000327,136540
자기주식취득결정,유가증권시장,엠씨넥스,주요사항보고서(자기주식취득결정),2024-11-04,20241104000031,097520
자기주식취득결정,유가증권시장,금양,주요사항보고서(자기주식취득결정),2024-10-31,20241031000494,001570
자기주식취득결정,코스닥시장,에이치엔에스하이텍,주요사항보고서(자기주식취득결정),2024-10-31,20241031000311,044990
자기주식취득결정,코스닥시장,디케이앤디,주요사항보고서(자기주식취득결정),2024-10-28,20241028000033,263020
자기주식취득결정,유가증권시장,셀트리온,주요사항보고서(자기주식취득결정),2024-10-25,20241025000080,068270
자기주식취득결정,코스닥시장,안랩,주요사항보고서(자기주식취득결정),2024-10-21,20241021000008,053800
자기주식취득결정,유가증권시장,한솔케미칼,주요사항보고서(자기주식취득결정),2024-10-17,20241017000095,014680
자기주식취득결정,유가증권시장,미원에스씨,주요사항보고서(자기주식취득결정),2024-10-11,20241011000476,268280
자기주식취득결정,코스닥시장,도이치모터스,주요사항보고서(자기주식취득결정),2024-10-11,20241011000005,067990
자기주식취득결정,유가증권시장,강원랜드,주요사항보고서(자기주식취득결정),2024-10-10,20241010000456,035250
자기주식취득결정,코스닥시장,유라클,주요사항보고서(자기주식취득결정),2024-10-08,20241008000126,088340
자기주식취득결정,유가증권시장,LF,주요사항보고서(자기주식취득결정),2024-10-02,20241002000330,093050
자기주식취득결정,유가증권시장,고려아연,주요사항보고서(자기주식취득결정),2024-10-02,20241002000155,010130
자기주식취득결정,코스닥시장,디에이피,주요사항보고서(자기주식취득결정),2024-09-30,20240930000531,066900
자기주식취득결정,코스닥시장,케이프,주요사항보고서(자기주식취득결정),2024-09-30,20240930000446,064820
자기주식취득결정,코스닥시장,메디톡스,주요사항보고서(자기주식취득결정),2024-09-30,20240930000142,086900
자기주식취득결정,코스닥시장,삼륭물산,주요사항보고서(자기주식취득결정),2024-09-20,20240920000189,014970
자기주식취득결정,코스닥시장,파트론,주요사항보고서(자기주식취득결정),2024-09-19,20240919000285,091700
자기주식취득결정,유가증권시장,대한화섬,주요사항보고서(자기주식취득결정),2024-09-12,20240912000463,003830
자기주식취득결정,코스닥시장,넥스틴,주요사항보고서(자기주식취득결정),2024-09-11,20240911000067,348210
자기주식취득결정,코스닥시장,케어젠,주요사항보고서(자기주식취득결정),2024-09-10,20240910000384,214370
자기주식취득결정,코스닥시장,원풍,주요사항보고서(자기주식취득결정),2024-09-09,20240909000074,008370
자기주식취득결정,유가증권시장,LF,주요사항보고서(자기주식취득결정),2024-09-06,20240906000404,093050
자기주식취득결정,코스닥시장,센코,주요사항보고서(자기주식취득결정),2024-09-06,20240906000082,347000
자기주식취득결정,코스닥시장,코텍,주요사항보고서(자기주식취득결정),2024-09-04,20240904000270,052330
자기주식취득결정,코스닥시장,RF머트리얼즈,주요사항보고서(자기주식취득결정),2024-09-04,20240904000247,327260
자기주식취득결정,코스닥시장,큐브엔터,주요사항보고서(자기주식취득결정),2024-08-30,20240830001788,182360
자기주식취득결정,코스닥시장,RFHIC,주요사항보고서(자기주식취득결정),2024-08-28,20240828000261,218410
자기주식취득결정,유가증권시장,하이브,주요사항보고서(자기주식취득결정),2024-08-27,20240827000661,352820
자기주식취득결정,유가증권시장,MH에탄올,주요사항보고서(자기주식취득결정),2024-08-27,20240827000606,023150
자기주식취득결정,코스닥시장,디알젬,주요사항보고서(자기주식취득결정),2024-08-26,20240826000335,263690
자기주식취득결정,유가증권시장,미원상사,주요사항보고서(자기주식취득결정),2024-08-26,20240826000262,002840
자기주식취득결정,유가증권시장,LF,주요사항보고서(자기주식취득결정),2024-08-19,20240819000217,093050
자기주식취득결정,코스닥시장,파트론,주요사항보고서(자기주식취득결정),2024-08-19,20240819000197,091700
자기주식취득결정,코스닥시장,위드텍,주요사항보고서(자기주식취득결정),2024-08-19,20240819000072,348350
자기주식취득결정,코스닥시장,코위버,주요사항보고서(자기주식취득결정),2024-08-14,20240814000984,056360
자기주식취득결정,코스닥시장,DMS,주요사항보고서(자기주식취득결정),2024-08-14,20240814000815,068790
자기주식취득결정,코스닥시장,KH바텍,주요사항보고서(자기주식취득결정),2024-08-09,20240809000594,060720
자기주식취득결정,코스닥시장,투비소프트,주요사항보고서(자기주식취득결정),2024-08-08,20240808000427,079970
자기주식취득결정,코스닥시장,효성오앤비,주요사항보고서(자기주식취득결정),2024-08-08,20240808000145,097870
자기주식취득결정,코스닥시장,인산가,주요사항보고서(자기주식취득결정),2024-08-07,20240807000236,277410
자기주식취득결정,코스닥시장,모비데이즈,주요사항보고서(자기주식취득결정),2024-08-06,20240806000215,363260
자기주식취득결정,코스닥시장,매커스,주요사항보고서(자기주식취득결정),2024-08-06,20240806000201,093520
자기주식취득결정,유가증권시장,NHN,주요사항보고서(자기주식취득결정),2024-08-05,20240805000331,181710
자기주식취득결정,코스닥시장,도이치모터스,주요사항보고서(자기주식취득결정),2024-08-01,20240801000002,067990
자기주식취득결정,코스닥시장,코미팜,주요사항보고서(자기주식취득결정),2024-07-31,20240731000624,041960
자기주식취득결정,유가증권시장,HDC현대EP,주요사항보고서(자기주식취득결정),2024-07-25,20240725000414,089470
자기주식취득결정,코스닥시장,나라엠앤디,주요사항보고서(자기주식취득결정),2024-07-25,20240725000086,051490
자기주식취득결정,코스닥시장,아이디스홀딩스,주요사항보고서(자기주식취득결정),2024-07-24,20240724000434,054800
자기주식취득결정,코스닥시장,아이디스,주요사항보고서(자기주식취득결정),2024-07-24,20240724000428,143160
자기주식취득결정,코스닥시장,빅솔론,주요사항보고서(자기주식취득결정),2024-07-24,20240724000306,093190
자기주식취득결정,코스닥시장,아이디피,주요사항보고서(자기주식취득결정),2024-07-24,20240724000203,332370
자기주식취득결정,코스닥시장,비트컴퓨터,주요사항보고서(자기주식취득결정),2024-07-24,20240724000102,032850
자기주식취득결정,코스닥시장,산돌,주요사항보고서(자기주식취득결정),2024-07-24,20240724000068,419120
자기주식취득결정,코스닥시장,엔브이에이치코리아,주요사항보고서(자기주식취득결정),2024-07-23,20240723000338,067570
자기주식취득결정,코스닥시장,코텍,주요사항보고서(자기주식취득결정),2024-07-23,20240723000237,052330
자기주식취득결정,유가증권시장,롯데렌탈,주요사항보고서(자기주식취득결정),2024-07-23,20240723000214,089860
자기주식취득결정,코스닥시장,씨앤투스,주요사항보고서(자기주식취득결정),2024-07-22,20240722000023,352700
자기주식취득결정,유가증권시장,백산,주요사항보고서(자기주식취득결정),2024-07-19,20240719000126,035150
자기주식취득결정,코스닥시장,성광벤드,주요사항보고서(자기주식취득결정),2024-07-16,20240716000023,014620
자기주식취득결정,코스닥시장,티쓰리,주요사항보고서(자기주식취득결정),2024-07-12,20240712000171,204610
자기주식취득결정,유가증권시장,POSCO홀딩스,주요사항보고서(자기주식취득결정),2024-07-12,20240712000097,005490
자기주식취득결정,코스닥시장,삼보판지,주요사항보고서(자기주식취득결정),2024-07-10,20240710000443,023600
자기주식취득결정,코스닥시장,파트론,주요사항보고서(자기주식취득결정),2024-07-09,20240709000346,091700
자기주식취득결정,유가증권시장,엠씨넥스,주요사항보고서(자기주식취득결정),2024-07-08,20240708000187,097520
자기주식취득결정,유가증권시장,핸즈코퍼레이션,주요사항보고서(자기주식취득결정),2024-07-03,20240703000597,143210
자기주식취득결정,유가증권시장,셀트리온,주요사항보고서(자기주식취득결정),2025-06-26,20250626000003,068270
자기주식취득결정,유가증권시장,미스토홀딩스,주요사항보고서(자기주식취득결정),2025-06-25,20250625000421,081660
자기주식취득결정,코스닥시장,엠플러스,주요사항보고서(자기주식취득결정),2025-06-23,20250623000190,259630
자기주식취득결정,코스닥시장,넥스틴,주요사항보고서(자기주식취득결정),2025-06-23,20250623000152,348210
자기주식취득결정,코스닥시장,엘앤씨바이오,주요사항보고서(자기주식취득결정),2025-06-23,20250623000129,290650
자기주식취득결정,코스닥시장,코미팜,주요사항보고서(자기주식취득결정),2025-06-20,20250620000626,041960
자기주식취득결정,코스닥시장,감성코퍼레이션,주요사항보고서(자기주식취득결정),2025-06-18,20250618000242,036620
자기주식취득결정,코스닥시장,아세아텍,주요사항보고서(자기주식취득결정),2025-06-11,20250611000432,050860
자기주식취득결정,코스닥시장,육일씨엔에쓰,주요사항보고서(자기주식취득결정),2025-06-10,20250610000225,191410
자기주식취득결정,코스닥시장,이노진,주요사항보고서(자기주식취득결정),2025-06-09,20250609000026,344860
자기주식취득결정,유가증권시장,LF,주요사항보고서(자기주식취득결정),2025-06-02,20250602000876,093050
자기주식취득결정,코스닥시장,도이치모터스,주요사항보고서(자기주식취득결정),2025-05-30,20250530000516,067990
자기주식취득결정,유가증권시장,보해양조,주요사항보고서(자기주식취득결정),2025-05-23,20250523000446,000890
자기주식취득결정,코스닥시장,드림어스컴퍼니,주요사항보고서(자기주식취득결정),2025-05-21,20250521000352,060570
자기주식취득결정,유가증권시장,셀트리온,주요사항보고서(자기주식취득결정),2025-05-20,20250520000006,068270
자기주식취득결정,유가증권시장,한솔케미칼,주요사항보고서(자기주식취득결정),2025-05-16,20250516000342,014680
자기주식취득결정,유가증권시장,백산,주요사항보고서(자기주식취득결정),2025-05-16,20250516000293,035150
자기주식취득결정,코스닥시장,파트론,주요사항보고서(자기주식취득결정),2025-05-15,20250515002514,091700
자기주식취득결정,코스닥시장,그린플러스,주요사항보고서(자기주식취득결정),2025-05-15,20250515001718,186230
자기주식취득결정,유가증권시장,SIMPAC,주요사항보고서(자기주식취득결정),2025-05-15,20250515001590,009160
자기주식취득결정,코스닥시장,토비스,주요사항보고서(자기주식취득결정),2025-05-15,20250515000438,051360
자기주식취득결정,코스닥시장,엔텔스,주요사항보고서(자기주식취득결정),2025-05-14,20250514001254,069410
자기주식취득결정,유가증권시장,미스토홀딩스,주요사항보고서(자기주식취득결정),2025-05-13,20250513000662,081660
자기주식취득결정,코스닥시장,인터로조,주요사항보고서(자기주식취득결정),2025-05-13,20250513000338,119610
자기주식취득결정,코스닥시장,태웅로직스,주요사항보고서(자기주식취득결정),2025-05-09,20250509000766,124560
자기주식취득결정,유가증권시장,현대백화점,주요사항보고서(자기주식취득결정),2025-05-09,20250509000528,069960
자기주식취득결정,유가증권시장,현대그린푸드,주요사항보고서(자기주식취득결정),2025-05-08,20250508000357,453340
자기주식취득결정,코스닥시장,현대이지웰,주요사항보고서(자기주식취득결정),2025-05-08,20250508000204,090850
자기주식취득결정,유가증권시장,동남합성,주요사항보고서(자기주식취득결정),2025-05-08,20250508000172,023450
자기주식취득결정,유가증권시장,현대퓨처넷,주요사항보고서(자기주식취득결정),2025-05-07,20250507000456,126560
자기주식취득결정,유가증권시장,셀트리온,주요사항보고서(자기주식취득결정),2025-04-28,20250428000097,068270
자기주식취득결정,유가증권시장,풍산홀딩스,주요사항보고서(자기주식취득결정),2025-04-24,20250424000432,005810
자기주식취득결정,유가증권시장,KB금융,주요사항보고서(자기주식취득결정),2025-04-24,20250424000368,105560
자기주식취득결정,코스닥시장,엠투엔,주요사항보고서(자기주식취득결정),2025-04-18,20250418000198,033310
자기주식취득결정,코스닥시장,에이치엔에스하이텍,주요사항보고서(자기주식취득결정),2025-04-11,20250411003139,044990
자기주식취득결정,코스닥시장,인포바인,주요사항보고서(자기주식취득결정),2025-04-11,20250411002658,115310
자기주식취득결정,유가증권시장,유유제약,주요사항보고서(자기주식취득결정),2025-04-11,20250411000966,000220
자기주식취득결정,유가증권시장,미원상사,주요사항보고서(자기주식취득결정),2025-04-09,20250409002291,002840
자기주식취득결정,코스닥시장,태웅로직스,주요사항보고서(자기주식취득결정),2025-04-07,20250407001929,124560
자기주식취득결정,유가증권시장,NHN,주요사항보고서(자기주식취득결정),2025-04-04,20250404003695,181710
자기주식취득결정,유가증권시장,셀트리온,주요사항보고서(자기주식취득결정),2025-04-03,20250403000024,068270
자기주식취득결정,코스닥시장,감성코퍼레이션,주요사항보고서(자기주식취득결정),2025-04-01,20250401003126,036620
자기주식취득결정,코스닥시장,매커스,주요사항보고서(자기주식취득결정),2025-03-31,20250331002633,093520
자기주식취득결정,유가증권시장,현대차증권,주요사항보고서(자기주식취득결정),2025-03-27,20250327001273,001500
자기주식취득결정,유가증권시장,IPARK현대산업개발,주요사항보고서(자기주식취득결정),2025-03-26,20250326001103,294870
자기주식취득결정,유가증권시장,HDC,주요사항보고서(자기주식취득결정),2025-03-26,20250326001064,012630
자기주식취득결정,코스닥시장,코미팜,주요사항보고서(자기주식취득결정),2025-03-26,20250326000694,041960
자기주식취득결정,유가증권시장,한올바이오파마,주요사항보고서(자기주식취득결정),2025-03-24,20250324000721,009420
자기주식취득결정,유가증권시장,JW중외제약,주요사항보고서(자기주식취득결정),2025-03-24,20250324000615,001060
자기주식취득결정,유가증권시장,JW홀딩스,주요사항보고서(자기주식취득결정),2025-03-24,20250324000613,096760
자기주식취득결정,유가증권시장,포스코퓨처엠,주요사항보고서(자기주식취득결정),2025-03-24,20250324000551,003670
자기주식취득결정,유가증권시장,셀트리온,주요사항보고서(자기주식취득결정),2025-03-21,20250321000011,068270
자기주식취득결정,코스닥시장,아이디스,주요사항보고서(자기주식취득결정),2025-03-20,20250320001041,143160
자기주식취득결정,코스닥시장,지어소프트,주요사항보고서(자기주식취득결정),2025-03-18,20250318000096,051160
자기주식취득결정,코스닥시장,웹젠,주요사항보고서(자기주식취득결정),2025-03-17,20250317000642,069080
자기주식취득결정,코스닥시장,디에이피,주요사항보고서(자기주식취득결정),2025-03-17,20250317000407,066900
자기주식취득결정,유가증권시장,미스토홀딩스,주요사항보고서(자기주식취득결정),2025-03-14,20250314001638,081660
자기주식취득결정,유가증권시장,기아,주요사항보고서(자기주식취득결정),2025-03-14,20250314001155,000270
자기주식취득결정,코스닥시장,디에스케이,주요사항보고서(자기주식취득결정),2025-03-14,20250314000392,109740
자기주식취득결정,코스닥시장,코텍,주요사항보고서(자기주식취득결정),2025-03-12,20250312000395,052330
자기주식취득결정,코스닥시장,한국알콜,주요사항보고서(자기주식취득결정),2025-03-11,20250311001233,017890
자기주식취득결정,코스닥시장,알서포트,주요사항보고서(자기주식취득결정),2025-03-07,20250307001030,131370
자기주식취득결정,코스닥시장,메디톡스,주요사항보고서(자기주식취득결정),2025-03-07,20250307000979,086900
자기주식취득결정,유가증권시장,NH투자증권,주요사항보고서(자기주식취득결정),2025-03-06,20250306000734,005940
자기주식취득결정,코스닥시장,팅크웨어,주요사항보고서(자기주식취득결정),2025-03-04,20250304000371,084730
자기주식취득결정,유가증권시장,핸즈코퍼레이션,주요사항보고서(자기주식취득결정),2025-02-27,20250227006899,143210
자기주식취득결정,유가증권시장,동남합성,주요사항보고서(자기주식취득결정),2025-02-26,20250226002401,023450
자기주식취득결정,코스닥시장,스튜디오드래곤,주요사항보고서(자기주식취득결정),2025-02-25,20250225004700,253450
자기주식취득결정,유가증권시장,방림,주요사항보고서(자기주식취득결정),2025-02-24,20250224002597,003610
자기주식취득결정,유가증권시장,현대그린푸드,주요사항보고서(자기주식취득결정),2025-02-21,20250221001315,453340
자기주식취득결정,유가증권시장,풍산홀딩스,주요사항보고서(자기주식취득결정),2025-02-20,20250220001982,005810
자기주식취득결정,유가증권시장,우진,주요사항보고서(자기주식취득결정),2025-02-20,20250220000539,105840
자기주식취득결정,코스닥시장,이노진,주요사항보고서(자기주식취득결정),2025-02-20,20250220000425,344860
자기주식취득결정,유가증권시장,셀트리온,주요사항보고서(자기주식취득결정),2025-02-19,20250219000002,068270
자기주식취득결정,유가증권시장,삼성전자,주요사항보고서(자기주식취득결정),2025-02-18,20250218000019,005930
자기주식취득결정,코스닥시장,NHN KCP,주요사항보고서(자기주식취득결정),2025-02-13,20250213001765,060250
자기주식취득결정,유가증권시장,현대모비스,주요사항보고서(자기주식취득결정),2025-02-13,20250213001638,012330
자기주식취득결정,코스닥시장,인포바인,주요사항보고서(자기주식취득결정),2025-02-13,20250213001328,115310
자기주식취득결정,코스닥시장,모다이노칩,주요사항보고서(자기주식취득결정),2025-02-13,20250213001104,080420
자기주식취득결정,코스닥시장,비트컴퓨터,주요사항보고서(자기주식취득결정),2025-02-13,20250213000520,032850
자기주식취득결정,코스닥시장,액트로,주요사항보고서(자기주식취득결정),2025-02-12,20250212000320,290740
자기주식취득결정,코스닥시장,중앙백신,주요사항보고서(자기주식취득결정),2025-02-06,20250206000322,072020
자기주식취득결정,코스닥시장,아이디피,주요사항보고서(자기주식취득결정),2025-02-06,20250206000194,332370
자기주식취득결정,코스닥시장,빅솔론,주요사항보고서(자기주식취득결정),2025-02-06,20250206000138,093190
자기주식취득결정,코스닥시장,아이디스홀딩스,주요사항보고서(자기주식취득결정),2025-02-05,20250205000481,054800
자기주식취득결정,유가증권시장,대림바스,주요사항보고서(자기주식취득결정),2025-02-05,20250205000368,005750
자기주식취득결정,코스닥시장,코텍,주요사항보고서(자기주식취득결정),2025-02-05,20250205000359,052330
자기주식취득결정,유가증권시장,미원상사,주요사항보고서(자기주식취득결정),2025-02-05,20250205000358,002840
자기주식취득결정,유가증권시장,KB금융,주요사항보고서(자기주식취득결정),2025-02-05,20250205000299,105560
자기주식취득결정,유가증권시장,미원에스씨,주요사항보고서(자기주식취득결정),2025-02-05,20250205000274,268280
자기주식취득결정,코스닥시장,아이디스,주요사항보고서(자기주식취득결정),2025-02-03,20250203000315,143160
자기주식취득결정,코스닥시장,인포바인,주요사항보고서(자기주식취득결정),2025-01-23,20250123000338,115310
자기주식취득결정,코스닥시장,오로라,주요사항보고서(자기주식취득결정),2025-01-22,20250122000325,039830
자기주식취득결정,유가증권시장,엠씨넥스,주요사항보고서(자기주식취득결정),2025-01-20,20250120000028,097520
자기주식취득결정,코스닥시장,메디톡스,주요사항보고서(자기주식취득결정),2025-01-10,20250110000251,086900
자기주식취득결정,코스닥시장,매커스,주요사항보고서(자기주식취득결정),2025-01-07,20250107000309,093520
자기주식취득결정,코스닥시장,뷰티스킨,주요사항보고서(자기주식취득결정),2025-01-02,20250102000141,406820
자기주식취득결정,코스닥시장,광무,주요사항보고서(자기주식취득결정),2025-12-29,20251229000090,029480
자기주식취득결정,유가증권시장,보해양조,주요사항보고서(자기주식취득결정),2025-12-24,20251224000560,000890
자기주식취득결정,코스닥시장,알에스오토메이션,주요사항보고서(자기주식취득결정),2025-12-22,20251222000138,140670
자기주식취득결정,유가증권시장,미스토홀딩스,주요사항보고서(자기주식취득결정),2025-12-16,20251216000367,081660
자기주식취득결정,코스닥시장,동일기연,주요사항보고서(자기주식취득결정),2025-12-16,20251216000240,032960
자기주식취득결정,유가증권시장,미원에스씨,주요사항보고서(자기주식취득결정),2025-12-11,20251211000205,268280
자기주식취득결정,유가증권시장,미원상사,주요사항보고서(자기주식취득결정),2025-12-10,20251210000510,002840
자기주식취득결정,코스닥시장,안랩,주요사항보고서(자기주식취득결정),2025-12-10,20251210000369,053800
자기주식취득결정,유가증권시장,동남합성,주요사항보고서(자기주식취득결정),2025-12-10,20251210000169,023450
자기주식취득결정,코스닥시장,모다이노칩,주요사항보고서(자기주식취득결정),2025-12-09,20251209000158,080420
자기주식취득결정,유가증권시장,하나투어,주요사항보고서(자기주식취득결정),2025-12-02,20251202000219,039130
자기주식취득결정,유가증권시장,백산,주요사항보고서(자기주식취득결정),2025-12-01,20251201000546,035150
자기주식취득결정,유가증권시장,신일전자,주요사항보고서(자기주식취득결정),2025-11-28,20251128001108,002700
자기주식취득결정,코스닥시장,마이크로디지탈,주요사항보고서(자기주식취득결정),2025-11-27,20251127000963,305090
자기주식취득결정,코스닥시장,삼천리자전거,주요사항보고서(자기주식취득결정),2025-11-27,20251127000769,024950
자기주식취득결정,유가증권시장,미원화학,주요사항보고서(자기주식취득결정),2025-11-26,20251126000554,134380
자기주식취득결정,코스닥시장,메디톡스,주요사항보고서(자기주식취득결정),2025-11-26,20251126000175,086900
자기주식취득결정,코스닥시장,티쓰리,주요사항보고서(자기주식취득결정),2025-11-21,20251121000141,204610
자기주식취득결정,유가증권시장,방림,주요사항보고서(자기주식취득결정),2025-11-21,20251121000083,003610
자기주식취득결정,유가증권시장,IPARK현대산업개발,주요사항보고서(자기주식취득결정),2025-11-20,20251120000540,294870
자기주식취득결정,코스닥시장,PS일렉트로닉스,주요사항보고서(자기주식취득결정),2025-11-20,20251120000377,332570
자기주식취득결정,유가증권시장,유니켐,주요사항보고서(자기주식취득결정),2025-11-20,20251120000095,011330
자기주식취득결정,유가증권시장,강원랜드,주요사항보고서(자기주식취득결정),2025-11-18,20251118000162,035250
자기주식취득결정,코스닥시장,에이에스텍,주요사항보고서(자기주식취득결정),2025-11-18,20251118000073,453860
자기주식취득결정,유가증권시장,SK스퀘어,주요사항보고서(자기주식취득결정),2025-11-13,20251113000603,402340
자기주식취득결정,코스닥시장,씨앤투스,주요사항보고서(자기주식취득결정),2025-11-11,20251111000179,352700
자기주식취득결정,코스닥시장,코미팜,주요사항보고서(자기주식취득결정),2025-11-05,20251105000058,041960
자기주식취득결정,유가증권시장,현대그린푸드,주요사항보고서(자기주식취득결정),2025-11-04,20251104000181,453340
자기주식취득결정,코스닥시장,비트컴퓨터,주요사항보고서(자기주식취득결정),2025-10-31,20251031000110,032850
자기주식취득결정,코스닥시장,안랩,주요사항보고서(자기주식취득결정),2025-10-30,20251030000473,053800
자기주식취득결정,코스닥시장,중앙백신,주요사항보고서(자기주식취득결정),2025-10-30,20251030000307,072020
자기주식취득결정,유가증권시장,하나금융지주,주요사항보고서(자기주식취득결정),2025-10-28,20251028000206,086790
자기주식취득결정,유가증권시장,NHN,주요사항보고서(자기주식취득결정),2025-10-23,20251023000338,181710
자기주식취득결정,코스닥시장,한솔아이원스,주요사항보고서(자기주식취득결정),2025-10-23,20251023000236,114810
자기주식취득결정,코스닥시장,티에스아이,주요사항보고서(자기주식취득결정),2025-10-23,20251023000141,277880
자기주식취득결정,코스닥시장,동일기연,주요사항보고서(자기주식취득결정),2025-10-20,20251020000268,032960
자기주식취득결정,유가증권시장,신흥,주요사항보고서(자기주식취득결정),2025-10-17,20251017000078,004080
자기주식취득결정,유가증권시장,미원화학,주요사항보고서(자기주식취득결정),2025-10-16,20251016000328,134380
자기주식취득결정,유가증권시장,미원상사,주요사항보고서(자기주식취득결정),2025-10-15,20251015000304,002840
자기주식취득결정,유가증권시장,보해양조,주요사항보고서(자기주식취득결정),2025-10-14,20251014000220,000890
자기주식취득결정,코스닥시장,티쓰리,주요사항보고서(자기주식취득결정),2025-10-10,20251010000022,204610
자기주식취득결정,유가증권시장,만호제강,주요사항보고서(자기주식취득결정),2025-09-25,20250925000534,001080
자기주식취득결정,유가증권시장,엠씨넥스,주요사항보고서(자기주식취득결정),2025-09-25,20250925000210,097520
자기주식취득결정,코스닥시장,서진시스템,주요사항보고서(자기주식취득결정),2025-09-24,20250924000110,178320
자기주식취득결정,코스닥시장,스튜디오미르,주요사항보고서(자기주식취득결정),2025-09-22,20250922000195,408900
자기주식취득결정,코스닥시장,삼현,주요사항보고서(자기주식취득결정),2025-09-17,20250917000168,437730
자기주식취득결정,유가증권시장,셀트리온,주요사항보고서(자기주식취득결정),2025-09-17,20250917000073,068270
자기주식취득결정,유가증권시장,미스토홀딩스,주요사항보고서(자기주식취득결정),2025-09-15,20250915000235,081660
자기주식취득결정,유가증권시장,동남합성,주요사항보고서(자기주식취득결정),2025-09-15,20250915000128,023450
자기주식취득결정,유가증권시장,DS단석,주요사항보고서(자기주식취득결정),2025-09-09,20250909000086,017860
자기주식취득결정,코스닥시장,동일기연,주요사항보고서(자기주식취득결정),2025-09-08,20250908000153,032960
자기주식취득결정,유가증권시장,미원화학,주요사항보고서(자기주식취득결정),2025-09-05,20250905000462,134380
자기주식취득결정,유가증권시장,보해양조,주요사항보고서(자기주식취득결정),2025-09-05,20250905000267,000890
자기주식취득결정,유가증권시장,LF,주요사항보고서(자기주식취득결정),2025-09-04,20250904000299,093050
자기주식취득결정,코스닥시장,감성코퍼레이션,주요사항보고서(자기주식취득결정),2025-09-03,20250903000147,036620
자기주식취득결정,유가증권시장,대신증권,주요사항보고서(자기주식취득결정),2025-08-28,20250828001303,003540
자기주식취득결정,유가증권시장,백산,주요사항보고서(자기주식취득결정),2025-08-22,20250822000232,035150
자기주식취득결정,유가증권시장,LF,주요사항보고서(자기주식취득결정),2025-08-18,20250818000125,093050
자기주식취득결정,유가증권시장,보해양조,주요사항보고서(자기주식취득결정),2025-08-13,20250813001301,000890
자기주식취득결정,코스닥시장,큐브엔터,주요사항보고서(자기주식취득결정),2025-08-13,20250813001079,182360
자기주식취득결정,코스닥시장,티에스아이,주요사항보고서(자기주식취득결정),2025-08-13,20250813000915,277880
자기주식취득결정,유가증권시장,KG케미칼,주요사항보고서(자기주식취득결정),2025-08-11,20250811000531,001390
자기주식취득결정,코스닥시장,파트론,주요사항보고서(자기주식취득결정),2025-08-05,20250805000286,091700
자기주식취득결정,유가증권시장,현대그린푸드,주요사항보고서(자기주식취득결정),2025-08-05,20250805000272,453340
자기주식취득결정,코스닥시장,현대이지웰,주요사항보고서(자기주식취득결정),2025-08-05,20250805000099,090850
자기주식취득결정,유가증권시장,아모레퍼시픽,주요사항보고서(자기주식취득결정),2025-08-01,20250801000303,090430
자기주식취득결정,코스닥시장,브이티,주요사항보고서(자기주식취득결정),2025-07-29,20250729000276,018290
자기주식취득결정,유가증권시장,LF,주요사항보고서(자기주식취득결정),2025-07-28,20250728000233,093050
자기주식취득결정,유가증권시장,기아,주요사항보고서(자기주식취득결정),2025-07-25,20250725000473,000270
자기주식취득결정,유가증권시장,하나금융지주,주요사항보고서(자기주식취득결정),2025-07-25,20250725000416,086790
자기주식취득결정,유가증권시장,현대모비스,주요사항보고서(자기주식취득결정),2025-07-25,20250725000051,012330
자기주식취득결정,코스닥시장,원풍,주요사항보고서(자기주식취득결정),2025-07-23,20250723000111,008370
자기주식취득결정,코스닥시장,비트컴퓨터,주요사항보고서(자기주식취득결정),2025-07-23,20250723000073,032850
자기주식취득결정,유가증권시장,셀트리온,주요사항보고서(자기주식취득결정),2025-07-21,20250721000035,068270
자기주식취득결정,코스닥시장,티쓰리,주요사항보고서(자기주식취득결정),2025-07-21,20250721000021,204610
자기주식취득결정,유가증권시장,미원화학,주요사항보고서(자기주식취득결정),2025-07-10,20250710000621,134380
자기주식취득결정,유가증권시장,미원에스씨,주요사항보고서(자기주식취득결정),2025-07-10,20250710000280,268280
자기주식취득결정,유가증권시장,미원상사,주요사항보고서(자기주식취득결정),2025-07-09,20250709000474,002840
자기주식취득결정,코스닥시장,태웅로직스,주요사항보고서(자기주식취득결정),2025-07-09,20250709000407,124560
자기주식취득결정,유가증권시장,삼성전자,주요사항보고서(자기주식취득결정),2025-07-08,20250708000011,005930
자기주식취득결정,유가증권시장,유한양행,주요사항보고서(자기주식취득결정),2025-07-01,20250701000114,000100
자기주식취득결정,유가증권시장,셀트리온,주요사항보고서(자기주식취득결정),2026-08-31,20260831000538,068270
자기주식취득결정,코스닥시장,세진티에스,주요사항보고서(자기주식취득결정),2026-08-31,20260831000462,067770
자기주식취득결정,코스닥시장,저스템,주요사항보고서(자기주식취득결정),2026-08-27,20260827000843,417840
자기주식취득결정,유가증권시장,진양화학,주요사항보고서(자기주식취득결정),2026-08-25,20260825000332,051630
자기주식취득결정,코스닥시장,세진티에스,주요사항보고서(자기주식취득결정),2026-08-25,20260825000245,067770
자기주식취득결정,유가증권시장,삼성전자,주요사항보고서(자기주식취득결정),2026-08-21,20260821000616,005930
자기주식취득결정,유가증권시장,SK하이닉스,주요사항보고서(자기주식취득결정),2026-08-19,20260819000254,000660
자기주식취득결정,코스닥시장,와이엠티,주요사항보고서(자기주식취득결정),2026-08-14,20260814003959,251370
자기주식취득결정,코스닥시장,삼천리자전거,주요사항보고서(자기주식취득결정),2026-08-14,20260814003415,024950
자기주식취득결정,코스닥시장,피엔티,주요사항보고서(자기주식취득결정),2026-08-14,20260814000792,137400
자기주식취득결정,유가증권시장,SHD,주요사항보고서(자기주식취득결정),2026-08-13,20260813001419,001770
자기주식취득결정,코스닥시장,브이티,주요사항보고서(자기주식취득결정),2026-08-13,20260813001171,018290
자기주식취득결정,코스닥시장,핌스,주요사항보고서(자기주식취득결정),2026-08-13,20260813001095,347770
자기주식취득결정,코스닥시장,에스폴리텍,주요사항보고서(자기주식취득결정),2026-08-13,20260813000189,050760
자기주식취득결정,유가증권시장,미스토홀딩스,주요사항보고서(자기주식취득결정),2026-08-12,20260812000699,081660
자기주식취득결정,코스닥시장,이노진,주요사항보고서(자기주식취득결정),2026-08-11,20260811000585,344860
자기주식취득결정,유가증권시장,엠씨넥스,주요사항보고서(자기주식취득결정),2026-08-07,20260807000524,097520
자기주식취득결정,유가증권시장,현대지에프홀딩스,주요사항보고서(자기주식취득결정),2026-08-07,20260807000241,005440
자기주식취득결정,유가증권시장,현대그린푸드,주요사항보고서(자기주식취득결정),2026-08-04,20260804000268,453340
자기주식취득결정,코스닥시장,지어소프트,주요사항보고서(자기주식취득결정),2026-08-04,20260804000111,051160
자기주식취득결정,코스닥시장,인지소프트,주요사항보고서(자기주식취득결정),2026-08-03,20260803000270,100030
자기주식취득결정,코스닥시장,카스,주요사항보고서(자기주식취득결정),2026-08-03,20260803000239,016920
자기주식취득결정,유가증권시장,현대퓨처넷,주요사항보고서(자기주식취득결정),2026-08-03,20260803000128,126560
자기주식취득결정,코스닥시장,세진티에스,주요사항보고서(자기주식취득결정),2026-07-31,20260731000555,067770
자기주식취득결정,유가증권시장,신송홀딩스,주요사항보고서(자기주식취득결정),2026-07-31,20260731000423,006880
자기주식취득결정,코스닥시장,비트컴퓨터,주요사항보고서(자기주식취득결정),2026-07-29,20260729000365,032850
자기주식취득결정,코스닥시장,피엔티,주요사항보고서(자기주식취득결정),2026-07-29,20260729000224,137400
자기주식취득결정,코스닥시장,토비스,주요사항보고서(자기주식취득결정),2026-07-29,20260729000168,051360
자기주식취득결정,코스닥시장,케이엠제약,주요사항보고서(자기주식취득결정),2026-07-27,20260727000184,225430
자기주식취득결정,유가증권시장,하나금융지주,주요사항보고서(자기주식취득결정),2026-07-24,20260724000294,086790
자기주식취득결정,유가증권시장,한솔테크닉스,주요사항보고서(자기주식취득결정),2026-07-24,20260724000218,004710
자기주식취득결정,유가증권시장,풍산홀딩스,주요사항보고서(자기주식취득결정),2026-07-23,20260723000655,005810
자기주식취득결정,유가증권시장,IPARK현대산업개발,주요사항보고서(자기주식취득결정),2026-07-23,20260723000604,294870
자기주식취득결정,코스닥시장,정원엔시스,주요사항보고서(자기주식취득결정),2026-07-23,20260723000602,045510
자기주식취득결정,코스닥시장,모비데이즈,주요사항보고서(자기주식취득결정),2026-07-23,20260723000311,363260
자기주식취득결정,유가증권시장,신한지주,주요사항보고서(자기주식취득결정),2026-07-23,20260723000142,055550
자기주식취득결정,코스닥시장,옴니시스템,주요사항보고서(자기주식취득결정),2026-07-21,20260721001086,057540
자기주식취득결정,코스닥시장,인터엠,주요사항보고서(자기주식취득결정),2026-07-20,20260720000152,017250
자기주식취득결정,코스닥시장,삼일,주요사항보고서(자기주식취득결정),2026-07-20,20260720000099,032280
자기주식취득결정,코스닥시장,DMS,주요사항보고서(자기주식취득결정),2026-07-20,20260720000090,068790
자기주식취득결정,코스닥시장,카스,주요사항보고서(자기주식취득결정),2026-07-16,20260716000510,016920
자기주식취득결정,유가증권시장,한익스프레스,주요사항보고서(자기주식취득결정),2026-07-16,20260716000169,014130
자기주식취득결정,유가증권시장,한화엔진,주요사항보고서(자기주식취득결정),2026-07-14,20260714000392,082740
자기주식취득결정,코스닥시장,위드텍,주요사항보고서(자기주식취득결정),2026-07-13,20260713000105,348350
자기주식취득결정,코스닥시장,육일씨엔에쓰,주요사항보고서(자기주식취득결정),2026-07-10,20260710000349,191410
자기주식취득결정,코스닥시장,태웅로직스,주요사항보고서(자기주식취득결정),2026-07-09,20260709000650,124560
자기주식취득결정,유가증권시장,미원에스씨,주요사항보고서(자기주식취득결정),2026-07-09,20260709000372,268280
자기주식취득결정,유가증권시장,신원,주요사항보고서(자기주식취득결정),2026-07-09,20260709000306,009270
자기주식취득결정,유가증권시장,신풍,주요사항보고서(자기주식취득결정),2026-07-09,20260709000166,002870
자기주식취득결정,코스닥시장,매드업,주요사항보고서(자기주식취득결정),2026-07-09,20260708000588,0039P0
자기주식취득결정,코스닥시장,삼기에너지솔루션즈,주요사항보고서(자기주식취득결정),2026-07-08,20260708000542,419050
자기주식취득결정,코스닥시장,오에스피,주요사항보고서(자기주식취득결정),2026-07-08,20260708000520,368970
자기주식취득결정,코스닥시장,NE능률,주요사항보고서(자기주식취득결정),2026-07-08,20260708000159,053290
자기주식취득결정,유가증권시장,동남합성,주요사항보고서(자기주식취득결정),2026-07-08,20260708000145,023450
자기주식취득결정,코스닥시장,유티아이,주요사항보고서(자기주식취득결정),2026-07-07,20260707000451,179900
자기주식취득결정,코스닥시장,핌스,주요사항보고서(자기주식취득결정),2026-07-07,20260707000129,347770
자기주식취득결정,유가증권시장,신송홀딩스,주요사항보고서(자기주식취득결정),2026-07-06,20260706000243,006880
자기주식취득결정,코스닥시장,케이옥션,주요사항보고서(자기주식취득결정),2026-07-02,20260702000345,102370
자기주식취득결정,코스닥시장,풍강,주요사항보고서(자기주식취득결정),2026-07-01,20260701000529,093380
자기주식취득결정,코스닥시장,카스,주요사항보고서(자기주식취득결정),2026-07-01,20260701000524,016920
자기주식취득결정,코스닥시장,선진뷰티사이언스,주요사항보고서(자기주식취득결정),2026-06-30,20260630001092,086710
자기주식취득결정,유가증권시장,SIMPAC,주요사항보고서(자기주식취득결정),2026-06-29,20260629000456,009160
자기주식취득결정,코스닥시장,코나아이,주요사항보고서(자기주식취득결정),2026-06-26,20260626000697,052400
자기주식취득결정,코스닥시장,엠게임,주요사항보고서(자기주식취득결정),2026-06-26,20260626000391,058630
자기주식취득결정,코스닥시장,티쓰리,주요사항보고서(자기주식취득결정),2026-06-25,20260625000376,204610
자기주식취득결정,코스닥시장,드림인사이트,주요사항보고서(자기주식취득결정),2026-06-25,20260625000277,362990
자기주식취득결정,유가증권시장,MH에탄올,주요사항보고서(자기주식취득결정),2026-06-25,20260625000249,023150
자기주식취득결정,코스닥시장,저스템,주요사항보고서(자기주식취득결정),2026-06-24,20260624000318,417840
자기주식취득결정,코스닥시장,KH바텍,주요사항보고서(자기주식취득결정),2026-06-24,20260624000185,060720
자기주식취득결정,코스닥시장,감성코퍼레이션,주요사항보고서(자기주식취득결정),2026-06-23,20260623000188,036620
자기주식취득결정,코스닥시장,비트컴퓨터,주요사항보고서(자기주식취득결정),2026-06-22,20260622000324,032850
자기주식취득결정,유가증권시장,태원물산,주요사항보고서(자기주식취득결정),2026-06-22,20260622000235,001420
자기주식취득결정,코스닥시장,엘디티,주요사항보고서(자기주식취득결정),2026-06-19,20260619000219,096870
자기주식취득결정,코스닥시장,와이즈넛,주요사항보고서(자기주식취득결정),2026-06-17,20260617000461,096250
자기주식취득결정,코스닥시장,심텍,주요사항보고서(자기주식취득결정),2026-06-17,20260617000364,222800
자기주식취득결정,유가증권시장,신일전자,주요사항보고서(자기주식취득결정),2026-06-17,20260617000178,002700
자기주식취득결정,코스닥시장,나래나노텍,주요사항보고서(자기주식취득결정),2026-06-16,20260616000124,137080
자기주식취득결정,코스닥시장,배럴,주요사항보고서(자기주식취득결정),2026-06-15,20260615000433,267790
자기주식취득결정,코스닥시장,프리엠스,주요사항보고서(자기주식취득결정),2026-06-15,20260615000211,053160
자기주식취득결정,코스닥시장,피씨디렉트,주요사항보고서(자기주식취득결정),2026-06-15,20260615000145,051380
자기주식취득결정,코스닥시장,엠에프씨,주요사항보고서(자기주식취득결정),2026-06-15,20260615000137,432980
자기주식취득결정,코스닥시장,옴니시스템,주요사항보고서(자기주식취득결정),2026-06-12,20260612000592,057540
자기주식취득결정,코스닥시장,노머스,주요사항보고서(자기주식취득결정),2026-06-10,20260610000586,473980
자기주식취득결정,코스닥시장,카스,주요사항보고서(자기주식취득결정),2026-06-10,20260610000366,016920
자기주식취득결정,코스닥시장,웹젠,주요사항보고서(자기주식취득결정),2026-06-10,20260610000289,069080
자기주식취득결정,코스닥시장,청담글로벌,주요사항보고서(자기주식취득결정),2026-06-10,20260610000270,362320
자기주식취득결정,코스닥시장,메디톡스,주요사항보고서(자기주식취득결정),2026-06-09,20260609000108,086900
자기주식취득결정,코스닥시장,팅크웨어,주요사항보고서(자기주식취득결정),2026-06-08,20260608000267,084730
자기주식취득결정,유가증권시장,한창제지,주요사항보고서(자기주식취득결정),2026-06-08,20260608000094,009460
자기주식취득결정,유가증권시장,신흥,주요사항보고서(자기주식취득결정),2026-06-05,20260605000222,004080
자기주식취득결정,코스닥시장,코나아이,주요사항보고서(자기주식취득결정),2026-06-05,20260605000102,052400
자기주식취득결정,유가증권시장,미원상사,주요사항보고서(자기주식취득결정),2026-06-02,20260602000280,002840
자기주식취득결정,유가증권시장,엠씨넥스,주요사항보고서(자기주식취득결정),2026-06-02,20260602000125,097520
자기주식취득결정,코스닥시장,바이오포트,주요사항보고서(자기주식취득결정),2026-06-01,20260601001757,188040
자기주식취득결정,유가증권시장,MH에탄올,주요사항보고서(자기주식취득결정),2026-06-01,20260601000804,023150
자기주식취득결정,코스닥시장,휴럼,주요사항보고서(자기주식취득결정),2026-06-01,20260601000479,353190
자기주식취득결정,코스닥시장,바이오비쥬,주요사항보고서(자기주식취득결정),2026-06-01,20260601000391,489460
자기주식취득결정,유가증권시장,씨아이테크,주요사항보고서(자기주식취득결정),2026-06-01,20260601000347,004920
자기주식취득결정,코스닥시장,비트컴퓨터,주요사항보고서(자기주식취득결정),2026-05-29,20260529001351,032850
자기주식취득결정,코스닥시장,에스켐,주요사항보고서(자기주식취득결정),2026-05-29,20260529001131,475660
자기주식취득결정,유가증권시장,신원,주요사항보고서(자기주식취득결정),2026-05-28,20260528000480,009270
자기주식취득결정,코스닥시장,우리이앤엘하루틴,주요사항보고서(자기주식취득결정),2026-05-26,20260526000118,153490
자기주식취득결정,유가증권시장,셀트리온,주요사항보고서(자기주식취득결정),2026-05-21,20260521000061,068270
자기주식취득결정,코스닥시장,케이피에프,주요사항보고서(자기주식취득결정),2026-05-20,20260520000175,024880
자기주식취득결정,유가증권시장,하이브,주요사항보고서(자기주식취득결정),2026-05-19,20260519000290,352820
자기주식취득결정,코스닥시장,이노진,주요사항보고서(자기주식취득결정),2026-05-19,20260519000241,344860
자기주식취득결정,유가증권시장,세아홀딩스,주요사항보고서(자기주식취득결정),2026-05-19,20260519000174,058650
자기주식취득결정,코스닥시장,인터엠,주요사항보고서(자기주식취득결정),2026-05-18,20260518000214,017250
자기주식취득결정,유가증권시장,한솔케미칼,주요사항보고서(자기주식취득결정),2026-05-18,20260518000158,014680
자기주식취득결정,유가증권시장,한솔홀딩스,주요사항보고서(자기주식취득결정),2026-05-14,20260514001204,004150
자기주식취득결정,코스닥시장,메타바이오메드,주요사항보고서(자기주식취득결정),2026-05-14,20260514000563,059210
자기주식취득결정,코스닥시장,비트컴퓨터,주요사항보고서(자기주식취득결정),2026-05-14,20260514000362,032850
자기주식취득결정,코스닥시장,엠게임,주요사항보고서(자기주식취득결정),2026-05-14,20260514000324,058630
자기주식취득결정,유가증권시장,미스토홀딩스,주요사항보고서(자기주식취득결정),2026-05-13,20260513000673,081660
자기주식취득결정,유가증권시장,백산,주요사항보고서(자기주식취득결정),2026-05-13,20260513000521,035150
자기주식취득결정,코스닥시장,유니크,주요사항보고서(자기주식취득결정),2026-05-12,20260512000693,011320
자기주식취득결정,유가증권시장,NHN,주요사항보고서(자기주식취득결정),2026-05-11,20260511000704,181710
자기주식취득결정,유가증권시장,현대그린푸드,주요사항보고서(자기주식취득결정),2026-05-06,20260506000525,453340
자기주식취득결정,코스닥시장,인지소프트,주요사항보고서(자기주식취득결정),2026-05-06,20260506000350,100030
자기주식취득결정,유가증권시장,동남합성,주요사항보고서(자기주식취득결정),2026-05-04,20260504000041,023450
자기주식취득결정,유가증권시장,SK바이오사이언스,주요사항보고서(자기주식취득결정),2026-04-28,20260428000715,302440
자기주식취득결정,유가증권시장,현대모비스,주요사항보고서(자기주식취득결정),2026-04-24,20260424000517,012330
자기주식취득결정,유가증권시장,하나금융지주,주요사항보고서(자기주식취득결정),2026-04-24,20260424000404,086790
자기주식취득결정,유가증권시장,KB금융,주요사항보고서(자기주식취득결정),2026-04-23,20260423000431,105560
자기주식취득결정,코스닥시장,케이씨에스,주요사항보고서(자기주식취득결정),2026-04-22,20260422000572,115500
자기주식취득결정,유가증권시장,셀트리온,주요사항보고서(자기주식취득결정),2026-04-22,20260422000159,068270
자기주식취득결정,코스닥시장,엠투엔,주요사항보고서(자기주식취득결정),2026-04-17,20260417000328,033310
자기주식취득결정,유가증권시장,KG케미칼,주요사항보고서(자기주식취득결정),2026-04-07,20260407002269,001390
자기주식취득결정,유가증권시장,씨에스윈드,주요사항보고서(자기주식취득결정),2026-04-03,20260403002466,112610
자기주식취득결정,코스닥시장,노머스,주요사항보고서(자기주식취득결정),2026-03-31,20260331003716,473980
자기주식취득결정,코스닥시장,프리엠스,주요사항보고서(자기주식취득결정),2026-03-31,20260331003102,053160
자기주식취득결정,유가증권시장,미스토홀딩스,주요사항보고서(자기주식취득결정),2026-03-30,20260330001327,081660
자기주식취득결정,코스닥시장,나래나노텍,주요사항보고서(자기주식취득결정),2026-03-30,20260330000083,137080
자기주식취득결정,코스닥시장,아나패스,주요사항보고서(자기주식취득결정),2026-03-27,20260327000722,123860
자기주식취득결정,유가증권시장,SK스퀘어,주요사항보고서(자기주식취득결정),2026-03-25,20260325000832,402340
자기주식취득결정,코스닥시장,DMS,주요사항보고서(자기주식취득결정),2026-03-24,20260324000361,068790
자기주식취득결정,유가증권시장,풍산홀딩스,주요사항보고서(자기주식취득결정),2026-03-20,20260320001168,005810
자기주식취득결정,코스닥시장,티쓰리,주요사항보고서(자기주식취득결정),2026-03-20,20260320000643,204610
자기주식취득결정,유가증권시장,아남전자,주요사항보고서(자기주식취득결정),2026-03-18,20260318001220,008700
자기주식취득결정,유가증권시장,삼성전자,주요사항보고서(자기주식취득결정),2026-03-18,20260318001062,005930
자기주식취득결정,코스닥시장,삼현,주요사항보고서(자기주식취득결정),2026-03-17,20260317000306,437730
자기주식취득결정,유가증권시장,대신증권,주요사항보고서(자기주식취득결정),2026-03-09,20260309001597,003540
자기주식취득결정,유가증권시장,아모레퍼시픽,주요사항보고서(자기주식취득결정),2026-03-09,20260309001389,090430
자기주식취득결정,코스닥시장,네오위즈,주요사항보고서(자기주식취득결정),2026-03-05,20260305001020,095660
자기주식취득결정,유가증권시장,한화오션,주요사항보고서(자기주식취득결정),2026-03-04,20260304001541,042660
자기주식취득결정,유가증권시장,미원상사,주요사항보고서(자기주식취득결정),2026-03-04,20260304001442,002840
자기주식취득결정,코스닥시장,감성코퍼레이션,주요사항보고서(자기주식취득결정),2026-03-04,20260304001042,036620
자기주식취득결정,유가증권시장,보해양조,주요사항보고서(자기주식취득결정),2026-02-27,20260227007541,000890
자기주식취득결정,코스닥시장,에이치피오,주요사항보고서(자기주식취득결정),2026-02-26,20260226004558,357230
자기주식취득결정,코스닥시장,프리엠스,주요사항보고서(자기주식취득결정),2026-02-25,20260225003990,053160
자기주식취득결정,코스닥시장,스튜디오드래곤,주요사항보고서(자기주식취득결정),2026-02-24,20260224003170,253450
자기주식취득결정,코스닥시장,인터엠,주요사항보고서(자기주식취득결정),2026-02-20,20260220000866,017250
자기주식취득결정,유가증권시장,신흥,주요사항보고서(자기주식취득결정),2026-02-20,20260220000779,004080
자기주식취득결정,유가증권시장,하이브,주요사항보고서(자기주식취득결정),2026-02-12,20260212001232,352820
자기주식취득결정,유가증권시장,현대지에프홀딩스,주요사항보고서(자기주식취득결정),2026-02-11,20260211000412,005440
자기주식취득결정,유가증권시장,현대백화점,주요사항보고서(자기주식취득결정),2026-02-11,20260211000385,069960
자기주식취득결정,유가증권시장,현대퓨처넷,주요사항보고서(자기주식취득결정),2026-02-11,20260211000382,126560
자기주식취득결정,코스닥시장,산돌,주요사항보고서(자기주식취득결정),2026-02-10,20260210000733,419120
자기주식취득결정,유가증권시장,현대그린푸드,주요사항보고서(자기주식취득결정),2026-02-09,20260209000267,453340
자기주식취득결정,유가증권시장,LF,주요사항보고서(자기주식취득결정),2026-02-05,20260205000375,093050
자기주식취득결정,유가증권시장,KB금융,주요사항보고서(자기주식취득결정),2026-02-05,20260205000367,105560
자기주식취득결정,유가증권시장,하나금융지주,주요사항보고서(자기주식취득결정),2026-01-30,20260130000357,086790
자기주식취득결정,코스닥시장,매커스,주요사항보고서(자기주식취득결정),2026-01-29,20260129000256,093520
자기주식취득결정,유가증권시장,삼성전자,주요사항보고서(자기주식취득결정),2026-01-29,20260129000003,005930
자기주식취득결정,코스닥시장,메디톡스,주요사항보고서(자기주식취득결정),2026-01-28,20260128000189,086900
자기주식취득결정,유가증권시장,백산,주요사항보고서(자기주식취득결정),2026-01-23,20260123000355,035150
자기주식취득결정,코스닥시장,지엔씨에너지,주요사항보고서(자기주식취득결정),2026-01-20,20260120000325,119850
자기주식취득결정,코스닥시장,비트컴퓨터,주요사항보고서(자기주식취득결정),2026-01-19,20260119000183,032850
자기주식취득결정,코스닥시장,티에스아이,주요사항보고서(자기주식취득결정),2026-01-15,20260115000108,277880
자기주식취득결정,코스닥시장,태웅로직스,주요사항보고서(자기주식취득결정),2026-01-09,20260109000414,124560
자기주식취득결정,코스닥시장,토비스,주요사항보고서(자기주식취득결정),2026-01-09,20260109000149,051360
자기주식취득결정,코스닥시장,토박스코리아,주요사항보고서(자기주식취득결정),2026-01-09,20260109000030,215480
자기주식취득결정,코스닥시장,솔디펜스,주요사항보고서(자기주식취득결정),2026-01-08,20260108000200,215090
자기주식취득결정,유가증권시장,삼성전자,주요사항보고서(자기주식취득결정),2026-01-07,20260107000715,005930
무상증자결정,유가증권시장,현대글로비스,주요사항보고서(무상증자결정),2024-06-28,20240628000319,086280
무상증자결정,코스닥시장,에스엘에스바이오,주요사항보고서(무상증자결정),2024-06-25,20240625000165,246250
무상증자결정,코스닥시장,케이엔에스,주요사항보고서(무상증자결정),2024-06-17,20240617000143,432470
무상증자결정,코스닥시장,인스웨이브,주요사항보고서(무상증자결정),2024-06-12,20240612000049,450520
무상증자결정,코스닥시장,GST,주요사항보고서(무상증자결정),2024-06-11,20240611000197,083450
무상증자결정,코스닥시장,제일일렉트릭,주요사항보고서(무상증자결정),2024-05-07,20240507000095,199820
무상증자결정,코스닥시장,현대바이오랜드,주요사항보고서(무상증자결정),2024-05-02,20240502000338,052260
무상증자결정,코스닥시장,한싹,주요사항보고서(무상증자결정),2024-04-15,20240415000402,430690
무상증자결정,코스닥시장,아이퀘스트,주요사항보고서(무상증자결정),2024-04-04,20240404000167,262840
무상증자결정,코스닥시장,링네트,주요사항보고서(무상증자결정),2024-04-01,20240401000800,042500
무상증자결정,코스닥시장,성원에너텍,주요사항보고서(무상증자결정),2024-04-01,20240401000071,340930
무상증자결정,유가증권시장,SNT에너지,주요사항보고서(무상증자결정),2024-03-29,20240329000044,100840
무상증자결정,코스닥시장,딥노이드,주요사항보고서(무상증자결정),2024-03-25,20240325000572,315640
무상증자결정,코스닥시장,스튜디오미르,주요사항보고서(무상증자결정),2024-03-21,20240321000270,408900
무상증자결정,코스닥시장,유비벨록스,주요사항보고서(무상증자결정),2024-03-19,20240319000035,089850
무상증자결정,코스닥시장,프롬바이오,주요사항보고서(무상증자결정),2024-02-28,20240228008569,377220
무상증자결정,코스닥시장,에이치피오,주요사항보고서(무상증자결정),2024-02-21,20240221000261,357230
무상증자결정,유가증권시장,풍산홀딩스,주요사항보고서(무상증자결정),2024-02-14,20240214002225,005810
무상증자결정,코스닥시장,아이패밀리에스씨,주요사항보고서(무상증자결정),2024-02-14,20240214001439,114840
무상증자결정,코스닥시장,바이오다인,주요사항보고서(무상증자결정),2024-02-14,20240214000674,314930
무상증자결정,코스닥시장,엑스플러스,주요사항보고서(무상증자결정),2024-01-30,20240130000281,373200
무상증자결정,코스닥시장,하이로닉,주요사항보고서(무상증자결정),2024-01-24,20240124000196,149980
무상증자결정,코스닥시장,지아이이노베이션,주요사항보고서(무상증자결정),2024-01-04,20240104000068,358570
무상증자결정,코스닥시장,제우스,주요사항보고서(무상증자결정),2024-01-02,20240102000018,079370
무상증자결정,코스닥시장,HLB테라퓨틱스,주요사항보고서(무상증자결정),2024-12-19,20241219000153,115450
무상증자결정,코스닥시장,JW신약,주요사항보고서(무상증자결정),2024-12-16,20241216000369,067290
무상증자결정,유가증권시장,종근당,주요사항보고서(무상증자결정),2024-12-16,20241216000316,185750
무상증자결정,유가증권시장,교촌에프앤비,주요사항보고서(무상증자결정),2024-12-13,20241213000129,339770
무상증자결정,코스닥시장,제테마,주요사항보고서(무상증자결정),2024-12-10,20241210000096,216080
무상증자결정,코스닥시장,글로벌텍스프리,주요사항보고서(무상증자결정),2024-12-09,20241209000042,204620
무상증자결정,코스닥시장,노브랜드,주요사항보고서(무상증자결정),2024-12-04,20241204000188,145170
무상증자결정,코스닥시장,시노펙스,주요사항보고서(무상증자결정),2024-11-12,20241112000223,025320
무상증자결정,코스닥시장,캔버스엔,주요사항보고서(무상증자결정),2024-11-11,20241111000294,210120
무상증자결정,유가증권시장,DS단석,주요사항보고서(무상증자결정),2024-11-11,20241111000109,017860
무상증자결정,유가증권시장,고려제강,주요사항보고서(무상증자결정),2024-11-08,20241108000189,002240
무상증자결정,유가증권시장,코리안리,주요사항보고서(무상증자결정),2024-10-23,20241023000303,003690
무상증자결정,코스닥시장,유비쿼스,주요사항보고서(무상증자결정),2024-10-23,20241023000199,264450
무상증자결정,코스닥시장,동아엘텍,주요사항보고서(무상증자결정),2024-10-23,20241023000058,088130
무상증자결정,코스닥시장,네오팜,주요사항보고서(무상증자결정),2024-10-15,20241015000300,092730
무상증자결정,코스닥시장,페니트리움바이오,주요사항보고서(무상증자결정),2024-10-14,20241014000180,187660
무상증자결정,코스닥시장,삼현,주요사항보고서(무상증자결정),2024-10-02,20241002000120,437730
무상증자결정,유가증권시장,다이나믹디자인,주요사항보고서(무상증자결정),2024-09-11,20240911000083,145210
무상증자결정,코스닥시장,스톰테크,주요사항보고서(무상증자결정),2024-08-16,20240816000089,352090
무상증자결정,코스닥시장,큐리옥스바이오시스템즈,주요사항보고서(무상증자결정),2024-07-23,20240723000334,445680
무상증자결정,코스닥시장,에코앤드림,주요사항보고서(무상증자결정),2024-07-23,20240723000111,101360
무상증자결정,코스닥시장,지놈앤컴퍼니,주요사항보고서(무상증자결정),2024-07-22,20240722000016,314130
무상증자결정,코스닥시장,엠디바이스,주요사항보고서(무상증자결정),2024-07-18,20240718000366,226590
무상증자결정,코스닥시장,네오오토,주요사항보고서(무상증자결정),2025-06-30,20250630000389,212560
무상증자결정,코스닥시장,SCL사이언스,주요사항보고서(무상증자결정),2025-06-16,20250616000087,246960
무상증자결정,유가증권시장,셀트리온,주요사항보고서(무상증자결정),2025-05-26,20250526000418,068270
무상증자결정,코스닥시장,탑런토탈솔루션,주요사항보고서(무상증자결정),2025-05-15,20250515000352,336680
무상증자결정,코스닥시장,닷밀,주요사항보고서(무상증자결정),2025-04-30,20250430001118,464580
무상증자결정,코스닥시장,에코아이,주요사항보고서(무상증자결정),2025-04-23,20250423000048,448280
무상증자결정,코스닥시장,블루엠텍,주요사항보고서(무상증자결정),2025-04-15,20250415000288,439580
무상증자결정,코스닥시장,아이퀘스트,주요사항보고서(무상증자결정),2025-04-14,20250414001687,262840
무상증자결정,코스닥시장,비엘팜텍,주요사항보고서(무상증자결정),2025-02-12,20250212000715,065170
무상증자결정,코스닥시장,유아이엘,주요사항보고서(무상증자결정),2025-02-07,20250207000178,049520
무상증자결정,유가증권시장,SNT모티브,주요사항보고서(무상증자결정),2025-01-14,20250114000010,064960
무상증자결정,코스닥시장,제닉스로보틱스,주요사항보고서(무상증자결정),2025-01-07,20250107000137,381620
무상증자결정,코스닥시장,성원에너텍,주요사항보고서(무상증자결정),2025-12-24,20251224000396,340930
무상증자결정,코스닥시장,뷰티스킨,주요사항보고서(무상증자결정),2025-12-23,20251223000100,406820
무상증자결정,유가증권시장,대한제강,주요사항보고서(무상증자결정),2025-12-22,20251222000129,084010
무상증자결정,코스닥시장,저스템,주요사항보고서(무상증자결정),2025-12-18,20251218000111,417840
무상증자결정,코스닥시장,JW신약,주요사항보고서(무상증자결정),2025-12-16,20251216000254,067290
무상증자결정,코스닥시장,폰드그룹,주요사항보고서(무상증자결정),2025-12-09,20251209000084,472850
무상증자결정,코스닥시장,이지케어텍,주요사항보고서(무상증자결정),2025-12-04,20251203000369,099750
무상증자결정,코스닥시장,비츠로셀,주요사항보고서(무상증자결정),2025-11-26,20251126000177,082920
무상증자결정,코스닥시장,시노펙스,주요사항보고서(무상증자결정),2025-11-12,20251112000279,025320
무상증자결정,코스닥시장,카티스,주요사항보고서(무상증자결정),2025-11-12,20251112000122,140430
무상증자결정,코스닥시장,에이치시티,주요사항보고서(무상증자결정),2025-11-11,20251111000220,072990
무상증자결정,코스닥시장,제너셈,주요사항보고서(무상증자결정),2025-11-10,20251110000063,217190
무상증자결정,코스닥시장,드림시큐리티,주요사항보고서(무상증자결정),2025-11-03,20251103000108,203650
무상증자결정,코스닥시장,디앤디파마텍,주요사항보고서(무상증자결정),2025-10-29,20251029000121,347850
무상증자결정,코스닥시장,피앤에스로보틱스,주요사항보고서(무상증자결정),2025-10-24,20251024000220,460940
무상증자결정,코스닥시장,지투지바이오,주요사항보고서(무상증자결정),2025-10-22,20251022000060,456160
무상증자결정,코스닥시장,온코닉테라퓨틱스,주요사항보고서(무상증자결정),2025-09-17,20250917000048,476060
무상증자결정,코스닥시장,스튜디오삼익,주요사항보고서(무상증자결정),2025-08-25,20250825000144,415380
무상증자결정,코스닥시장,링네트,주요사항보고서(무상증자결정),2025-08-25,20250825000020,042500
무상증자결정,코스닥시장,엔에프씨,주요사항보고서(무상증자결정),2025-08-04,20250804000119,265740
무상증자결정,코스닥시장,그린리소스,주요사항보고서(무상증자결정),2025-08-04,20250804000008,402490
무상증자결정,코스닥시장,동국생명과학,주요사항보고서(무상증자결정),2025-07-24,20250724000063,303810
무상증자결정,코스닥시장,산돌,주요사항보고서(무상증자결정),2025-07-18,20250718000542,419120
무상증자결정,코스닥시장,현대바이오,주요사항보고서(무상증자결정),2025-07-10,20250710000399,048410
무상증자결정,코스닥시장,티앤엘,주요사항보고서(무상증자결정),2026-07-23,20260723000062,340570
무상증자결정,코스닥시장,알테오젠,주요사항보고서(무상증자결정),2026-07-16,20260716000528,196170
무상증자결정,유가증권시장,비비안,주요사항보고서(무상증자결정),2026-07-15,20260715000358,002070
무상증자결정,코스닥시장,유진테크놀로지,주요사항보고서(무상증자결정),2026-07-13,20260713000108,240600
무상증자결정,코스닥시장,RF머트리얼즈,주요사항보고서(무상증자결정),2026-07-10,20260710000266,327260
무상증자결정,코스닥시장,부스타,주요사항보고서(무상증자결정),2026-07-07,20260707000070,008470
무상증자결정,유가증권시장,남성,주요사항보고서(무상증자결정),2026-07-06,20260706000331,004270
무상증자결정,코스닥시장,큐리오시스,주요사항보고서(무상증자결정),2026-06-29,20260629000118,494120
무상증자결정,유가증권시장,가온전선,주요사항보고서(무상증자결정),2026-06-16,20260616000211,000500
무상증자결정,코스닥시장,알지노믹스,주요사항보고서(무상증자결정),2026-06-15,20260615000321,476830
무상증자결정,유가증권시장,엠앤씨솔루션,주요사항보고서(무상증자결정),2026-06-12,20260612000174,484870
무상증자결정,코스닥시장,이노스페이스,주요사항보고서(무상증자결정),2026-06-05,20260604000654,462350
무상증자결정,코스닥시장,오에스피,주요사항보고서(무상증자결정),2026-06-04,20260604000091,368970
무상증자결정,코스닥시장,우진비앤지,주요사항보고서(무상증자결정),2026-05-29,20260529000302,018620
무상증자결정,유가증권시장,셀트리온,주요사항보고서(무상증자결정),2026-05-21,20260521000101,068270
무상증자결정,코스닥시장,코미코,주요사항보고서(무상증자결정),2026-05-12,20260512000722,183300
무상증자결정,코스닥시장,조이웍스앤코,주요사항보고서(무상증자결정),2026-04-17,20260417000278,309930
무상증자결정,코스닥시장,디바이스,주요사항보고서(무상증자결정),2026-04-10,20260410000865,187870
무상증자결정,코스닥시장,대동금속,주요사항보고서(무상증자결정),2026-03-26,20260326001131,020400
무상증자결정,코스닥시장,씨어스,주요사항보고서(무상증자결정),2026-03-10,20260310001956,458870
무상증자결정,코스닥시장,TJ미디어,주요사항보고서(무상증자결정),2026-03-04,20260304000946,032540
무상증자결정,코스닥시장,HLB테라퓨틱스,주요사항보고서(무상증자결정),2026-02-26,20260226006884,115450
무상증자결정,코스닥시장,에어레인,주요사항보고서(무상증자결정),2026-02-23,20260223002229,163280
무상증자결정,유가증권시장,씨케이솔루션,주요사항보고서(무상증자결정),2026-02-12,20260212000138,480370
무상증자결정,코스닥시장,삼양엔씨켐,주요사항보고서(무상증자결정),2026-02-04,20260204000156,482630
무상증자결정,코스닥시장,엠아이큐브솔루션,주요사항보고서(무상증자결정),2026-01-26,20260126000094,373170
무상증자결정,코스닥시장,아진엑스텍,주요사항보고서(무상증자결정),2026-01-14,20260114000093,059120
전환사채권발행결정,코스닥시장,하이퍼코퍼레이션,주요사항보고서(전환사채권발행결정),2024-06-28,20240628000620,065650
전환사채권발행결정,코스닥시장,아이오케이이엔엠,주요사항보고서(전환사채권발행결정),2024-06-28,20240627000810,078860
전환사채권발행결정,코스닥시장,디모아,주요사항보고서(전환사채권발행결정),2024-06-27,20240627000756,016670
전환사채권발행결정,유가증권시장,대호에이엘,주요사항보고서(전환사채권발행결정),2024-06-27,20240627000725,069460
전환사채권발행결정,코스닥시장,코오롱티슈진,주요사항보고서(전환사채권발행결정),2024-06-27,20240627000674,950160
전환사채권발행결정,코스닥시장,케이피엠테크,주요사항보고서(전환사채권발행결정),2024-06-27,20240627000595,042040
전환사채권발행결정,코스닥시장,유티아이,주요사항보고서(전환사채권발행결정),2024-06-26,20240626000144,179900
전환사채권발행결정,코스닥시장,엠젠솔루션,주요사항보고서(전환사채권발행결정),2024-06-25,20240625000444,032790
전환사채권발행결정,코스닥시장,비츠로시스,주요사항보고서(전환사채권발행결정),2024-06-25,20240625000364,054220
전환사채권발행결정,유가증권시장,HLB글로벌,주요사항보고서(전환사채권발행결정),2024-06-25,20240625000329,003580
전환사채권발행결정,코스닥시장,플레이위드,주요사항보고서(전환사채권발행결정),2024-06-25,20240624000372,023770
전환사채권발행결정,코스닥시장,동일스틸럭스,주요사항보고서(전환사채권발행결정),2024-06-24,20240624000102,023790
전환사채권발행결정,코스닥시장,키이스트,주요사항보고서(전환사채권발행결정),2024-06-21,20240621000710,054780
전환사채권발행결정,코스닥시장,제이에스링크,주요사항보고서(전환사채권발행결정),2024-06-20,20240620000252,127120
전환사채권발행결정,코스닥시장,나노씨엠에스,주요사항보고서(전환사채권발행결정),2024-06-20,20240620000250,247660
전환사채권발행결정,코스닥시장,씨큐브,주요사항보고서(전환사채권발행결정),2024-06-19,20240619000418,101240
전환사채권발행결정,코스닥시장,성우전자,주요사항보고서(전환사채권발행결정),2024-06-19,20240619000301,081580
전환사채권발행결정,유가증권시장,TCC스틸,주요사항보고서(전환사채권발행결정),2024-06-19,20240619000300,002710
전환사채권발행결정,코스닥시장,KBI메탈,주요사항보고서(전환사채권발행결정),2024-06-19,20240619000231,024840
전환사채권발행결정,코스닥시장,풍원정밀,주요사항보고서(전환사채권발행결정),2024-06-19,20240619000137,371950
전환사채권발행결정,코스닥시장,육일씨엔에쓰,주요사항보고서(전환사채권발행결정),2024-06-19,20240619000005,191410
전환사채권발행결정,코스닥시장,엑시온그룹,주요사항보고서(전환사채권발행결정),2024-06-19,20240619000002,069920
전환사채권발행결정,유가증권시장,아시아나항공,주요사항보고서(전환사채권발행결정),2024-06-18,20240618000367,020560
전환사채권발행결정,코스닥시장,핑거스토리,주요사항보고서(전환사채권발행결정),2024-06-18,20240618000288,417180
전환사채권발행결정,코스닥시장,현대바이오,주요사항보고서(전환사채권발행결정),2024-06-17,20240617000166,048410
전환사채권발행결정,코스닥시장,세종메디칼,주요사항보고서(전환사채권발행결정),2024-06-14,20240614000298,258830
전환사채권발행결정,코스닥시장,루트K,주요사항보고서(전환사채권발행결정),2024-06-14,20240613000400,195990
전환사채권발행결정,유가증권시장,디와이에이,주요사항보고서(전환사채권발행결정),2024-06-13,20240613000269,002880
전환사채권발행결정,코스닥시장,케이엔더블유,주요사항보고서(전환사채권발행결정),2024-06-13,20240613000215,105330
전환사채권발행결정,코스닥시장,아모센스,주요사항보고서(전환사채권발행결정),2024-06-12,20240612000284,357580
전환사채권발행결정,코스닥시장,모비스,주요사항보고서(전환사채권발행결정),2024-06-12,20240612000125,250060
전환사채권발행결정,코스닥시장,컨텍,주요사항보고서(전환사채권발행결정),2024-06-12,20240612000001,451760
전환사채권발행결정,코스닥시장,마이크로투나노,주요사항보고서(전환사채권발행결정),2024-06-11,20240611000545,424980
전환사채권발행결정,코스닥시장,에이엘티,주요사항보고서(전환사채권발행결정),2024-06-11,20240611000432,172670
전환사채권발행결정,코스닥시장,헝셩그룹,주요사항보고서(전환사채권발행결정),2024-06-10,20240610000388,900270
전환사채권발행결정,코스닥시장,삼영이엔씨,주요사항보고서(전환사채권발행결정),2024-06-10,20240610000384,065570
전환사채권발행결정,유가증권시장,우성머티리얼스,주요사항보고서(전환사채권발행결정),2024-06-10,20240610000350,011300
전환사채권발행결정,코스닥시장,대주전자재료,주요사항보고서(전환사채권발행결정),2024-06-07,20240607000382,078600
전환사채권발행결정,코스닥시장,그린리소스,주요사항보고서(전환사채권발행결정),2024-06-05,20240605000359,402490
전환사채권발행결정,코스닥시장,선익시스템,주요사항보고서(전환사채권발행결정),2024-06-04,20240604000375,171090
전환사채권발행결정,코스닥시장,DH오토리드,주요사항보고서(전환사채권발행결정),2024-06-04,20240604000228,290120
전환사채권발행결정,코스닥시장,페니트리움바이오,주요사항보고서(전환사채권발행결정),2024-06-03,20240603000162,187660
전환사채권발행결정,코스닥시장,엔젠바이오,주요사항보고서(전환사채권발행결정),2024-06-03,20240603000003,354200
전환사채권발행결정,코스닥시장,소프트센,주요사항보고서(전환사채권발행결정),2024-05-31,20240530001534,032680
전환사채권발행결정,코스닥시장,디와이디,주요사항보고서(전환사채권발행결정),2024-05-30,20240530001256,219550
전환사채권발행결정,코스닥시장,뉴인텍,주요사항보고서(전환사채권발행결정),2024-05-29,20240529000337,012340
전환사채권발행결정,코스닥시장,MSDI,주요사항보고서(전환사채권발행결정),2024-05-29,20240529000001,123010
전환사채권발행결정,코스닥시장,더블유에스아이,주요사항보고서(전환사채권발행결정),2024-05-29,20240528000555,299170
전환사채권발행결정,코스닥시장,특수건설,주요사항보고서(전환사채권발행결정),2024-05-28,20240528000103,026150
전환사채권발행결정,코스닥시장,옵트론텍,주요사항보고서(전환사채권발행결정),2024-05-27,20240527000376,082210
전환사채권발행결정,코스닥시장,파이온엑스,주요사항보고서(전환사채권발행결정),2024-05-27,20240527000227,900100
전환사채권발행결정,코스닥시장,케이피엠테크,주요사항보고서(전환사채권발행결정),2024-05-24,20240524000392,042040
전환사채권발행결정,코스닥시장,엣지파운드리,주요사항보고서(전환사채권발행결정),2024-05-24,20240524000003,105550
전환사채권발행결정,코스닥시장,오르비텍,주요사항보고서(전환사채권발행결정),2024-05-23,20240523000315,046120
전환사채권발행결정,코스닥시장,엑스페릭스,주요사항보고서(전환사채권발행결정),2024-05-22,20240522000428,317770
전환사채권발행결정,코스닥시장,코퍼스코리아,주요사항보고서(전환사채권발행결정),2024-05-20,20240520000249,322780
전환사채권발행결정,코스닥시장,유티아이,주요사항보고서(전환사채권발행결정),2024-05-20,20240520000180,179900
전환사채권발행결정,코스닥시장,라온로보틱스,주요사항보고서(전환사채권발행결정),2024-05-20,20240520000118,232680
전환사채권발행결정,코스닥시장,해성옵틱스,주요사항보고서(전환사채권발행결정),2024-05-17,20240517000390,076610
전환사채권발행결정,코스닥시장,엠디바이스,주요사항보고서(전환사채권발행결정),2024-05-17,20240517000179,226590
전환사채권발행결정,코스닥시장,엑스플러스,주요사항보고서(전환사채권발행결정),2024-05-17,20240517000004,373200
전환사채권발행결정,코스닥시장,현대바이오,주요사항보고서(전환사채권발행결정),2024-05-16,20240516002252,048410
전환사채권발행결정,코스닥시장,성원에너텍,주요사항보고서(전환사채권발행결정),2024-05-16,20240516000222,340930
전환사채권발행결정,코스닥시장,스마트레이더시스템,주요사항보고서(전환사채권발행결정),2024-05-14,20240514001614,424960
전환사채권발행결정,코스닥시장,포니링크,주요사항보고서(전환사채권발행결정),2024-05-14,20240514001609,064800
전환사채권발행결정,코스닥시장,HLB파나진,주요사항보고서(전환사채권발행결정),2024-05-10,20240510000864,046210
전환사채권발행결정,코스닥시장,미스터블루,주요사항보고서(전환사채권발행결정),2024-05-09,20240509000558,207760
전환사채권발행결정,코스닥시장,엘앤케이바이오,주요사항보고서(전환사채권발행결정),2024-05-07,20240507000600,156100
전환사채권발행결정,코스닥시장,아이윈,주요사항보고서(전환사채권발행결정),2024-05-07,20240507000384,090150
전환사채권발행결정,코스닥시장,티에스넥스젠,주요사항보고서(전환사채권발행결정),2024-05-03,20240503000793,043220
전환사채권발행결정,코스닥시장,캐리,주요사항보고서(전환사채권발행결정),2024-05-03,20240503000789,313760
전환사채권발행결정,코스닥시장,SGA솔루션즈,주요사항보고서(전환사채권발행결정),2024-05-02,20240502000567,184230
전환사채권발행결정,코스닥시장,한울소재과학,주요사항보고서(전환사채권발행결정),2024-05-02,20240502000558,091440
전환사채권발행결정,코스닥시장,나인테크,주요사항보고서(전환사채권발행결정),2024-05-02,20240502000387,267320
전환사채권발행결정,코스닥시장,피노,주요사항보고서(전환사채권발행결정),2024-04-29,20240429000971,033790
전환사채권발행결정,코스닥시장,우양,주요사항보고서(전환사채권발행결정),2024-04-26,20240426000992,103840
전환사채권발행결정,코스닥시장,엔시트론,주요사항보고서(전환사채권발행결정),2024-04-26,20240426000940,101400
전환사채권발행결정,코스닥시장,하나기술,주요사항보고서(전환사채권발행결정),2024-04-26,20240426000933,299030
전환사채권발행결정,코스닥시장,아이센스,주요사항보고서(전환사채권발행결정),2024-04-26,20240426000737,099190
전환사채권발행결정,코스닥시장,루닛,주요사항보고서(전환사채권발행결정),2024-04-25,20240425000716,328130
전환사채권발행결정,코스닥시장,시선AI,주요사항보고서(전환사채권발행결정),2024-04-25,20240425000691,340810
전환사채권발행결정,코스닥시장,성일하이텍,주요사항보고서(전환사채권발행결정),2024-04-25,20240425000614,365340
전환사채권발행결정,코스닥시장,한국유니온제약,주요사항보고서(전환사채권발행결정),2024-04-25,20240425000579,080720
전환사채권발행결정,코스닥시장,엔시스,주요사항보고서(전환사채권발행결정),2024-04-25,20240425000562,333620
전환사채권발행결정,코스닥시장,애드바이오텍,주요사항보고서(전환사채권발행결정),2024-04-25,20240425000468,179530
전환사채권발행결정,코스닥시장,아이씨디,주요사항보고서(전환사채권발행결정),2024-04-24,20240424000512,040910
전환사채권발행결정,코스닥시장,아모센스,주요사항보고서(전환사채권발행결정),2024-04-24,20240424000380,357580
전환사채권발행결정,코스닥시장,애니플러스,주요사항보고서(전환사채권발행결정),2024-04-19,20240419000526,310200
전환사채권발행결정,코스닥시장,텔콘RF제약,주요사항보고서(전환사채권발행결정),2024-04-19,20240419000001,200230
전환사채권발행결정,코스닥시장,에이비온,주요사항보고서(전환사채권발행결정),2024-04-18,20240418000426,203400
전환사채권발행결정,코스닥시장,빅텍,주요사항보고서(전환사채권발행결정),2024-04-17,20240417000527,065450
전환사채권발행결정,코스닥시장,넥써쓰,주요사항보고서(전환사채권발행결정),2024-04-17,20240417000405,205500
전환사채권발행결정,코스닥시장,꿈비,주요사항보고서(전환사채권발행결정),2024-04-15,20240415000955,407400
전환사채권발행결정,코스닥시장,한주에이알티,주요사항보고서(전환사채권발행결정),2024-04-15,20240415000009,058450
전환사채권발행결정,코스닥시장,삼일,주요사항보고서(전환사채권발행결정),2024-04-12,20240412002972,032280
전환사채권발행결정,코스닥시장,아이텍,주요사항보고서(전환사채권발행결정),2024-04-09,20240409003855,119830
전환사채권발행결정,코스닥시장,드림시큐리티,주요사항보고서(전환사채권발행결정),2024-04-03,20240403003428,203650
전환사채권발행결정,코스닥시장,코어라인소프트,주요사항보고서(전환사채권발행결정),2024-04-02,20240402003067,384470
전환사채권발행결정,코스닥시장,아스트,주요사항보고서(전환사채권발행결정),2024-03-29,20240329003313,067390
전환사채권발행결정,코스닥시장,티에스넥스젠,주요사항보고서(전환사채권발행결정),2024-03-29,20240329003221,043220
전환사채권발행결정,코스닥시장,에브리봇,주요사항보고서(전환사채권발행결정),2024-03-29,20240329002828,270660
전환사채권발행결정,코스닥시장,신테카바이오,주요사항보고서(전환사채권발행결정),2024-03-28,20240328001055,226330
전환사채권발행결정,유가증권시장,에이엔피,주요사항보고서(전환사채권발행결정),2024-03-26,20240326001016,015260
전환사채권발행결정,코스닥시장,예선테크,주요사항보고서(전환사채권발행결정),2024-03-26,20240326000886,250930
전환사채권발행결정,코스닥시장,FSN,주요사항보고서(전환사채권발행결정),2024-03-26,20240326000845,214270
전환사채권발행결정,코스닥시장,레이,주요사항보고서(전환사채권발행결정),2024-03-25,20240325000929,228670
전환사채권발행결정,코스닥시장,진영,주요사항보고서(전환사채권발행결정),2024-03-25,20240325000589,285800
전환사채권발행결정,코스닥시장,EDGC,주요사항보고서(전환사채권발행결정),2024-03-22,20240322001055,245620
전환사채권발행결정,코스닥시장,HLB테라퓨틱스,주요사항보고서(전환사채권발행결정),2024-03-22,20240322000398,115450
전환사채권발행결정,코스닥시장,뷰노,주요사항보고서(전환사채권발행결정),2024-03-21,20240321000974,338220
전환사채권발행결정,코스닥시장,올릭스,주요사항보고서(전환사채권발행결정),2024-03-21,20240321000004,226950
전환사채권발행결정,코스닥시장,한울앤제주,주요사항보고서(전환사채권발행결정),2024-03-19,20240319000008,276730
전환사채권발행결정,코스닥시장,마이크로디지탈,주요사항보고서(전환사채권발행결정),2024-03-18,20240318000738,305090
전환사채권발행결정,코스닥시장,싸이토젠,주요사항보고서(전환사채권발행결정),2024-03-18,20240318000643,217330
전환사채권발행결정,코스닥시장,THE E&M,주요사항보고서(전환사채권발행결정),2024-03-15,20240315000528,089230
전환사채권발행결정,코스닥시장,모아라이프플러스,주요사항보고서(전환사채권발행결정),2024-03-14,20240314001728,142760
전환사채권발행결정,코스닥시장,알파AI,주요사항보고서(전환사채권발행결정),2024-03-14,20240314001462,043100
전환사채권발행결정,코스닥시장,플래스크,주요사항보고서(전환사채권발행결정),2024-03-14,20240313001785,041590
전환사채권발행결정,코스닥시장,KS인더스트리,주요사항보고서(전환사채권발행결정),2024-03-13,20240312001070,101000
전환사채권발행결정,코스닥시장,형지글로벌,주요사항보고서(전환사채권발행결정),2024-03-13,20240312001074,308100
전환사채권발행결정,코스닥시장,심텍,주요사항보고서(전환사채권발행결정),2024-03-11,20240308000879,222800
전환사채권발행결정,코스닥시장,엠젠솔루션,주요사항보고서(전환사채권발행결정),2024-03-11,20240308000878,032790
전환사채권발행결정,코스닥시장,디오,주요사항보고서(전환사채권발행결정),2024-03-08,20240308000388,039840
전환사채권발행결정,코스닥시장,메디콕스,주요사항보고서(전환사채권발행결정),2024-03-08,20240308000002,054180
전환사채권발행결정,코스닥시장,퀀타매트릭스,주요사항보고서(전환사채권발행결정),2024-03-08,20240307000999,317690
전환사채권발행결정,코스닥시장,메타바이오메드,주요사항보고서(전환사채권발행결정),2024-03-07,20240307000750,059210
전환사채권발행결정,코스닥시장,제이아이테크,주요사항보고서(전환사채권발행결정),2024-03-07,20240307000570,417500
전환사채권발행결정,코스닥시장,올리패스,주요사항보고서(전환사채권발행결정),2024-03-06,20240306000711,244460
전환사채권발행결정,코스닥시장,아스트,주요사항보고서(전환사채권발행결정),2024-03-06,20240306000439,067390
전환사채권발행결정,코스닥시장,아이톡시,주요사항보고서(전환사채권발행결정),2024-03-06,20240306000002,052770
전환사채권발행결정,코스닥시장,뉴온,주요사항보고서(전환사채권발행결정),2024-03-05,20240305000509,123840
전환사채권발행결정,코스닥시장,아스트,주요사항보고서(전환사채권발행결정),2024-03-05,20240304000592,067390
전환사채권발행결정,코스닥시장,포니링크,주요사항보고서(전환사채권발행결정),2024-02-27,20240227007822,064800
전환사채권발행결정,코스닥시장,와이즈버즈,주요사항보고서(전환사채권발행결정),2024-02-27,20240227007413,273060
전환사채권발행결정,코스닥시장,아이윈,주요사항보고서(전환사채권발행결정),2024-02-26,20240226005996,090150
전환사채권발행결정,코스닥시장,리메드,주요사항보고서(전환사채권발행결정),2024-02-26,20240226005312,302550
전환사채권발행결정,코스닥시장,케이이엠텍,주요사항보고서(전환사채권발행결정),2024-02-26,20240223003452,106080
전환사채권발행결정,코스닥시장,HC보광산업,주요사항보고서(전환사채권발행결정),2024-02-23,20240223002434,225530
전환사채권발행결정,코스닥시장,HC홈센타,주요사항보고서(전환사채권발행결정),2024-02-23,20240223002359,060560
전환사채권발행결정,유가증권시장,신한서부티엔디리츠,주요사항보고서(전환사채권발행결정),2024-02-22,20240222002142,404990
전환사채권발행결정,코스닥시장,아시아경제,주요사항보고서(전환사채권발행결정),2024-02-21,20240221001980,127710
전환사채권발행결정,코스닥시장,디티앤씨알오,주요사항보고서(전환사채권발행결정),2024-02-20,20240220001919,383930
전환사채권발행결정,유가증권시장,이엔플러스,주요사항보고서(전환사채권발행결정),2024-02-16,20240216001277,074610
전환사채권발행결정,코스닥시장,케이이엠텍,주요사항보고서(전환사채권발행결정),2024-02-13,20240213000440,106080
전환사채권발행결정,코스닥시장,해성옵틱스,주요사항보고서(전환사채권발행결정),2024-02-07,20240207000887,076610
전환사채권발행결정,코스닥시장,파버나인,주요사항보고서(전환사채권발행결정),2024-02-07,20240207000622,177830
전환사채권발행결정,코스닥시장,프리시젼바이오,주요사항보고서(전환사채권발행결정),2024-02-06,20240206000462,335810
전환사채권발행결정,코스닥시장,네오오토,주요사항보고서(전환사채권발행결정),2024-02-06,20240206000001,212560
전환사채권발행결정,코스닥시장,티에프이,주요사항보고서(전환사채권발행결정),2024-02-06,20240205000428,425420
전환사채권발행결정,유가증권시장,형지엘리트,주요사항보고서(전환사채권발행결정),2024-02-05,20240205000094,093240
전환사채권발행결정,유가증권시장,코람코라이프인프라리츠,주요사항보고서(전환사채권발행결정),2024-02-02,20240202000353,357120
전환사채권발행결정,코스닥시장,위지트,주요사항보고서(전환사채권발행결정),2024-01-26,20240126000574,036090
전환사채권발행결정,코스닥시장,뉴온,주요사항보고서(전환사채권발행결정),2024-01-26,20240126000455,123840
전환사채권발행결정,코스닥시장,센서뷰,주요사항보고서(전환사채권발행결정),2024-01-26,20240126000356,321370
전환사채권발행결정,코스닥시장,젝시믹스,주요사항보고서(전환사채권발행결정),2024-01-25,20240125000601,337930
전환사채권발행결정,코스닥시장,레이저쎌,주요사항보고서(전환사채권발행결정),2024-01-23,20240123000323,412350
전환사채권발행결정,코스닥시장,티사이언티픽,주요사항보고서(전환사채권발행결정),2024-01-22,20240122000401,057680
전환사채권발행결정,코스닥시장,제이에스링크,주요사항보고서(전환사채권발행결정),2024-01-22,20240122000232,127120
전환사채권발행결정,코스닥시장,휴림로봇,주요사항보고서(전환사채권발행결정),2024-01-19,20240119000584,090710
전환사채권발행결정,코스닥시장,켄코아에어로스페이스,주요사항보고서(전환사채권발행결정),2024-01-19,20240119000002,274090
전환사채권발행결정,코스닥시장,한탑,주요사항보고서(전환사채권발행결정),2024-01-18,20240117000396,002680
전환사채권발행결정,코스닥시장,라온피플,주요사항보고서(전환사채권발행결정),2024-01-17,20240117000341,300120
전환사채권발행결정,코스닥시장,HLB파나진,주요사항보고서(전환사채권발행결정),2024-01-17,20240117000302,046210
전환사채권발행결정,코스닥시장,조이웍스앤코,주요사항보고서(전환사채권발행결정),2024-01-17,20240117000249,309930
전환사채권발행결정,코스닥시장,파이온엑스,주요사항보고서(전환사채권발행결정),2024-01-16,20240116000163,900100
전환사채권발행결정,코스닥시장,비투엔,주요사항보고서(전환사채권발행결정),2024-01-15,20240115000347,307870
전환사채권발행결정,코스닥시장,FSN,주요사항보고서(전환사채권발행결정),2024-01-12,20240112000425,214270
전환사채권발행결정,유가증권시장,이엔플러스,주요사항보고서(전환사채권발행결정),2024-01-11,20240111000400,074610
전환사채권발행결정,코스닥시장,머큐리,주요사항보고서(전환사채권발행결정),2024-01-10,20240110000759,100590
전환사채권발행결정,유가증권시장,MDS스피어,주요사항보고서(전환사채권발행결정),2024-01-10,20240110000709,009810
전환사채권발행결정,코스닥시장,이렘,주요사항보고서(전환사채권발행결정),2024-01-03,20240102000399,009730
전환사채권발행결정,코스닥시장,모아라이프플러스,주요사항보고서(전환사채권발행결정),2024-01-02,20231229000594,142760
전환사채권발행결정,코스닥시장,롤링스톤,주요사항보고서(전환사채권발행결정),2024-12-31,20241231000001,214610
전환사채권발행결정,코스닥시장,SCL사이언스,주요사항보고서(전환사채권발행결정),2024-12-30,20241230000452,246960
전환사채권발행결정,코스닥시장,제이케이시냅스,주요사항보고서(전환사채권발행결정),2024-12-30,20241230000001,060230
전환사채권발행결정,코스닥시장,롤링스톤,주요사항보고서(전환사채권발행결정),2024-12-30,20241227000783,214610
전환사채권발행결정,코스닥시장,파인디앤씨,주요사항보고서(전환사채권발행결정),2024-12-27,20241227000582,049120
전환사채권발행결정,코스닥시장,아이큐어,주요사항보고서(전환사채권발행결정),2024-12-26,20241224000610,175250
전환사채권발행결정,유가증권시장,STX그린로지스,주요사항보고서(전환사채권발행결정),2024-12-24,20241224000394,465770
전환사채권발행결정,코스닥시장,뷰노,주요사항보고서(전환사채권발행결정),2024-12-24,20241224000154,338220
전환사채권발행결정,코스닥시장,아이톡시,주요사항보고서(전환사채권발행결정),2024-12-23,20241223000364,052770
전환사채권발행결정,코스닥시장,캔버스엔,주요사항보고서(전환사채권발행결정),2024-12-23,20241223000209,210120
전환사채권발행결정,코스닥시장,제이에스링크,주요사항보고서(전환사채권발행결정),2024-12-17,20241217000426,127120
전환사채권발행결정,유가증권시장,부산주공,주요사항보고서(전환사채권발행결정),2024-12-17,20241217000250,005030
전환사채권발행결정,코스닥시장,휴림에이텍,주요사항보고서(전환사채권발행결정),2024-12-17,20241217000003,078590
전환사채권발행결정,유가증권시장,엘앤에프,주요사항보고서(전환사채권발행결정),2024-12-16,20241216000384,066970
전환사채권발행결정,코스닥시장,알티캐스트,주요사항보고서(전환사채권발행결정),2024-12-16,20241216000004,085810
전환사채권발행결정,코스닥시장,오르비텍,주요사항보고서(전환사채권발행결정),2024-12-12,20241212000453,046120
전환사채권발행결정,코스닥시장,유니슨,주요사항보고서(전환사채권발행결정),2024-12-12,20241212000423,018000
전환사채권발행결정,코스닥시장,넥써쓰,주요사항보고서(전환사채권발행결정),2024-12-12,20241212000004,205500
전환사채권발행결정,코스닥시장,모아라이프플러스,주요사항보고서(전환사채권발행결정),2024-12-11,20241211000441,142760
전환사채권발행결정,유가증권시장,한독,주요사항보고서(전환사채권발행결정),2024-12-10,20241209000450,002390
전환사채권발행결정,코스닥시장,3S,주요사항보고서(전환사채권발행결정),2024-12-09,20241209000388,060310
전환사채권발행결정,유가증권시장,아주스틸,주요사항보고서(전환사채권발행결정),2024-12-06,20241206000532,139990
전환사채권발행결정,코스닥시장,테라젠이텍스,주요사항보고서(전환사채권발행결정),2024-12-06,20241206000496,066700
전환사채권발행결정,코스닥시장,누리플랜,주요사항보고서(전환사채권발행결정),2024-12-06,20241206000378,069140
전환사채권발행결정,코스닥시장,HLB파나진,주요사항보고서(전환사채권발행결정),2024-12-05,20241205000430,046210
전환사채권발행결정,코스닥시장,디에이치엑스컴퍼니,주요사항보고서(전환사채권발행결정),2024-12-04,20241204000374,031860
전환사채권발행결정,코스닥시장,캔버스엔,주요사항보고서(전환사채권발행결정),2024-12-03,20241203000223,210120
전환사채권발행결정,코스닥시장,스피어,주요사항보고서(전환사채권발행결정),2024-12-02,20241202000003,347700
전환사채권발행결정,코스닥시장,비보존 제약,주요사항보고서(전환사채권발행결정),2024-12-02,20241202000001,082800
전환사채권발행결정,코스닥시장,뉴로메카,주요사항보고서(전환사채권발행결정),2024-11-29,20241129001210,348340
전환사채권발행결정,코스닥시장,넥스턴앤롤코리아,주요사항보고서(전환사채권발행결정),2024-11-29,20241128001445,089140
전환사채권발행결정,유가증권시장,에쓰씨엔지니어링,주요사항보고서(전환사채권발행결정),2024-11-28,20241128001255,023960
전환사채권발행결정,코스닥시장,앱튼,주요사항보고서(전환사채권발행결정),2024-11-27,20241127000789,270520
전환사채권발행결정,코스닥시장,천보,주요사항보고서(전환사채권발행결정),2024-11-27,20241127000765,278280
전환사채권발행결정,코스닥시장,엑시온그룹,주요사항보고서(전환사채권발행결정),2024-11-26,20241126000708,069920
전환사채권발행결정,코스닥시장,코오롱생명과학,주요사항보고서(전환사채권발행결정),2024-11-22,20241122000494,102940
전환사채권발행결정,코스닥시장,LSK아이로봇,주요사항보고서(전환사채권발행결정),2024-11-22,20241122000422,091970
전환사채권발행결정,코스닥시장,JW신약,주요사항보고서(전환사채권발행결정),2024-11-21,20241121000506,067290
전환사채권발행결정,코스닥시장,아이쓰리시스템,주요사항보고서(전환사채권발행결정),2024-11-20,20241120000299,214430
전환사채권발행결정,코스닥시장,제이스코홀딩스,주요사항보고서(전환사채권발행결정),2024-11-20,20241119000268,023440
전환사채권발행결정,유가증권시장,대한전선,주요사항보고서(전환사채권발행결정),2024-11-19,20241119000120,001440
전환사채권발행결정,코스닥시장,큐리언트,주요사항보고서(전환사채권발행결정),2024-11-19,20241119000095,115180
전환사채권발행결정,코스닥시장,MDS테크,주요사항보고서(전환사채권발행결정),2024-11-18,20241118000155,086960
전환사채권발행결정,코스닥시장,SKAI,주요사항보고서(전환사채권발행결정),2024-11-18,20241118000128,357880
전환사채권발행결정,유가증권시장,STX,주요사항보고서(전환사채권발행결정),2024-11-15,20241115000316,011810
전환사채권발행결정,코스닥시장,HLB테라퓨틱스,주요사항보고서(전환사채권발행결정),2024-11-15,20241115000294,115450
전환사채권발행결정,코스닥시장,이브이첨단소재,주요사항보고서(전환사채권발행결정),2024-11-14,20241114002262,131400
전환사채권발행결정,코스닥시장,제이에스링크,주요사항보고서(전환사채권발행결정),2024-11-14,20241114001363,127120
전환사채권발행결정,코스닥시장,에스바이오메딕스,주요사항보고서(전환사채권발행결정),2024-11-13,20241113000720,304360
전환사채권발행결정,코스닥시장,오브젠,주요사항보고서(전환사채권발행결정),2024-11-11,20241111000215,417860
전환사채권발행결정,코스닥시장,제이오,주요사항보고서(전환사채권발행결정),2024-11-08,20241108000553,418550
전환사채권발행결정,코스닥시장,범한퓨얼셀,주요사항보고서(전환사채권발행결정),2024-11-08,20241108000506,382900
전환사채권발행결정,코스닥시장,뷰티스킨,주요사항보고서(전환사채권발행결정),2024-11-08,20241108000497,406820
전환사채권발행결정,코스닥시장,캔버스엔,주요사항보고서(전환사채권발행결정),2024-11-08,20241108000417,210120
전환사채권발행결정,코스닥시장,에스바이오메딕스,주요사항보고서(전환사채권발행결정),2024-11-07,20241107000344,304360
전환사채권발행결정,코스닥시장,셀루메드,주요사항보고서(전환사채권발행결정),2024-11-06,20241106000304,049180
전환사채권발행결정,코스닥시장,윙스풋,주요사항보고서(전환사채권발행결정),2024-11-05,20241105000233,335870
전환사채권발행결정,코스닥시장,이원컴포텍,주요사항보고서(전환사채권발행결정),2024-11-05,20241105000192,088290
전환사채권발행결정,코스닥시장,디에스엠,주요사항보고서(전환사채권발행결정),2024-11-05,20241105000115,104040
전환사채권발행결정,코스닥시장,엑시온그룹,주요사항보고서(전환사채권발행결정),2024-11-04,20241104000362,069920
전환사채권발행결정,코스닥시장,오가닉티코스메틱,주요사항보고서(전환사채권발행결정),2024-11-04,20241104000284,900300
전환사채권발행결정,코스닥시장,큐라티스,주요사항보고서(전환사채권발행결정),2024-10-31,20241031000507,348080
전환사채권발행결정,코스닥시장,아티스트컴퍼니,주요사항보고서(전환사채권발행결정),2024-10-31,20241031000459,321820
전환사채권발행결정,코스닥시장,HLB제넥스,주요사항보고서(전환사채권발행결정),2024-10-29,20241028000412,187420
전환사채권발행결정,코스닥시장,다날,주요사항보고서(전환사채권발행결정),2024-10-28,20241028000376,064260
전환사채권발행결정,코스닥시장,LSK아이로봇,주요사항보고서(전환사채권발행결정),2024-10-28,20241028000372,091970
전환사채권발행결정,코스닥시장,아미코젠,주요사항보고서(전환사채권발행결정),2024-10-28,20241028000369,092040
전환사채권발행결정,코스닥시장,앱클론,주요사항보고서(전환사채권발행결정),2024-10-28,20241028000333,174900
전환사채권발행결정,코스닥시장,비츠로시스,주요사항보고서(전환사채권발행결정),2024-10-24,20241024000452,054220
전환사채권발행결정,코스닥시장,우리기술,주요사항보고서(전환사채권발행결정),2024-10-23,20241023000293,032820
전환사채권발행결정,코스닥시장,에스프리즘,주요사항보고서(전환사채권발행결정),2024-10-22,20241022000318,288620
전환사채권발행결정,코스닥시장,아이티센피엔에스,주요사항보고서(전환사채권발행결정),2024-10-22,20241022000205,232830
전환사채권발행결정,코스닥시장,LSK아이로봇,주요사항보고서(전환사채권발행결정),2024-10-18,20241018000299,091970
전환사채권발행결정,코스닥시장,오픈놀,주요사항보고서(전환사채권발행결정),2024-10-16,20241016000225,440320
전환사채권발행결정,코스닥시장,한국맥널티,주요사항보고서(전환사채권발행결정),2024-10-16,20241016000173,222980
전환사채권발행결정,코스닥시장,FSN,주요사항보고서(전환사채권발행결정),2024-10-16,20241015000464,214270
전환사채권발행결정,유가증권시장,하이브,주요사항보고서(전환사채권발행결정),2024-10-15,20241015000082,352820
전환사채권발행결정,코스닥시장,엔켐,주요사항보고서(전환사채권발행결정),2024-10-14,20241014000307,348370
전환사채권발행결정,유가증권시장,이연제약,주요사항보고서(전환사채권발행결정),2024-10-14,20241014000174,102460
전환사채권발행결정,유가증권시장,한세엠케이,주요사항보고서(전환사채권발행결정),2024-10-11,20241011000461,069640
전환사채권발행결정,코스닥시장,엠케이전자,주요사항보고서(전환사채권발행결정),2024-10-10,20241010000623,033160
전환사채권발행결정,코스닥시장,엠플러스,주요사항보고서(전환사채권발행결정),2024-10-10,20241010000608,259630
전환사채권발행결정,코스닥시장,케이이엠텍,주요사항보고서(전환사채권발행결정),2024-10-08,20241008000546,106080
전환사채권발행결정,코스닥시장,티로보틱스,주요사항보고서(전환사채권발행결정),2024-10-08,20241008000363,117730
전환사채권발행결정,유가증권시장,차AI헬스케어,주요사항보고서(전환사채권발행결정),2024-10-08,20241008000327,025620
전환사채권발행결정,코스닥시장,에프엔씨엔터,주요사항보고서(전환사채권발행결정),2024-10-04,20241004000312,173940
전환사채권발행결정,유가증권시장,STX그린로지스,주요사항보고서(전환사채권발행결정),2024-10-02,20241002000460,465770
전환사채권발행결정,코스닥시장,제이케이시냅스,주요사항보고서(전환사채권발행결정),2024-10-02,20241002000348,060230
전환사채권발행결정,코스닥시장,와이엠티,주요사항보고서(전환사채권발행결정),2024-09-25,20240925000459,251370
전환사채권발행결정,코스닥시장,네오이뮨텍,주요사항보고서(전환사채권발행결정),2024-09-25,20240925000391,950220
전환사채권발행결정,코스닥시장,옵트론텍,주요사항보고서(전환사채권발행결정),2024-09-23,20240923000394,082210
전환사채권발행결정,코스닥시장,다보링크,주요사항보고서(전환사채권발행결정),2024-09-20,20240920000452,340360
전환사채권발행결정,유가증권시장,DH오토넥스,주요사항보고서(전환사채권발행결정),2024-09-19,20240913000851,000300
전환사채권발행결정,코스닥시장,제이케이시냅스,주요사항보고서(전환사채권발행결정),2024-09-13,20240913000765,060230
전환사채권발행결정,코스닥시장,모아데이타,주요사항보고서(전환사채권발행결정),2024-09-12,20240912000493,288980
전환사채권발행결정,코스닥시장,인벤티지랩,주요사항보고서(전환사채권발행결정),2024-09-11,20240911000375,389470
전환사채권발행결정,코스닥시장,멤레이비티,주요사항보고서(전환사채권발행결정),2024-09-11,20240911000184,072770
전환사채권발행결정,코스닥시장,삼영이엔씨,주요사항보고서(전환사채권발행결정),2024-09-09,20240909000302,065570
전환사채권발행결정,유가증권시장,엑시큐어하이트론,주요사항보고서(전환사채권발행결정),2024-09-09,20240909000265,019490
전환사채권발행결정,유가증권시장,대원전선,주요사항보고서(전환사채권발행결정),2024-09-09,20240909000134,006340
전환사채권발행결정,코스닥시장,제이케이시냅스,주요사항보고서(전환사채권발행결정),2024-09-09,20240906000667,060230
전환사채권발행결정,유가증권시장,엑시큐어하이트론,주요사항보고서(전환사채권발행결정),2024-09-06,20240906000591,019490
전환사채권발행결정,코스닥시장,퓨쳐켐,주요사항보고서(전환사채권발행결정),2024-09-05,20240905000427,220100
전환사채권발행결정,코스닥시장,마이크로디지탈,주요사항보고서(전환사채권발행결정),2024-09-05,20240905000417,305090
전환사채권발행결정,코스닥시장,대봉엘에스,주요사항보고서(전환사채권발행결정),2024-09-04,20240904000181,078140
전환사채권발행결정,코스닥시장,선바이오,주요사항보고서(전환사채권발행결정),2024-09-03,20240903000278,067370
전환사채권발행결정,코스닥시장,밸로프,주요사항보고서(전환사채권발행결정),2024-08-29,20240829001654,331520
전환사채권발행결정,코스닥시장,비나텍,주요사항보고서(전환사채권발행결정),2024-08-28,20240828000844,126340
전환사채권발행결정,코스닥시장,우양,주요사항보고서(전환사채권발행결정),2024-08-28,20240828000561,103840
전환사채권발행결정,코스닥시장,한국첨단소재,주요사항보고서(전환사채권발행결정),2024-08-28,20240827000906,062970
전환사채권발행결정,코스닥시장,우리기술,주요사항보고서(전환사채권발행결정),2024-08-27,20240827000865,032820
전환사채권발행결정,코스닥시장,파라텍,주요사항보고서(전환사채권발행결정),2024-08-26,20240823000588,033540
전환사채권발행결정,코스닥시장,누보,주요사항보고서(전환사채권발행결정),2024-08-23,20240823000330,332290
전환사채권발행결정,코스닥시장,HLB생명과학,주요사항보고서(전환사채권발행결정),2024-08-21,20240821000354,067630
전환사채권발행결정,코스닥시장,덴티스,주요사항보고서(전환사채권발행결정),2024-08-20,20240820000329,261200
전환사채권발행결정,코스닥시장,앱튼,주요사항보고서(전환사채권발행결정),2024-08-19,20240819000309,270520
전환사채권발행결정,유가증권시장,금호전기,주요사항보고서(전환사채권발행결정),2024-08-14,20240814003359,001210
전환사채권발행결정,코스닥시장,엔젠바이오,주요사항보고서(전환사채권발행결정),2024-08-13,20240813001357,354200
전환사채권발행결정,코스닥시장,엠젠솔루션,주요사항보고서(전환사채권발행결정),2024-08-09,20240809000605,032790
전환사채권발행결정,코스닥시장,제노코,주요사항보고서(전환사채권발행결정),2024-08-09,20240809000455,361390
전환사채권발행결정,코스닥시장,서진시스템,주요사항보고서(전환사채권발행결정),2024-08-06,20240806000296,178320
전환사채권발행결정,코스닥시장,휴럼,주요사항보고서(전환사채권발행결정),2024-08-06,20240806000137,353190
전환사채권발행결정,코스닥시장,한국유니온제약,주요사항보고서(전환사채권발행결정),2024-07-30,20240730000360,080720
전환사채권발행결정,유가증권시장,메타랩스,주요사항보고서(전환사채권발행결정),2024-07-30,20240730000310,090370
전환사채권발행결정,코스닥시장,지아이이노베이션,주요사항보고서(전환사채권발행결정),2024-07-30,20240730000181,358570
전환사채권발행결정,코스닥시장,에코글로우,주요사항보고서(전환사채권발행결정),2024-07-30,20240730000002,159910
전환사채권발행결정,코스닥시장,자람테크놀로지,주요사항보고서(전환사채권발행결정),2024-07-29,20240729000284,389020
전환사채권발행결정,코스닥시장,바이오플러스,주요사항보고서(전환사채권발행결정),2024-07-29,20240729000190,099430
전환사채권발행결정,코스닥시장,크리스에프앤씨,주요사항보고서(전환사채권발행결정),2024-07-26,20240726000496,110790
전환사채권발행결정,코스닥시장,SG,주요사항보고서(전환사채권발행결정),2024-07-25,20240725000317,255220
전환사채권발행결정,코스닥시장,대성하이텍,주요사항보고서(전환사채권발행결정),2024-07-24,20240724000424,129920
전환사채권발행결정,코스닥시장,큐리옥스바이오시스템즈,주요사항보고서(전환사채권발행결정),2024-07-23,20240723000321,445680
전환사채권발행결정,코스닥시장,티앤알바이오팹,주요사항보고서(전환사채권발행결정),2024-07-23,20240723000248,246710
전환사채권발행결정,코스닥시장,큐브엔터,주요사항보고서(전환사채권발행결정),2024-07-23,20240723000209,182360
전환사채권발행결정,코스닥시장,하이퍼코퍼레이션,주요사항보고서(전환사채권발행결정),2024-07-22,20240722000270,065650
전환사채권발행결정,코스닥시장,스피어,주요사항보고서(전환사채권발행결정),2024-07-22,20240722000268,347700
전환사채권발행결정,코스닥시장,디에이치엑스컴퍼니,주요사항보고서(전환사채권발행결정),2024-07-19,20240719000503,031860
전환사채권발행결정,코스닥시장,노랑풍선,주요사항보고서(전환사채권발행결정),2024-07-19,20240719000397,104620
전환사채권발행결정,코스닥시장,엑시온그룹,주요사항보고서(전환사채권발행결정),2024-07-18,20240718000450,069920
전환사채권발행결정,코스닥시장,퀀텀레일,주요사항보고서(전환사채권발행결정),2024-07-18,20240718000005,070300
전환사채권발행결정,코스닥시장,지놈앤컴퍼니,주요사항보고서(전환사채권발행결정),2024-07-17,20240717000406,314130
전환사채권발행결정,코스닥시장,아난티,주요사항보고서(전환사채권발행결정),2024-07-16,20240716000309,025980
전환사채권발행결정,코스닥시장,아미코젠,주요사항보고서(전환사채권발행결정),2024-07-16,20240716000307,092040
전환사채권발행결정,유가증권시장,일진디스플,주요사항보고서(전환사채권발행결정),2024-07-10,20240710000773,020760
전환사채권발행결정,코스닥시장,피플바이오,주요사항보고서(전환사채권발행결정),2024-07-10,20240710000702,304840
전환사채권발행결정,코스닥시장,포커스에이아이,주요사항보고서(전환사채권발행결정),2024-07-10,20240710000002,331380
전환사채권발행결정,코스닥시장,오이솔루션,주요사항보고서(전환사채권발행결정),2024-07-09,20240709000442,138080
전환사채권발행결정,유가증권시장,씨아이테크,주요사항보고서(전환사채권발행결정),2024-07-09,20240709000416,004920
전환사채권발행결정,코스닥시장,아이오케이이엔엠,주요사항보고서(전환사채권발행결정),2024-07-09,20240709000354,078860
전환사채권발행결정,코스닥시장,KS인더스트리,주요사항보고서(전환사채권발행결정),2024-07-08,20240708000440,101000
전환사채권발행결정,유가증권시장,코아스,주요사항보고서(전환사채권발행결정),2024-07-08,20240708000006,071950
전환사채권발행결정,코스닥시장,청담글로벌,주요사항보고서(전환사채권발행결정),2024-07-05,20240705000510,362320
전환사채권발행결정,유가증권시장,에이프로젠바이오로직스,주요사항보고서(전환사채권발행결정),2024-07-05,20240704000504,003060
전환사채권발행결정,코스닥시장,케이엠더블유,주요사항보고서(전환사채권발행결정),2024-07-04,20240704000354,032500
전환사채권발행결정,코스닥시장,해성옵틱스,주요사항보고서(전환사채권발행결정),2024-07-01,20240701000470,076610
전환사채권발행결정,유가증권시장,화승엔터프라이즈,주요사항보고서(전환사채권발행결정),2024-07-01,20240701000429,241590
전환사채권발행결정,코스닥시장,모아데이타,주요사항보고서(전환사채권발행결정),2025-06-30,20250630000863,288980
전환사채권발행결정,코스닥시장,제이엘케이,주요사항보고서(전환사채권발행결정),2025-06-30,20250630000600,322510
전환사채권발행결정,코스닥시장,보로노이,주요사항보고서(전환사채권발행결정),2025-06-30,20250627000897,310210
전환사채권발행결정,코스닥시장,엔투텍,주요사항보고서(전환사채권발행결정),2025-06-27,20250627000771,227950
전환사채권발행결정,코스닥시장,하이퍼코퍼레이션,주요사항보고서(전환사채권발행결정),2025-06-27,20250627000003,065650
전환사채권발행결정,코스닥시장,해성옵틱스,주요사항보고서(전환사채권발행결정),2025-06-26,20250626000452,076610
전환사채권발행결정,코스닥시장,아미노로직스,주요사항보고서(전환사채권발행결정),2025-06-26,20250626000317,074430
전환사채권발행결정,코스닥시장,마음AI,주요사항보고서(전환사채권발행결정),2025-06-25,20250625000504,377480
전환사채권발행결정,코스닥시장,제테마,주요사항보고서(전환사채권발행결정),2025-06-25,20250625000490,216080
전환사채권발행결정,코스닥시장,유티아이,주요사항보고서(전환사채권발행결정),2025-06-24,20250624000407,179900
전환사채권발행결정,코스닥시장,파이온엑스,주요사항보고서(전환사채권발행결정),2025-06-23,20250623000330,900100
전환사채권발행결정,코스닥시장,캠시스,주요사항보고서(전환사채권발행결정),2025-06-23,20250623000172,050110
전환사채권발행결정,코스닥시장,파라택시스코리아,주요사항보고서(전환사채권발행결정),2025-06-20,20250620000611,288330
전환사채권발행결정,코스닥시장,HLB테라퓨틱스,주요사항보고서(전환사채권발행결정),2025-06-20,20250620000292,115450
전환사채권발행결정,코스닥시장,CSA 코스믹,주요사항보고서(전환사채권발행결정),2025-06-18,20250618000410,083660
전환사채권발행결정,코스닥시장,킵스파마,주요사항보고서(전환사채권발행결정),2025-06-16,20250616000286,256940
전환사채권발행결정,코스닥시장,비트맥스,주요사항보고서(전환사채권발행결정),2025-06-16,20250616000261,377030
전환사채권발행결정,코스닥시장,디티앤씨,주요사항보고서(전환사채권발행결정),2025-06-13,20250613000433,187220
전환사채권발행결정,코스닥시장,엑스플러스,주요사항보고서(전환사채권발행결정),2025-06-13,20250613000268,373200
전환사채권발행결정,코스닥시장,서린바이오,주요사항보고서(전환사채권발행결정),2025-06-11,20250611000515,038070
전환사채권발행결정,코스닥시장,심텍,주요사항보고서(전환사채권발행결정),2025-06-11,20250611000341,222800
전환사채권발행결정,코스닥시장,디앤디파마텍,주요사항보고서(전환사채권발행결정),2025-06-11,20250611000051,347850
전환사채권발행결정,코스닥시장,메지온,주요사항보고서(전환사채권발행결정),2025-06-10,20250610000308,140410
전환사채권발행결정,코스닥시장,쎄노텍,주요사항보고서(전환사채권발행결정),2025-06-10,20250610000281,222420
전환사채권발행결정,코스닥시장,엑시온그룹,주요사항보고서(전환사채권발행결정),2025-06-09,20250609000166,069920
전환사채권발행결정,코스닥시장,애드바이오텍,주요사항보고서(전환사채권발행결정),2025-06-09,20250609000001,179530
전환사채권발행결정,유가증권시장,와이투솔루션,주요사항보고서(전환사채권발행결정),2025-06-04,20250604000167,011690
전환사채권발행결정,코스닥시장,코닉오토메이션,주요사항보고서(전환사채권발행결정),2025-06-02,20250602001050,391710
전환사채권발행결정,코스닥시장,손오공,주요사항보고서(전환사채권발행결정),2025-05-30,20250530002211,066910
전환사채권발행결정,코스닥시장,스코넥,주요사항보고서(전환사채권발행결정),2025-05-28,20250527000569,276040
전환사채권발행결정,코스닥시장,삼보모터스,주요사항보고서(전환사채권발행결정),2025-05-27,20250527000461,053700
전환사채권발행결정,코스닥시장,졸스,주요사항보고서(전환사채권발행결정),2025-05-27,20250527000384,018700
전환사채권발행결정,코스닥시장,제이엔비,주요사항보고서(전환사채권발행결정),2025-05-27,20250527000190,452160
전환사채권발행결정,코스닥시장,엘앤케이바이오,주요사항보고서(전환사채권발행결정),2025-05-26,20250526000396,156100
전환사채권발행결정,코스닥시장,팬스타엔터프라이즈,주요사항보고서(전환사채권발행결정),2025-05-23,20250523000542,054300
전환사채권발행결정,코스닥시장,비트맥스,주요사항보고서(전환사채권발행결정),2025-05-23,20250523000515,377030
전환사채권발행결정,코스닥시장,테고사이언스,주요사항보고서(전환사채권발행결정),2025-05-23,20250523000453,191420
전환사채권발행결정,코스닥시장,유니슨,주요사항보고서(전환사채권발행결정),2025-05-22,20250522000310,018000
전환사채권발행결정,코스닥시장,파두,주요사항보고서(전환사채권발행결정),2025-05-21,20250521000382,440110
전환사채권발행결정,코스닥시장,아이씨에이치,주요사항보고서(전환사채권발행결정),2025-05-21,20250521000320,368600
전환사채권발행결정,코스닥시장,에코글로우,주요사항보고서(전환사채권발행결정),2025-05-20,20250520000004,159910
전환사채권발행결정,코스닥시장,지니너스,주요사항보고서(전환사채권발행결정),2025-05-19,20250519000282,389030
전환사채권발행결정,코스닥시장,THE E&M,주요사항보고서(전환사채권발행결정),2025-05-16,20250516000322,089230
전환사채권발행결정,코스닥시장,아이씨티케이,주요사항보고서(전환사채권발행결정),2025-05-16,20250516000317,456010
전환사채권발행결정,코스닥시장,빛과전자,주요사항보고서(전환사채권발행결정),2025-05-15,20250515002946,069540
전환사채권발행결정,유가증권시장,에어부산,주요사항보고서(전환사채권발행결정),2025-05-13,20250513000764,298690
전환사채권발행결정,코스닥시장,알파AI,주요사항보고서(전환사채권발행결정),2025-05-08,20250507000716,043100
전환사채권발행결정,코스닥시장,풍원정밀,주요사항보고서(전환사채권발행결정),2025-05-07,20250507000683,371950
전환사채권발행결정,코스닥시장,아리바이오홀딩스,주요사항보고서(전환사채권발행결정),2025-04-30,20250430000002,290690
전환사채권발행결정,코스닥시장,엔바이오니아,주요사항보고서(전환사채권발행결정),2025-04-29,20250429000915,317870
전환사채권발행결정,코스닥시장,에이텀,주요사항보고서(전환사채권발행결정),2025-04-29,20250429000001,355690
전환사채권발행결정,코스닥시장,넥스턴앤롤코리아,주요사항보고서(전환사채권발행결정),2025-04-28,20250428000778,089140
전환사채권발행결정,코스닥시장,우리기술,주요사항보고서(전환사채권발행결정),2025-04-28,20250428000705,032820
전환사채권발행결정,코스닥시장,윤성에프앤씨,주요사항보고서(전환사채권발행결정),2025-04-28,20250428000514,372170
전환사채권발행결정,코스닥시장,지놈앤컴퍼니,주요사항보고서(전환사채권발행결정),2025-04-24,20250424000581,314130
전환사채권발행결정,유가증권시장,금호전기,주요사항보고서(전환사채권발행결정),2025-04-23,20250423000539,001210
전환사채권발행결정,코스닥시장,다산디엠씨,주요사항보고서(전환사채권발행결정),2025-04-23,20250423000489,208860
전환사채권발행결정,코스닥시장,푸드나무,주요사항보고서(전환사채권발행결정),2025-04-22,20250422000404,290720
전환사채권발행결정,코스닥시장,텔콘RF제약,주요사항보고서(전환사채권발행결정),2025-04-21,20250421000372,200230
전환사채권발행결정,코스닥시장,SV인베스트먼트,주요사항보고서(전환사채권발행결정),2025-04-17,20250417000522,289080
전환사채권발행결정,코스닥시장,알체라,주요사항보고서(전환사채권발행결정),2025-04-17,20250417000511,347860
전환사채권발행결정,코스닥시장,청보,주요사항보고서(전환사채권발행결정),2025-04-17,20250417000130,013720
전환사채권발행결정,코스닥시장,대성하이텍,주요사항보고서(전환사채권발행결정),2025-04-16,20250416000376,129920
전환사채권발행결정,코스닥시장,엑시온그룹,주요사항보고서(전환사채권발행결정),2025-04-15,20250415000496,069920
전환사채권발행결정,코스닥시장,NEW,주요사항보고서(전환사채권발행결정),2025-04-11,20250411003334,160550
전환사채권발행결정,유가증권시장,에이엔피,주요사항보고서(전환사채권발행결정),2025-04-09,20250409002413,015260
전환사채권발행결정,코스닥시장,펨트론,주요사항보고서(전환사채권발행결정),2025-04-09,20250409002175,168360
전환사채권발행결정,코스닥시장,에이프로,주요사항보고서(전환사채권발행결정),2025-04-09,20250409001845,262260
전환사채권발행결정,유가증권시장,콘텐트리중앙,주요사항보고서(전환사채권발행결정),2025-04-09,20250408003433,036420
전환사채권발행결정,코스닥시장,아이스크림에듀,주요사항보고서(전환사채권발행결정),2025-04-08,20250408002869,289010
전환사채권발행결정,코스닥시장,하이딥,주요사항보고서(전환사채권발행결정),2025-04-08,20250408001706,365590
전환사채권발행결정,코스닥시장,디모아,주요사항보고서(전환사채권발행결정),2025-04-03,20250403000004,016670
전환사채권발행결정,코스닥시장,엘앤씨바이오,주요사항보고서(전환사채권발행결정),2025-04-01,20250401003356,290650
전환사채권발행결정,코스닥시장,가온칩스,주요사항보고서(전환사채권발행결정),2025-04-01,20250401003248,399720
전환사채권발행결정,코스닥시장,올리패스,주요사항보고서(전환사채권발행결정),2025-03-31,20250331004241,244460
전환사채권발행결정,유가증권시장,한국카본,주요사항보고서(전환사채권발행결정),2025-03-31,20250331003204,017960
전환사채권발행결정,코스닥시장,나노실리칸첨단소재,주요사항보고서(전환사채권발행결정),2025-03-28,20250328002311,286750
전환사채권발행결정,유가증권시장,차AI헬스케어,주요사항보고서(전환사채권발행결정),2025-03-28,20250328000008,025620
전환사채권발행결정,코스닥시장,티사이언티픽,주요사항보고서(전환사채권발행결정),2025-03-27,20250327001197,057680
전환사채권발행결정,코스닥시장,큐로홀딩스,주요사항보고서(전환사채권발행결정),2025-03-27,20250327001186,051780
전환사채권발행결정,코스닥시장,신라젠,주요사항보고서(전환사채권발행결정),2025-03-26,20250326001290,215600
전환사채권발행결정,코스닥시장,초록뱀미디어,주요사항보고서(전환사채권발행결정),2025-03-26,20250326001275,047820
전환사채권발행결정,코스닥시장,세종메디칼,주요사항보고서(전환사채권발행결정),2025-03-26,20250326000959,258830
전환사채권발행결정,유가증권시장,에이프로젠바이오로직스,주요사항보고서(전환사채권발행결정),2025-03-26,20250326000809,003060
전환사채권발행결정,코스닥시장,엑스플러스,주요사항보고서(전환사채권발행결정),2025-03-24,20250324000924,373200
전환사채권발행결정,코스닥시장,엑시온그룹,주요사항보고서(전환사채권발행결정),2025-03-24,20250324000839,069920
전환사채권발행결정,코스닥시장,헝셩그룹,주요사항보고서(전환사채권발행결정),2025-03-24,20250324000497,900270
전환사채권발행결정,코스닥시장,TS인베스트먼트,주요사항보고서(전환사채권발행결정),2025-03-21,20250321000681,246690
전환사채권발행결정,코스닥시장,드래곤플라이,주요사항보고서(전환사채권발행결정),2025-03-20,20250320001677,030350
전환사채권발행결정,코스닥시장,아리바이오홀딩스,주요사항보고서(전환사채권발행결정),2025-03-14,20250314001708,290690
전환사채권발행결정,코스닥시장,그린플러스,주요사항보고서(전환사채권발행결정),2025-03-14,20250314001369,186230
전환사채권발행결정,코스닥시장,휴맥스홀딩스,주요사항보고서(전환사채권발행결정),2025-03-14,20250314000928,028080
전환사채권발행결정,코스닥시장,아리바이오홀딩스,주요사항보고서(전환사채권발행결정),2025-03-13,20250313001423,290690
전환사채권발행결정,코스닥시장,청보,주요사항보고서(전환사채권발행결정),2025-03-12,20250312000656,013720
전환사채권발행결정,코스닥시장,드래곤플라이,주요사항보고서(전환사채권발행결정),2025-03-11,20250311001095,030350
전환사채권발행결정,코스닥시장,HLB펩,주요사항보고서(전환사채권발행결정),2025-03-10,20250310000859,196300
전환사채권발행결정,코스닥시장,휴맥스,주요사항보고서(전환사채권발행결정),2025-03-07,20250307000651,115160
전환사채권발행결정,코스닥시장,NEW,주요사항보고서(전환사채권발행결정),2025-02-28,20250228006466,160550
전환사채권발행결정,코스닥시장,HLB테라퓨틱스,주요사항보고서(전환사채권발행결정),2025-02-26,20250226004571,115450
전환사채권발행결정,코스닥시장,제일엠앤에스,주요사항보고서(전환사채권발행결정),2025-02-25,20250225004081,412540
전환사채권발행결정,코스닥시장,에이텀,주요사항보고서(전환사채권발행결정),2025-02-24,20250224004586,355690
전환사채권발행결정,코스닥시장,KS인더스트리,주요사항보고서(전환사채권발행결정),2025-02-21,20250221002804,101000
전환사채권발행결정,코스닥시장,비씨엔씨,주요사항보고서(전환사채권발행결정),2025-02-21,20250220002283,146320
전환사채권발행결정,코스닥시장,제주반도체,주요사항보고서(전환사채권발행결정),2025-02-20,20250220001754,080220
전환사채권발행결정,코스닥시장,코오롱티슈진,주요사항보고서(전환사채권발행결정),2025-02-19,20250219001923,950160
전환사채권발행결정,코스닥시장,라온피플,주요사항보고서(전환사채권발행결정),2025-02-19,20250219001884,300120
전환사채권발행결정,코스닥시장,아이즈비전,주요사항보고서(전환사채권발행결정),2025-02-19,20250219001785,031310
전환사채권발행결정,코스닥시장,큐로셀,주요사항보고서(전환사채권발행결정),2025-02-19,20250219001783,372320
전환사채권발행결정,코스닥시장,비트맥스,주요사항보고서(전환사채권발행결정),2025-02-17,20250214002823,377030
전환사채권발행결정,코스닥시장,에코글로우,주요사항보고서(전환사채권발행결정),2025-02-13,20250213001775,159910
전환사채권발행결정,코스닥시장,녹십자웰빙,주요사항보고서(전환사채권발행결정),2025-02-12,20250212001030,234690
전환사채권발행결정,코스닥시장,LB세미콘,주요사항보고서(전환사채권발행결정),2025-02-12,20250212000799,061970
전환사채권발행결정,유가증권시장,동성제약,주요사항보고서(전환사채권발행결정),2025-02-11,20250211000758,002210
전환사채권발행결정,코스닥시장,엣지파운드리,주요사항보고서(전환사채권발행결정),2025-02-06,20250206000640,105550
전환사채권발행결정,코스닥시장,라파스,주요사항보고서(전환사채권발행결정),2025-02-05,20250205000510,214260
전환사채권발행결정,코스닥시장,케이이엠텍,주요사항보고서(전환사채권발행결정),2025-02-03,20250203000470,106080
전환사채권발행결정,코스닥시장,넥사다이내믹스,주요사항보고서(전환사채권발행결정),2025-02-03,20250203000003,351320
전환사채권발행결정,코스닥시장,에이텀,주요사항보고서(전환사채권발행결정),2025-01-24,20250124000767,355690
전환사채권발행결정,코스닥시장,해성옵틱스,주요사항보고서(전환사채권발행결정),2025-01-22,20250122000222,076610
전환사채권발행결정,코스닥시장,한선엔지니어링,주요사항보고서(전환사채권발행결정),2025-01-21,20250121000359,452280
전환사채권발행결정,코스닥시장,파인엠텍,주요사항보고서(전환사채권발행결정),2025-01-21,20250121000346,441270
전환사채권발행결정,코스닥시장,캔버스엔,주요사항보고서(전환사채권발행결정),2025-01-20,20250120000462,210120
전환사채권발행결정,코스닥시장,아이씨에이치,주요사항보고서(전환사채권발행결정),2025-01-20,20250120000396,368600
전환사채권발행결정,코스닥시장,알엔투테크놀로지,주요사항보고서(전환사채권발행결정),2025-01-17,20250117000538,148250
전환사채권발행결정,코스닥시장,와이씨켐,주요사항보고서(전환사채권발행결정),2025-01-15,20250115000389,112290
전환사채권발행결정,코스닥시장,FSN,주요사항보고서(전환사채권발행결정),2025-01-15,20250115000344,214270
전환사채권발행결정,코스닥시장,뉴온,주요사항보고서(전환사채권발행결정),2025-01-15,20250115000342,123840
전환사채권발행결정,코스닥시장,비트맥스,주요사항보고서(전환사채권발행결정),2025-01-15,20250115000192,377030
전환사채권발행결정,코스닥시장,인벤티지랩,주요사항보고서(전환사채권발행결정),2025-01-13,20250113000300,389470
전환사채권발행결정,코스닥시장,HLB생명과학,주요사항보고서(전환사채권발행결정),2025-01-08,20250108000490,067630
전환사채권발행결정,코스닥시장,HLB이노베이션,주요사항보고서(전환사채권발행결정),2025-01-08,20250108000347,024850
전환사채권발행결정,코스닥시장,아이에이,주요사항보고서(전환사채권발행결정),2025-01-07,20250107000001,038880
전환사채권발행결정,코스닥시장,아이톡시,주요사항보고서(전환사채권발행결정),2025-12-31,20251231000002,052770
전환사채권발행결정,코스닥시장,이엠앤아이,주요사항보고서(전환사채권발행결정),2025-12-29,20251229000465,083470
전환사채권발행결정,코스닥시장,엔켐,주요사항보고서(전환사채권발행결정),2025-12-26,20251226000378,348370
전환사채권발행결정,코스닥시장,와이엠텍,주요사항보고서(전환사채권발행결정),2025-12-24,20251224000001,273640
전환사채권발행결정,코스닥시장,센서뷰,주요사항보고서(전환사채권발행결정),2025-12-24,20251223000882,321370
전환사채권발행결정,코스닥시장,케이이엠텍,주요사항보고서(전환사채권발행결정),2025-12-23,20251223000826,106080
전환사채권발행결정,코스닥시장,젠큐릭스,주요사항보고서(전환사채권발행결정),2025-12-23,20251223000647,229000
전환사채권발행결정,코스닥시장,모아데이타,주요사항보고서(전환사채권발행결정),2025-12-22,20251222000425,288980
전환사채권발행결정,코스닥시장,퀀타매트릭스,주요사항보고서(전환사채권발행결정),2025-12-22,20251222000411,317690
전환사채권발행결정,코스닥시장,대진첨단소재,주요사항보고서(전환사채권발행결정),2025-12-19,20251219000562,393970
전환사채권발행결정,코스닥시장,SGA솔루션즈,주요사항보고서(전환사채권발행결정),2025-12-19,20251219000443,184230
전환사채권발행결정,코스닥시장,코렌텍,주요사항보고서(전환사채권발행결정),2025-12-19,20251219000364,104540
전환사채권발행결정,코스닥시장,오르비텍,주요사항보고서(전환사채권발행결정),2025-12-18,20251218000456,046120
전환사채권발행결정,코스닥시장,올리패스,주요사항보고서(전환사채권발행결정),2025-12-18,20251218000337,244460
전환사채권발행결정,코스닥시장,알리코제약,주요사항보고서(전환사채권발행결정),2025-12-18,20251217000606,260660
전환사채권발행결정,코스닥시장,뷰티스킨,주요사항보고서(전환사채권발행결정),2025-12-17,20251217000545,406820
전환사채권발행결정,코스닥시장,빛과전자,주요사항보고서(전환사채권발행결정),2025-12-17,20251217000542,069540
전환사채권발행결정,코스닥시장,메디포스트,주요사항보고서(전환사채권발행결정),2025-12-17,20251216000519,078160
전환사채권발행결정,코스닥시장,메디포스트,주요사항보고서(전환사채권발행결정),2025-12-16,20251216000513,078160
전환사채권발행결정,코스닥시장,엔젯,주요사항보고서(전환사채권발행결정),2025-12-11,20251211000323,419080
전환사채권발행결정,유가증권시장,SNT홀딩스,주요사항보고서(전환사채권발행결정),2025-12-11,20251211000244,036530
전환사채권발행결정,유가증권시장,비비안,주요사항보고서(전환사채권발행결정),2025-12-10,20251210000545,002070
전환사채권발행결정,코스닥시장,TS트릴리온,주요사항보고서(전환사채권발행결정),2025-12-10,20251210000543,317240
전환사채권발행결정,코스닥시장,서울바이오시스,주요사항보고서(전환사채권발행결정),2025-12-10,20251210000358,092190
전환사채권발행결정,코스닥시장,CSA 코스믹,주요사항보고서(전환사채권발행결정),2025-12-09,20251209000418,083660
전환사채권발행결정,유가증권시장,코아스,주요사항보고서(전환사채권발행결정),2025-12-09,20251209000334,071950
전환사채권발행결정,코스닥시장,성호전자,주요사항보고서(전환사채권발행결정),2025-12-08,20251208000440,043260
전환사채권발행결정,코스닥시장,케이피엠테크,주요사항보고서(전환사채권발행결정),2025-12-08,20251208000403,042040
전환사채권발행결정,코스닥시장,나인테크,주요사항보고서(전환사채권발행결정),2025-12-08,20251208000354,267320
전환사채권발행결정,코스닥시장,파라택시스이더리움,주요사항보고서(전환사채권발행결정),2025-12-04,20251204000469,290560
전환사채권발행결정,코스닥시장,이엔셀,주요사항보고서(전환사채권발행결정),2025-12-04,20251204000358,456070
전환사채권발행결정,유가증권시장,HLB글로벌,주요사항보고서(전환사채권발행결정),2025-12-03,20251203000193,003580
전환사채권발행결정,코스닥시장,뷰노,주요사항보고서(전환사채권발행결정),2025-12-02,20251202000243,338220
전환사채권발행결정,코스닥시장,엠젠솔루션,주요사항보고서(전환사채권발행결정),2025-12-01,20251201000732,032790
전환사채권발행결정,코스닥시장,성일하이텍,주요사항보고서(전환사채권발행결정),2025-11-28,20251128001687,365340
전환사채권발행결정,코스닥시장,제닉스로보틱스,주요사항보고서(전환사채권발행결정),2025-11-28,20251128001590,381620
전환사채권발행결정,코스닥시장,폴라리스우노,주요사항보고서(전환사채권발행결정),2025-11-27,20251127001361,114630
전환사채권발행결정,코스닥시장,크레오에스지,주요사항보고서(전환사채권발행결정),2025-11-27,20251127001088,040350
전환사채권발행결정,유가증권시장,진원생명과학,주요사항보고서(전환사채권발행결정),2025-11-27,20251127000867,011000
전환사채권발행결정,코스닥시장,오르비텍,주요사항보고서(전환사채권발행결정),2025-11-27,20251127000853,046120
전환사채권발행결정,유가증권시장,대호에이엘,주요사항보고서(전환사채권발행결정),2025-11-26,20251126000500,069460
전환사채권발행결정,코스닥시장,스코넥,주요사항보고서(전환사채권발행결정),2025-11-24,20251124000369,276040
전환사채권발행결정,코스닥시장,하이드로리튬,주요사항보고서(전환사채권발행결정),2025-11-24,20251124000319,101670
전환사채권발행결정,코스닥시장,차이커뮤니케이션,주요사항보고서(전환사채권발행결정),2025-11-21,20251121000421,351870
전환사채권발행결정,유가증권시장,영진약품,주요사항보고서(전환사채권발행결정),2025-11-20,20251120000602,003520
전환사채권발행결정,코스닥시장,우리기술,주요사항보고서(전환사채권발행결정),2025-11-20,20251120000565,032820
전환사채권발행결정,코스닥시장,HLB테라퓨틱스,주요사항보고서(전환사채권발행결정),2025-11-20,20251120000562,115450
전환사채권발행결정,코스닥시장,오토앤,주요사항보고서(전환사채권발행결정),2025-11-20,20251120000396,353590
전환사채권발행결정,코스닥시장,오르비텍,주요사항보고서(전환사채권발행결정),2025-11-20,20251120000330,046120
전환사채권발행결정,코스닥시장,현우산업,주요사항보고서(전환사채권발행결정),2025-11-20,20251120000308,092300
전환사채권발행결정,코스닥시장,삼영엠텍,주요사항보고서(전환사채권발행결정),2025-11-19,20251119000300,054540
전환사채권발행결정,코스닥시장,아리바이오홀딩스,주요사항보고서(전환사채권발행결정),2025-11-19,20251119000274,290690
전환사채권발행결정,코스닥시장,코스리거글로벌,주요사항보고서(전환사채권발행결정),2025-11-19,20251119000180,043710
전환사채권발행결정,코스닥시장,링크드,주요사항보고서(전환사채권발행결정),2025-11-18,20251117000256,193250
전환사채권발행결정,코스닥시장,한울반도체,주요사항보고서(전환사채권발행결정),2025-11-13,20251113000966,320000
전환사채권발행결정,코스닥시장,나노팀,주요사항보고서(전환사채권발행결정),2025-11-13,20251113000886,417010
전환사채권발행결정,코스닥시장,피플바이오,주요사항보고서(전환사채권발행결정),2025-11-13,20251113000001,304840
전환사채권발행결정,코스닥시장,코오롱생명과학,주요사항보고서(전환사채권발행결정),2025-11-11,20251111000327,102940
전환사채권발행결정,코스닥시장,엠젠솔루션,주요사항보고서(전환사채권발행결정),2025-11-10,20251110000376,032790
전환사채권발행결정,코스닥시장,오르비텍,주요사항보고서(전환사채권발행결정),2025-11-10,20251110000322,046120
전환사채권발행결정,코스닥시장,라메디텍,주요사항보고서(전환사채권발행결정),2025-11-07,20251107000452,462510
전환사채권발행결정,코스닥시장,넥사다이내믹스,주요사항보고서(전환사채권발행결정),2025-11-04,20251104000289,351320
전환사채권발행결정,유가증권시장,아시아나항공,주요사항보고서(전환사채권발행결정),2025-11-04,20251104000252,020560
전환사채권발행결정,코스닥시장,핀텔,주요사항보고서(전환사채권발행결정),2025-11-04,20251104000001,291810
전환사채권발행결정,유가증권시장,효성화학,주요사항보고서(전환사채권발행결정),2025-10-31,20251031000547,298000
전환사채권발행결정,코스닥시장,유티아이,주요사항보고서(전환사채권발행결정),2025-10-31,20251031000418,179900
전환사채권발행결정,유가증권시장,진원생명과학,주요사항보고서(전환사채권발행결정),2025-10-29,20251029000399,011000
전환사채권발행결정,코스닥시장,큐리언트,주요사항보고서(전환사채권발행결정),2025-10-29,20251029000238,115180
전환사채권발행결정,코스닥시장,미래반도체,주요사항보고서(전환사채권발행결정),2025-10-28,20251028000276,254490
전환사채권발행결정,유가증권시장,대호에이엘,주요사항보고서(전환사채권발행결정),2025-10-27,20251027000258,069460
전환사채권발행결정,유가증권시장,후성,주요사항보고서(전환사채권발행결정),2025-10-23,20251023000318,093370
전환사채권발행결정,코스닥시장,시선AI,주요사항보고서(전환사채권발행결정),2025-10-23,20251023000235,340810
전환사채권발행결정,유가증권시장,DYP,주요사항보고서(전환사채권발행결정),2025-10-23,20251023000207,092780
전환사채권발행결정,코스닥시장,엑시온그룹,주요사항보고서(전환사채권발행결정),2025-10-22,20251022000321,069920
전환사채권발행결정,유가증권시장,SK이노베이션,주요사항보고서(전환사채권발행결정),2025-10-22,20251022000248,096770
전환사채권발행결정,코스닥시장,신스틸,주요사항보고서(전환사채권발행결정),2025-10-21,20251021000246,162300
전환사채권발행결정,코스닥시장,삼현,주요사항보고서(전환사채권발행결정),2025-10-21,20251021000205,437730
전환사채권발행결정,코스닥시장,범한퓨얼셀,주요사항보고서(전환사채권발행결정),2025-10-20,20251020000305,382900
전환사채권발행결정,코스닥시장,LB세미콘,주요사항보고서(전환사채권발행결정),2025-10-20,20251020000284,061970
전환사채권발행결정,코스닥시장,오가닉티코스메틱,주요사항보고서(전환사채권발행결정),2025-10-17,20251017000449,900300
전환사채권발행결정,코스닥시장,핑거스토리,주요사항보고서(전환사채권발행결정),2025-10-17,20251017000308,417180
전환사채권발행결정,코스닥시장,성일하이텍,주요사항보고서(전환사채권발행결정),2025-10-17,20251017000299,365340
전환사채권발행결정,코스닥시장,에이텀,주요사항보고서(전환사채권발행결정),2025-10-17,20251017000145,355690
전환사채권발행결정,코스닥시장,알엔투테크놀로지,주요사항보고서(전환사채권발행결정),2025-10-16,20251016000370,148250
전환사채권발행결정,유가증권시장,에이프로젠바이오로직스,주요사항보고서(전환사채권발행결정),2025-10-16,20251016000361,003060
전환사채권발행결정,코스닥시장,대동기어,주요사항보고서(전환사채권발행결정),2025-10-16,20251016000315,008830
전환사채권발행결정,코스닥시장,엔젠바이오,주요사항보고서(전환사채권발행결정),2025-10-15,20251015000276,354200
전환사채권발행결정,코스닥시장,코퍼스코리아,주요사항보고서(전환사채권발행결정),2025-10-15,20251015000004,322780
전환사채권발행결정,코스닥시장,멤레이비티,주요사항보고서(전환사채권발행결정),2025-10-02,20251002000513,072770
전환사채권발행결정,코스닥시장,다이나믹솔루션,주요사항보고서(전환사채권발행결정),2025-10-02,20251002000338,290660
전환사채권발행결정,코스닥시장,알파AI,주요사항보고서(전환사채권발행결정),2025-10-01,20251001000773,043100
전환사채권발행결정,코스닥시장,앱클론,주요사항보고서(전환사채권발행결정),2025-10-01,20251001000122,174900
전환사채권발행결정,유가증권시장,차AI헬스케어,주요사항보고서(전환사채권발행결정),2025-09-30,20250930000858,025620
전환사채권발행결정,코스닥시장,오성첨단소재,주요사항보고서(전환사채권발행결정),2025-09-30,20250930000724,052420
전환사채권발행결정,코스닥시장,시선AI,주요사항보고서(전환사채권발행결정),2025-09-30,20250930000353,340810
전환사채권발행결정,코스닥시장,와이씨켐,주요사항보고서(전환사채권발행결정),2025-09-29,20250929000280,112290
전환사채권발행결정,코스닥시장,현대바이오,주요사항보고서(전환사채권발행결정),2025-09-24,20250924000441,048410
전환사채권발행결정,코스닥시장,스코넥,주요사항보고서(전환사채권발행결정),2025-09-24,20250923000408,276040
전환사채권발행결정,코스닥시장,서플러스글로벌,주요사항보고서(전환사채권발행결정),2025-09-23,20250923000338,140070
전환사채권발행결정,코스닥시장,한울앤제주,주요사항보고서(전환사채권발행결정),2025-09-22,20250922000243,276730
전환사채권발행결정,코스닥시장,제이에스링크,주요사항보고서(전환사채권발행결정),2025-09-22,20250922000234,127120
전환사채권발행결정,코스닥시장,드림씨아이에스,주요사항보고서(전환사채권발행결정),2025-09-22,20250922000174,223250
전환사채권발행결정,코스닥시장,형지글로벌,주요사항보고서(전환사채권발행결정),2025-09-19,20250919000586,308100
전환사채권발행결정,코스닥시장,시선AI,주요사항보고서(전환사채권발행결정),2025-09-19,20250919000372,340810
전환사채권발행결정,코스닥시장,오성첨단소재,주요사항보고서(전환사채권발행결정),2025-09-18,20250918000392,052420
전환사채권발행결정,유가증권시장,메타케어,주요사항보고서(전환사채권발행결정),2025-09-17,20250917000367,118000
전환사채권발행결정,코스닥시장,큐로셀,주요사항보고서(전환사채권발행결정),2025-09-17,20250917000327,372320
전환사채권발행결정,코스닥시장,아리바이오홀딩스,주요사항보고서(전환사채권발행결정),2025-09-15,20250915000369,290690
전환사채권발행결정,코스닥시장,베셀,주요사항보고서(전환사채권발행결정),2025-09-12,20250912000508,177350
전환사채권발행결정,코스닥시장,다이나믹솔루션,주요사항보고서(전환사채권발행결정),2025-09-12,20250912000319,290660
전환사채권발행결정,코스닥시장,코오롱티슈진,주요사항보고서(전환사채권발행결정),2025-09-12,20250912000305,950160
전환사채권발행결정,코스닥시장,엠디바이스,주요사항보고서(전환사채권발행결정),2025-09-11,20250911000306,226590
전환사채권발행결정,유가증권시장,엑시큐어하이트론,주요사항보고서(전환사채권발행결정),2025-09-10,20250910000482,019490
전환사채권발행결정,코스닥시장,디에스엠,주요사항보고서(전환사채권발행결정),2025-09-10,20250910000305,104040
전환사채권발행결정,코스닥시장,넥써쓰,주요사항보고서(전환사채권발행결정),2025-09-10,20250910000128,205500
전환사채권발행결정,코스닥시장,케이에스피,주요사항보고서(전환사채권발행결정),2025-09-09,20250909000100,073010
전환사채권발행결정,코스닥시장,츌립앤사이언스,주요사항보고서(전환사채권발행결정),2025-09-09,20250909000002,291650
전환사채권발행결정,코스닥시장,더블유씨피,주요사항보고서(전환사채권발행결정),2025-09-08,20250908000281,393890
전환사채권발행결정,코스닥시장,풍전약품,주요사항보고서(전환사채권발행결정),2025-09-08,20250908000257,298060
전환사채권발행결정,유가증권시장,유니켐,주요사항보고서(전환사채권발행결정),2025-09-08,20250908000117,011330
전환사채권발행결정,코스닥시장,에이럭스,주요사항보고서(전환사채권발행결정),2025-09-08,20250908000110,475580
전환사채권발행결정,코스닥시장,풍전약품,주요사항보고서(전환사채권발행결정),2025-09-05,20250905000550,298060
전환사채권발행결정,유가증권시장,HLB글로벌,주요사항보고서(전환사채권발행결정),2025-09-05,20250905000505,003580
전환사채권발행결정,코스닥시장,KS인더스트리,주요사항보고서(전환사채권발행결정),2025-09-04,20250904000358,101000
전환사채권발행결정,코스닥시장,한중엔시에스,주요사항보고서(전환사채권발행결정),2025-09-03,20250903000369,107640
전환사채권발행결정,코스닥시장,신테카바이오,주요사항보고서(전환사채권발행결정),2025-09-03,20250903000365,226330
전환사채권발행결정,코스닥시장,케이엔에스,주요사항보고서(전환사채권발행결정),2025-09-03,20250903000155,432470
전환사채권발행결정,코스닥시장,삼기에너지솔루션즈,주요사항보고서(전환사채권발행결정),2025-09-02,20250902000329,419050
전환사채권발행결정,코스닥시장,퀄리타스반도체,주요사항보고서(전환사채권발행결정),2025-09-02,20250902000219,432720
전환사채권발행결정,코스닥시장,지엔코,주요사항보고서(전환사채권발행결정),2025-08-28,20250828001346,065060
전환사채권발행결정,코스닥시장,솔디펜스,주요사항보고서(전환사채권발행결정),2025-08-28,20250827000666,215090
전환사채권발행결정,코스닥시장,이삭엔지니어링,주요사항보고서(전환사채권발행결정),2025-08-22,20250822000204,351330
전환사채권발행결정,코스닥시장,알비더블유,주요사항보고서(전환사채권발행결정),2025-08-21,20250821000520,361570
전환사채권발행결정,코스닥시장,자연과환경,주요사항보고서(전환사채권발행결정),2025-08-19,20250819000264,043910
전환사채권발행결정,코스닥시장,라온텍,주요사항보고서(전환사채권발행결정),2025-08-18,20250818000222,418420
전환사채권발행결정,코스닥시장,오에스피,주요사항보고서(전환사채권발행결정),2025-08-18,20250818000174,368970
전환사채권발행결정,코스닥시장,에어레인,주요사항보고서(전환사채권발행결정),2025-08-14,20250814004440,163280
전환사채권발행결정,코스닥시장,위츠,주요사항보고서(전환사채권발행결정),2025-08-14,20250814003928,459100
전환사채권발행결정,코스닥시장,알엔투테크놀로지,주요사항보고서(전환사채권발행결정),2025-08-13,20250812000841,148250
전환사채권발행결정,코스닥시장,한울소재과학,주요사항보고서(전환사채권발행결정),2025-08-11,20250811000481,091440
전환사채권발행결정,유가증권시장,삼성제약,주요사항보고서(전환사채권발행결정),2025-08-08,20250808000442,001360
전환사채권발행결정,유가증권시장,트리니티항공,주요사항보고서(전환사채권발행결정),2025-08-08,20250808000003,091810
전환사채권발행결정,코스닥시장,대진첨단소재,주요사항보고서(전환사채권발행결정),2025-08-07,20250806000384,393970
전환사채권발행결정,코스닥시장,제이에스링크,주요사항보고서(전환사채권발행결정),2025-08-06,20250806000259,127120
전환사채권발행결정,코스닥시장,엠케이전자,주요사항보고서(전환사채권발행결정),2025-08-05,20250805000270,033160
전환사채권발행결정,유가증권시장,한창제지,주요사항보고서(전환사채권발행결정),2025-08-05,20250805000155,009460
전환사채권발행결정,코스닥시장,피아이이,주요사항보고서(전환사채권발행결정),2025-08-04,20250804000209,452450
전환사채권발행결정,코스닥시장,아미코젠,주요사항보고서(전환사채권발행결정),2025-08-01,20250801000703,092040
전환사채권발행결정,코스닥시장,에스아이리소스,주요사항보고서(전환사채권발행결정),2025-08-01,20250801000645,065420
전환사채권발행결정,코스닥시장,에스오에스랩,주요사항보고서(전환사채권발행결정),2025-08-01,20250801000380,464080
전환사채권발행결정,코스닥시장,알파AI,주요사항보고서(전환사채권발행결정),2025-08-01,20250731000550,043100
전환사채권발행결정,코스닥시장,케이피항공산업,주요사항보고서(전환사채권발행결정),2025-07-31,20250731000436,288180
전환사채권발행결정,유가증권시장,대양금속,주요사항보고서(전환사채권발행결정),2025-07-31,20250731000002,009190
전환사채권발행결정,코스닥시장,와이바이오로직스,주요사항보고서(전환사채권발행결정),2025-07-30,20250730000403,338840
전환사채권발행결정,코스닥시장,코미팜,주요사항보고서(전환사채권발행결정),2025-07-30,20250730000398,041960
전환사채권발행결정,유가증권시장,KR모터스,주요사항보고서(전환사채권발행결정),2025-07-29,20250729000268,000040
전환사채권발행결정,코스닥시장,엑스페릭스,주요사항보고서(전환사채권발행결정),2025-07-29,20250729000227,317770
전환사채권발행결정,코스닥시장,애드바이오텍,주요사항보고서(전환사채권발행결정),2025-07-25,20250725000771,179530
전환사채권발행결정,코스닥시장,이녹스,주요사항보고서(전환사채권발행결정),2025-07-24,20250724000361,088390
전환사채권발행결정,코스닥시장,성호전자,주요사항보고서(전환사채권발행결정),2025-07-24,20250724000313,043260
전환사채권발행결정,코스닥시장,위지트,주요사항보고서(전환사채권발행결정),2025-07-24,20250723000399,036090
전환사채권발행결정,코스닥시장,마이크로디지탈,주요사항보고서(전환사채권발행결정),2025-07-23,20250723000363,305090
전환사채권발행결정,코스닥시장,제이에스링크,주요사항보고서(전환사채권발행결정),2025-07-22,20250722000225,127120
전환사채권발행결정,코스닥시장,비엘팜텍,주요사항보고서(전환사채권발행결정),2025-07-22,20250722000182,065170
전환사채권발행결정,코스닥시장,온코크로스,주요사항보고서(전환사채권발행결정),2025-07-21,20250721000245,382150
전환사채권발행결정,유가증권시장,깨끗한나라,주요사항보고서(전환사채권발행결정),2025-07-21,20250721000243,004540
전환사채권발행결정,코스닥시장,모아데이타,주요사항보고서(전환사채권발행결정),2025-07-18,20250718000367,288980
전환사채권발행결정,코스닥시장,우리기술,주요사항보고서(전환사채권발행결정),2025-07-17,20250717000413,032820
전환사채권발행결정,코스닥시장,에이팩트,주요사항보고서(전환사채권발행결정),2025-07-17,20250717000319,200470
전환사채권발행결정,코스닥시장,아모센스,주요사항보고서(전환사채권발행결정),2025-07-16,20250716000250,357580
전환사채권발행결정,코스닥시장,로킷헬스케어,주요사항보고서(전환사채권발행결정),2025-07-16,20250716000142,376900
전환사채권발행결정,코스닥시장,파인디앤씨,주요사항보고서(전환사채권발행결정),2025-07-15,20250715000315,049120
전환사채권발행결정,코스닥시장,조이웍스앤코,주요사항보고서(전환사채권발행결정),2025-07-14,20250714000404,309930
전환사채권발행결정,코스닥시장,베노티앤알,주요사항보고서(전환사채권발행결정),2025-07-14,20250714000361,206400
전환사채권발행결정,코스닥시장,에너토크,주요사항보고서(전환사채권발행결정),2025-07-11,20250711000354,019990
전환사채권발행결정,코스닥시장,롤링스톤,주요사항보고서(전환사채권발행결정),2025-07-11,20250711000004,214610
전환사채권발행결정,코스닥시장,다원시스,주요사항보고서(전환사채권발행결정),2025-07-10,20250710000607,068240
전환사채권발행결정,코스닥시장,에이치브이엠,주요사항보고서(전환사채권발행결정),2025-07-04,20250704000383,295310
전환사채권발행결정,코스닥시장,꿈비,주요사항보고서(전환사채권발행결정),2025-07-02,20250702000491,407400
전환사채권발행결정,유가증권시장,아이티센씨티에스,주요사항보고서(전환사채권발행결정),2026-08-31,20260831001414,031820
전환사채권발행결정,유가증권시장,KG모빌리티,주요사항보고서(전환사채권발행결정),2026-08-27,20260827000861,003620
전환사채권발행결정,코스닥시장,씨피시스템,주요사항보고서(전환사채권발행결정),2026-08-26,20260826000286,413630
전환사채권발행결정,코스닥시장,서진시스템,주요사항보고서(전환사채권발행결정),2026-08-24,20260824000337,178320
전환사채권발행결정,코스닥시장,넥사다이내믹스,주요사항보고서(전환사채권발행결정),2026-08-24,20260824000329,351320
전환사채권발행결정,코스닥시장,오르비텍,주요사항보고서(전환사채권발행결정),2026-08-24,20260824000272,046120
전환사채권발행결정,코스닥시장,그리드위즈,주요사항보고서(전환사채권발행결정),2026-08-24,20260824000168,453450
전환사채권발행결정,코스닥시장,엔투텍,주요사항보고서(전환사채권발행결정),2026-08-21,20260820000443,227950
전환사채권발행결정,코스닥시장,넥스턴앤롤코리아,주요사항보고서(전환사채권발행결정),2026-08-20,20260820000411,089140
전환사채권발행결정,유가증권시장,동방,주요사항보고서(전환사채권발행결정),2026-08-20,20260820000396,004140
전환사채권발행결정,코스닥시장,아이엠티,주요사항보고서(전환사채권발행결정),2026-08-20,20260820000313,451220
전환사채권발행결정,코스닥시장,KX하이텍,주요사항보고서(전환사채권발행결정),2026-08-19,20260819000309,052900
전환사채권발행결정,코스닥시장,비나텍,주요사항보고서(전환사채권발행결정),2026-08-14,20260814003891,126340
전환사채권발행결정,코스닥시장,한중엔시에스,주요사항보고서(전환사채권발행결정),2026-08-13,20260813001527,107640
전환사채권발행결정,코스닥시장,덴티스,주요사항보고서(전환사채권발행결정),2026-08-12,20260812000755,261200
전환사채권발행결정,유가증권시장,에이프로젠,주요사항보고서(전환사채권발행결정),2026-08-10,20260810000727,007460
전환사채권발행결정,코스닥시장,이렘,주요사항보고서(전환사채권발행결정),2026-08-07,20260807000388,009730
전환사채권발행결정,코스닥시장,성호전자,주요사항보고서(전환사채권발행결정),2026-08-06,20260806000512,043260
전환사채권발행결정,유가증권시장,HLB글로벌,주요사항보고서(전환사채권발행결정),2026-08-06,20260806000407,003580
전환사채권발행결정,코스닥시장,APS,주요사항보고서(전환사채권발행결정),2026-08-05,20260805000477,054620
전환사채권발행결정,코스닥시장,우리기술,주요사항보고서(전환사채권발행결정),2026-08-05,20260805000463,032820
전환사채권발행결정,유가증권시장,SK,주요사항보고서(전환사채권발행결정),2026-08-03,20260803000002,034730
전환사채권발행결정,유가증권시장,KG모빌리티,주요사항보고서(전환사채권발행결정),2026-08-03,20260803000001,003620
전환사채권발행결정,코스닥시장,본느,주요사항보고서(전환사채권발행결정),2026-08-03,20260731000816,226340
전환사채권발행결정,코스닥시장,한국첨단소재,주요사항보고서(전환사채권발행결정),2026-07-28,20260727000408,062970
전환사채권발행결정,유가증권시장,LS에코에너지,주요사항보고서(전환사채권발행결정),2026-07-27,20260727000002,229640
전환사채권발행결정,코스닥시장,노머스,주요사항보고서(전환사채권발행결정),2026-07-24,20260724000196,473980
전환사채권발행결정,유가증권시장,대양금속,주요사항보고서(전환사채권발행결정),2026-07-23,20260723000519,009190
전환사채권발행결정,코스닥시장,드림시큐리티,주요사항보고서(전환사채권발행결정),2026-07-22,20260722000529,203650
전환사채권발행결정,코스닥시장,아이티엠반도체,주요사항보고서(전환사채권발행결정),2026-07-22,20260722000510,084850
전환사채권발행결정,코스닥시장,SKAI,주요사항보고서(전환사채권발행결정),2026-07-22,20260722000475,357880
전환사채권발행결정,코스닥시장,빛과전자,주요사항보고서(전환사채권발행결정),2026-07-22,20260722000384,069540
전환사채권발행결정,코스닥시장,네이처셀,주요사항보고서(전환사채권발행결정),2026-07-22,20260722000378,007390
전환사채권발행결정,코스닥시장,에코글로우,주요사항보고서(전환사채권발행결정),2026-07-21,20260721001320,159910
전환사채권발행결정,코스닥시장,졸스,주요사항보고서(전환사채권발행결정),2026-07-20,20260720000333,018700
전환사채권발행결정,코스닥시장,다보링크,주요사항보고서(전환사채권발행결정),2026-07-16,20260716000759,340360
전환사채권발행결정,코스닥시장,제이스코홀딩스,주요사항보고서(전환사채권발행결정),2026-07-14,20260714000466,023440
전환사채권발행결정,코스닥시장,넥스트칩,주요사항보고서(전환사채권발행결정),2026-07-14,20260714000458,396270
전환사채권발행결정,코스닥시장,그래피,주요사항보고서(전환사채권발행결정),2026-07-13,20260713000436,318060
전환사채권발행결정,유가증권시장,에이프로젠,주요사항보고서(전환사채권발행결정),2026-07-13,20260713000435,007460
전환사채권발행결정,코스닥시장,아이에이,주요사항보고서(전환사채권발행결정),2026-07-13,20260713000370,038880
전환사채권발행결정,코스닥시장,한국피아이엠,주요사항보고서(전환사채권발행결정),2026-07-10,20260710000677,448900
전환사채권발행결정,코스닥시장,조이웍스앤코,주요사항보고서(전환사채권발행결정),2026-07-10,20260710000479,309930
전환사채권발행결정,코스닥시장,티에스이,주요사항보고서(전환사채권발행결정),2026-07-10,20260710000416,131290
전환사채권발행결정,유가증권시장,주성코퍼레이션,주요사항보고서(전환사채권발행결정),2026-07-09,20260709000693,109070
전환사채권발행결정,유가증권시장,블루산업개발,주요사항보고서(전환사채권발행결정),2026-07-08,20260708000583,006740
전환사채권발행결정,코스닥시장,라이콤,주요사항보고서(전환사채권발행결정),2026-07-08,20260708000402,388790
전환사채권발행결정,코스닥시장,유티아이,주요사항보고서(전환사채권발행결정),2026-07-08,20260707000469,179900
전환사채권발행결정,코스닥시장,제이스코홀딩스,주요사항보고서(전환사채권발행결정),2026-07-06,20260706000507,023440
전환사채권발행결정,코스닥시장,아난티,주요사항보고서(전환사채권발행결정),2026-07-06,20260706000476,025980
전환사채권발행결정,코스닥시장,크라우드웍스,주요사항보고서(전환사채권발행결정),2026-07-03,20260703000646,355390
전환사채권발행결정,코스닥시장,광진실업,주요사항보고서(전환사채권발행결정),2026-07-02,20260702000603,026910
전환사채권발행결정,코스닥시장,팸텍,주요사항보고서(전환사채권발행결정),2026-07-02,20260702000416,271830
전환사채권발행결정,코스닥시장,인트론바이오,주요사항보고서(전환사채권발행결정),2026-06-30,20260630000749,048530
전환사채권발행결정,코스닥시장,코퍼스코리아,주요사항보고서(전환사채권발행결정),2026-06-29,20260629000002,322780
전환사채권발행결정,코스닥시장,AP위성,주요사항보고서(전환사채권발행결정),2026-06-26,20260626000709,211270
전환사채권발행결정,코스닥시장,애드바이오텍,주요사항보고서(전환사채권발행결정),2026-06-26,20260626000645,179530
전환사채권발행결정,코스닥시장,리가켐바이오,주요사항보고서(전환사채권발행결정),2026-06-26,20260626000004,141080
전환사채권발행결정,코스닥시장,앱튼,주요사항보고서(전환사채권발행결정),2026-06-26,20260626000003,270520
전환사채권발행결정,유가증권시장,넥스틸,주요사항보고서(전환사채권발행결정),2026-06-22,20260622000369,092790
전환사채권발행결정,코스닥시장,디에스엠,주요사항보고서(전환사채권발행결정),2026-06-19,20260619000665,104040
전환사채권발행결정,코스닥시장,제테마,주요사항보고서(전환사채권발행결정),2026-06-19,20260619000502,216080
전환사채권발행결정,코스닥시장,오픈놀,주요사항보고서(전환사채권발행결정),2026-06-19,20260619000313,440320
전환사채권발행결정,코스닥시장,넥써쓰,주요사항보고서(전환사채권발행결정),2026-06-18,20260618000359,205500
전환사채권발행결정,코스닥시장,앤디포스,주요사항보고서(전환사채권발행결정),2026-06-17,20260617000378,238090
전환사채권발행결정,코스닥시장,KBI메탈,주요사항보고서(전환사채권발행결정),2026-06-17,20260617000357,024840
전환사채권발행결정,코스닥시장,현대바이오,주요사항보고서(전환사채권발행결정),2026-06-15,20260615000419,048410
전환사채권발행결정,코스닥시장,솔브레인홀딩스,주요사항보고서(전환사채권발행결정),2026-06-15,20260615000412,036830
전환사채권발행결정,유가증권시장,블루산업개발,주요사항보고서(전환사채권발행결정),2026-06-12,20260612000513,006740
전환사채권발행결정,코스닥시장,아나패스,주요사항보고서(전환사채권발행결정),2026-06-12,20260612000335,123860
전환사채권발행결정,코스닥시장,CSA 코스믹,주요사항보고서(전환사채권발행결정),2026-06-11,20260611000640,083660
전환사채권발행결정,유가증권시장,삼일제약,주요사항보고서(전환사채권발행결정),2026-06-11,20260611000446,000520
전환사채권발행결정,코스닥시장,GMI벤처,주요사항보고서(전환사채권발행결정),2026-06-10,20260610000628,019570
전환사채권발행결정,코스닥시장,풍전약품,주요사항보고서(전환사채권발행결정),2026-06-10,20260610000611,298060
전환사채권발행결정,유가증권시장,대원전선,주요사항보고서(전환사채권발행결정),2026-06-10,20260610000335,006340
전환사채권발행결정,코스닥시장,그린리소스,주요사항보고서(전환사채권발행결정),2026-06-02,20260602000337,402490
전환사채권발행결정,코스닥시장,삼미금속,주요사항보고서(전환사채권발행결정),2026-06-01,20260601001500,012210
전환사채권발행결정,코스닥시장,유니슨,주요사항보고서(전환사채권발행결정),2026-05-29,20260529002274,018000
전환사채권발행결정,코스닥시장,한성크린텍,주요사항보고서(전환사채권발행결정),2026-05-29,20260529002160,066980
전환사채권발행결정,코스닥시장,포니링크,주요사항보고서(전환사채권발행결정),2026-05-29,20260529001660,064800
전환사채권발행결정,코스닥시장,에이팩트,주요사항보고서(전환사채권발행결정),2026-05-29,20260529001144,200470
전환사채권발행결정,코스닥시장,애드바이오텍,주요사항보고서(전환사채권발행결정),2026-05-28,20260528000785,179530
전환사채권발행결정,코스닥시장,HLB생명과학,주요사항보고서(전환사채권발행결정),2026-05-28,20260528000687,067630
전환사채권발행결정,코스닥시장,엣지파운드리,주요사항보고서(전환사채권발행결정),2026-05-27,20260527000606,105550
전환사채권발행결정,코스닥시장,비트맥스,주요사항보고서(전환사채권발행결정),2026-05-27,20260527000592,377030
전환사채권발행결정,유가증권시장,에이프로젠바이오로직스,주요사항보고서(전환사채권발행결정),2026-05-26,20260526000523,003060
전환사채권발행결정,코스닥시장,한국첨단소재,주요사항보고서(전환사채권발행결정),2026-05-22,20260522000640,062970
전환사채권발행결정,코스닥시장,젬백스,주요사항보고서(전환사채권발행결정),2026-05-22,20260522000597,082270
전환사채권발행결정,코스닥시장,율촌,주요사항보고서(전환사채권발행결정),2026-05-22,20260522000505,146060
전환사채권발행결정,유가증권시장,이엔플러스,주요사항보고서(전환사채권발행결정),2026-05-22,20260521000803,074610
전환사채권발행결정,유가증권시장,에이프로젠바이오로직스,주요사항보고서(전환사채권발행결정),2026-05-21,20260521000775,003060
전환사채권발행결정,유가증권시장,에이프로젠,주요사항보고서(전환사채권발행결정),2026-05-21,20260521000742,007460
전환사채권발행결정,코스닥시장,파인엠텍,주요사항보고서(전환사채권발행결정),2026-05-21,20260521000737,441270
전환사채권발행결정,코스닥시장,GMI벤처,주요사항보고서(전환사채권발행결정),2026-05-21,20260521000733,019570
전환사채권발행결정,코스닥시장,유티아이,주요사항보고서(전환사채권발행결정),2026-05-21,20260521000583,179900
전환사채권발행결정,코스닥시장,JW신약,주요사항보고서(전환사채권발행결정),2026-05-21,20260521000483,067290
전환사채권발행결정,코스닥시장,CS,주요사항보고서(전환사채권발행결정),2026-05-21,20260521000458,065770
전환사채권발행결정,유가증권시장,비비안,주요사항보고서(전환사채권발행결정),2026-05-20,20260520000247,002070
전환사채권발행결정,코스닥시장,한국파마,주요사항보고서(전환사채권발행결정),2026-05-20,20260520000243,032300
전환사채권발행결정,유가증권시장,DS단석,주요사항보고서(전환사채권발행결정),2026-05-20,20260520000164,017860
전환사채권발행결정,코스닥시장,에이루트,주요사항보고서(전환사채권발행결정),2026-05-20,20260519000315,096690
전환사채권발행결정,코스닥시장,싸이토젠,주요사항보고서(전환사채권발행결정),2026-05-18,20260518000364,217330
전환사채권발행결정,코스닥시장,빛과전자,주요사항보고서(전환사채권발행결정),2026-05-15,20260515002359,069540
전환사채권발행결정,코스닥시장,아리바이오홀딩스,주요사항보고서(전환사채권발행결정),2026-05-14,20260514001350,290690
전환사채권발행결정,코스닥시장,에코글로우,주요사항보고서(전환사채권발행결정),2026-05-14,20260514001320,159910
전환사채권발행결정,코스닥시장,인콘,주요사항보고서(전환사채권발행결정),2026-05-14,20260514001157,083640
전환사채권발행결정,코스닥시장,비트플래닛,주요사항보고서(전환사채권발행결정),2026-05-14,20260514000974,049470
전환사채권발행결정,코스닥시장,원텍,주요사항보고서(전환사채권발행결정),2026-05-14,20260514000557,336570
전환사채권발행결정,코스닥시장,다이나믹솔루션,주요사항보고서(전환사채권발행결정),2026-05-13,20260513000875,290660
전환사채권발행결정,코스닥시장,머큐리,주요사항보고서(전환사채권발행결정),2026-05-13,20260513000712,100590
전환사채권발행결정,코스닥시장,레이크머티리얼즈,주요사항보고서(전환사채권발행결정),2026-05-13,20260513000690,281740
전환사채권발행결정,코스닥시장,블랙야크아이앤씨,주요사항보고서(전환사채권발행결정),2026-05-13,20260513000669,478560
전환사채권발행결정,코스닥시장,제이에스링크,주요사항보고서(전환사채권발행결정),2026-05-13,20260513000505,127120
전환사채권발행결정,코스닥시장,알체라,주요사항보고서(전환사채권발행결정),2026-05-13,20260513000252,347860
전환사채권발행결정,코스닥시장,랩지노믹스,주요사항보고서(전환사채권발행결정),2026-05-13,20260512000766,084650
전환사채권발행결정,코스닥시장,아리바이오홀딩스,주요사항보고서(전환사채권발행결정),2026-05-13,20260512000759,290690
전환사채권발행결정,코스닥시장,MSDI,주요사항보고서(전환사채권발행결정),2026-05-12,20260512000739,123010
전환사채권발행결정,코스닥시장,타이거일렉,주요사항보고서(전환사채권발행결정),2026-05-12,20260512000631,219130
전환사채권발행결정,유가증권시장,TCC스틸,주요사항보고서(전환사채권발행결정),2026-05-12,20260512000554,002710
전환사채권발행결정,코스닥시장,옵트론텍,주요사항보고서(전환사채권발행결정),2026-05-11,20260511000567,082210
전환사채권발행결정,코스닥시장,대성하이텍,주요사항보고서(전환사채권발행결정),2026-05-11,20260511000476,129920
전환사채권발행결정,유가증권시장,블루산업개발,주요사항보고서(전환사채권발행결정),2026-05-11,20260508001078,006740
전환사채권발행결정,코스닥시장,크레오에스지,주요사항보고서(전환사채권발행결정),2026-05-08,20260508000571,040350
전환사채권발행결정,코스닥시장,지아이에스,주요사항보고서(전환사채권발행결정),2026-05-07,20260507000623,306620
전환사채권발행결정,코스닥시장,엑스페릭스,주요사항보고서(전환사채권발행결정),2026-05-07,20260507000571,317770
전환사채권발행결정,코스닥시장,TS트릴리온,주요사항보고서(전환사채권발행결정),2026-05-07,20260507000568,317240
전환사채권발행결정,코스닥시장,HLB이노베이션,주요사항보고서(전환사채권발행결정),2026-05-06,20260506000681,024850
전환사채권발행결정,코스닥시장,한울앤제주,주요사항보고서(전환사채권발행결정),2026-05-06,20260506000581,276730
전환사채권발행결정,코스닥시장,셀피글로벌,주요사항보고서(전환사채권발행결정),2026-04-30,20260430001912,068940
전환사채권발행결정,코스닥시장,아이티센글로벌,주요사항보고서(전환사채권발행결정),2026-04-30,20260430001853,124500
전환사채권발행결정,코스닥시장,상신이디피,주요사항보고서(전환사채권발행결정),2026-04-30,20260430001356,091580
전환사채권발행결정,코스닥시장,시큐레터,주요사항보고서(전환사채권발행결정),2026-04-30,20260430001325,418250
전환사채권발행결정,코스닥시장,루미르,주요사항보고서(전환사채권발행결정),2026-04-30,20260430001308,474170
전환사채권발행결정,코스닥시장,메지온,주요사항보고서(전환사채권발행결정),2026-04-30,20260430000109,140410
전환사채권발행결정,코스닥시장,오가노이드사이언스,주요사항보고서(전환사채권발행결정),2026-04-29,20260429001149,476040
전환사채권발행결정,코스닥시장,젬백스,주요사항보고서(전환사채권발행결정),2026-04-29,20260428000824,082270
전환사채권발행결정,유가증권시장,에이프로젠,주요사항보고서(전환사채권발행결정),2026-04-28,20260428000783,007460
전환사채권발행결정,코스닥시장,상아프론테크,주요사항보고서(전환사채권발행결정),2026-04-28,20260428000579,089980
전환사채권발행결정,코스닥시장,비트맥스,주요사항보고서(전환사채권발행결정),2026-04-28,20260428000479,377030
전환사채권발행결정,코스닥시장,피엔티엠에스,주요사항보고서(전환사채권발행결정),2026-04-24,20260424000810,257370
전환사채권발행결정,코스닥시장,쓰리빌리언,주요사항보고서(전환사채권발행결정),2026-04-23,20260423000749,394800
전환사채권발행결정,코스닥시장,아이티센피엔에스,주요사항보고서(전환사채권발행결정),2026-04-23,20260422000707,232830
전환사채권발행결정,코스닥시장,하이드로리튬,주요사항보고서(전환사채권발행결정),2026-04-22,20260422000701,101670
전환사채권발행결정,코스닥시장,스피어,주요사항보고서(전환사채권발행결정),2026-04-22,20260422000651,347700
전환사채권발행결정,코스닥시장,큐렉소,주요사항보고서(전환사채권발행결정),2026-04-22,20260422000573,060280
전환사채권발행결정,코스닥시장,차이커뮤니케이션,주요사항보고서(전환사채권발행결정),2026-04-22,20260422000508,351870
전환사채권발행결정,코스닥시장,인산가,주요사항보고서(전환사채권발행결정),2026-04-22,20260422000430,277410
전환사채권발행결정,코스닥시장,태웅로직스,주요사항보고서(전환사채권발행결정),2026-04-22,20260422000229,124560
전환사채권발행결정,코스닥시장,에이디테크놀로지,주요사항보고서(전환사채권발행결정),2026-04-21,20260421000499,200710
전환사채권발행결정,코스닥시장,금양그린파워,주요사항보고서(전환사채권발행결정),2026-04-21,20260421000466,282720
전환사채권발행결정,코스닥시장,에프엔씨엔터,주요사항보고서(전환사채권발행결정),2026-04-20,20260420000528,173940
전환사채권발행결정,코스닥시장,큐로셀,주요사항보고서(전환사채권발행결정),2026-04-17,20260417000568,372320
전환사채권발행결정,코스닥시장,모아라이프플러스,주요사항보고서(전환사채권발행결정),2026-04-16,20260416000488,142760
전환사채권발행결정,유가증권시장,동부건설,주요사항보고서(전환사채권발행결정),2026-04-16,20260416000470,005960
전환사채권발행결정,유가증권시장,블루산업개발,주요사항보고서(전환사채권발행결정),2026-04-16,20260415000704,006740
전환사채권발행결정,코스닥시장,세니젠,주요사항보고서(전환사채권발행결정),2026-04-15,20260415000580,188260
전환사채권발행결정,코스닥시장,셀비온,주요사항보고서(전환사채권발행결정),2026-04-15,20260415000475,308430
전환사채권발행결정,코스닥시장,디앤디파마텍,주요사항보고서(전환사채권발행결정),2026-04-15,20260415000050,347850
전환사채권발행결정,유가증권시장,삼성에스디에스,주요사항보고서(전환사채권발행결정),2026-04-15,20260415000014,018260
전환사채권발행결정,코스닥시장,파이온엑스,주요사항보고서(전환사채권발행결정),2026-04-15,20260414002746,900100
전환사채권발행결정,코스닥시장,퀀텀레일,주요사항보고서(전환사채권발행결정),2026-04-14,20260414002446,070300
전환사채권발행결정,코스닥시장,에스바이오메딕스,주요사항보고서(전환사채권발행결정),2026-04-14,20260414002171,304360
전환사채권발행결정,코스닥시장,넥사다이내믹스,주요사항보고서(전환사채권발행결정),2026-04-14,20260414000003,351320
전환사채권발행결정,코스닥시장,뉴로핏,주요사항보고서(전환사채권발행결정),2026-04-10,20260410002638,380550
전환사채권발행결정,코스닥시장,THE E&M,주요사항보고서(전환사채권발행결정),2026-04-09,20260409002938,089230
전환사채권발행결정,코스닥시장,더블유씨피,주요사항보고서(전환사채권발행결정),2026-04-07,20260407003551,393890
전환사채권발행결정,코스닥시장,샤페론,주요사항보고서(전환사채권발행결정),2026-04-07,20260407003428,378800
전환사채권발행결정,코스닥시장,진영,주요사항보고서(전환사채권발행결정),2026-04-06,20260406001930,285800
전환사채권발행결정,코스닥시장,레이저쎌,주요사항보고서(전환사채권발행결정),2026-04-03,20260403003664,412350
전환사채권발행결정,코스닥시장,우듬지팜,주요사항보고서(전환사채권발행결정),2026-04-02,20260402003727,403490
전환사채권발행결정,코스닥시장,화인써키트,주요사항보고서(전환사채권발행결정),2026-04-02,20260402003319,127980
전환사채권발행결정,코스닥시장,파버나인,주요사항보고서(전환사채권발행결정),2026-04-02,20260402002645,177830
전환사채권발행결정,코스닥시장,에이치브이엠,주요사항보고서(전환사채권발행결정),2026-04-02,20260402002584,295310
전환사채권발행결정,코스닥시장,모아데이타,주요사항보고서(전환사채권발행결정),2026-04-01,20260401004960,288980
전환사채권발행결정,유가증권시장,동성제약,주요사항보고서(전환사채권발행결정),2026-04-01,20260401004789,002210
전환사채권발행결정,코스닥시장,아이엠티,주요사항보고서(전환사채권발행결정),2026-04-01,20260401003103,451220
전환사채권발행결정,코스닥시장,셀레믹스,주요사항보고서(전환사채권발행결정),2026-03-31,20260330001839,331920
전환사채권발행결정,코스닥시장,하이드로리튬,주요사항보고서(전환사채권발행결정),2026-03-30,20260330001440,101670
전환사채권발행결정,코스닥시장,피엔티엠에스,주요사항보고서(전환사채권발행결정),2026-03-26,20260326001094,257370
전환사채권발행결정,코스닥시장,오비고,주요사항보고서(전환사채권발행결정),2026-03-25,20260325000921,352910
전환사채권발행결정,코스닥시장,다이나믹솔루션,주요사항보고서(전환사채권발행결정),2026-03-25,20260325000005,290660
전환사채권발행결정,유가증권시장,KR모터스,주요사항보고서(전환사채권발행결정),2026-03-24,20260323001674,000040
전환사채권발행결정,코스닥시장,빛과전자,주요사항보고서(전환사채권발행결정),2026-03-23,20260320001399,069540
전환사채권발행결정,코스닥시장,비스토스,주요사항보고서(전환사채권발행결정),2026-03-20,20260320001216,419540
전환사채권발행결정,코스닥시장,비투엔,주요사항보고서(전환사채권발행결정),2026-03-20,20260320001154,307870
전환사채권발행결정,코스닥시장,빌리언스,주요사항보고서(전환사채권발행결정),2026-03-19,20260319001210,044480
전환사채권발행결정,코스닥시장,폴라리스AI파마,주요사항보고서(전환사채권발행결정),2026-03-18,20260318001235,041910
전환사채권발행결정,코스닥시장,하이드로리튬,주요사항보고서(전환사채권발행결정),2026-03-18,20260318001163,101670
전환사채권발행결정,코스닥시장,포톤,주요사항보고서(전환사채권발행결정),2026-03-18,20260318000650,208710
전환사채권발행결정,코스닥시장,씨유메디칼,주요사항보고서(전환사채권발행결정),2026-03-18,20260317000894,115480
전환사채권발행결정,코스닥시장,스마트레이더시스템,주요사항보고서(전환사채권발행결정),2026-03-17,20260317000696,424960
전환사채권발행결정,코스닥시장,앤디포스,주요사항보고서(전환사채권발행결정),2026-03-16,20260316001577,238090
전환사채권발행결정,코스닥시장,루트K,주요사항보고서(전환사채권발행결정),2026-03-16,20260316001066,195990
전환사채권발행결정,코스닥시장,지투지바이오,주요사항보고서(전환사채권발행결정),2026-03-16,20260316000004,456160
전환사채권발행결정,코스닥시장,THE E&M,주요사항보고서(전환사채권발행결정),2026-03-13,20260313001309,089230
전환사채권발행결정,코스닥시장,에이직랜드,주요사항보고서(전환사채권발행결정),2026-03-13,20260313000791,445090
전환사채권발행결정,코스닥시장,제주반도체,주요사항보고서(전환사채권발행결정),2026-03-13,20260313000558,080220
전환사채권발행결정,코스닥시장,더코디,주요사항보고서(전환사채권발행결정),2026-03-13,20260313000004,224060
전환사채권발행결정,코스닥시장,오르비텍,주요사항보고서(전환사채권발행결정),2026-03-13,20260312001438,046120
전환사채권발행결정,코스닥시장,이원컴포텍,주요사항보고서(전환사채권발행결정),2026-03-13,20260312001440,088290
전환사채권발행결정,코스닥시장,비나텍,주요사항보고서(전환사채권발행결정),2026-03-12,20260312001260,126340
전환사채권발행결정,코스닥시장,나노실리칸첨단소재,주요사항보고서(전환사채권발행결정),2026-03-12,20260312001257,286750
전환사채권발행결정,유가증권시장,KR모터스,주요사항보고서(전환사채권발행결정),2026-03-12,20260312000003,000040
전환사채권발행결정,코스닥시장,한주에이알티,주요사항보고서(전환사채권발행결정),2026-03-11,20260311004183,058450
전환사채권발행결정,코스닥시장,디에이치엑스컴퍼니,주요사항보고서(전환사채권발행결정),2026-03-10,20260310003037,031860
전환사채권발행결정,코스닥시장,한주에이알티,주요사항보고서(전환사채권발행결정),2026-03-09,20260306001059,058450
전환사채권발행결정,코스닥시장,인벤티지랩,주요사항보고서(전환사채권발행결정),2026-03-06,20260306001011,389470
전환사채권발행결정,코스닥시장,지놈앤컴퍼니,주요사항보고서(전환사채권발행결정),2026-03-06,20260305001673,314130
전환사채권발행결정,코스닥시장,콜마바이오텍,주요사항보고서(전환사채권발행결정),2026-03-03,20260303003177,215380
전환사채권발행결정,코스닥시장,모아데이타,주요사항보고서(전환사채권발행결정),2026-02-27,20260227008678,288980
전환사채권발행결정,유가증권시장,코람코라이프인프라리츠,주요사항보고서(전환사채권발행결정),2026-02-26,20260226006922,357120
전환사채권발행결정,코스닥시장,지투지바이오,주요사항보고서(전환사채권발행결정),2026-02-23,20260223004122,456160
전환사채권발행결정,코스닥시장,모바일어플라이언스,주요사항보고서(전환사채권발행결정),2026-02-20,20260220002116,087260
전환사채권발행결정,코스닥시장,아이티켐,주요사항보고서(전환사채권발행결정),2026-02-19,20260219002548,309710
전환사채권발행결정,코스닥시장,HC보광산업,주요사항보고서(전환사채권발행결정),2026-02-13,20260213002818,225530
전환사채권발행결정,코스닥시장,아이텍,주요사항보고서(전환사채권발행결정),2026-02-13,20260213002764,119830
전환사채권발행결정,코스닥시장,헝셩그룹,주요사항보고서(전환사채권발행결정),2026-02-13,20260213002703,900270
전환사채권발행결정,코스닥시장,케이엔알시스템,주요사항보고서(전환사채권발행결정),2026-02-13,20260213002321,199430
전환사채권발행결정,코스닥시장,하나기술,주요사항보고서(전환사채권발행결정),2026-02-13,20260213001049,299030
전환사채권발행결정,코스닥시장,코어라인소프트,주요사항보고서(전환사채권발행결정),2026-02-12,20260212001671,384470
전환사채권발행결정,코스닥시장,비트플래닛,주요사항보고서(전환사채권발행결정),2026-02-12,20260212001451,049470
전환사채권발행결정,코스닥시장,에코글로우,주요사항보고서(전환사채권발행결정),2026-02-12,20260212001185,159910
전환사채권발행결정,코스닥시장,뷰노,주요사항보고서(전환사채권발행결정),2026-02-12,20260212001094,338220
전환사채권발행결정,코스닥시장,넥써쓰,주요사항보고서(전환사채권발행결정),2026-02-11,20260211000746,205500
전환사채권발행결정,코스닥시장,탑런토탈솔루션,주요사항보고서(전환사채권발행결정),2026-02-10,20260210000604,336680
전환사채권발행결정,코스닥시장,MSDI,주요사항보고서(전환사채권발행결정),2026-02-09,20260209000684,123010
전환사채권발행결정,코스닥시장,케이이엠텍,주요사항보고서(전환사채권발행결정),2026-02-05,20260205000621,106080
전환사채권발행결정,유가증권시장,한국항공우주,주요사항보고서(전환사채권발행결정),2026-02-05,20260205000384,047810
전환사채권발행결정,코스닥시장,디티앤씨알오,주요사항보고서(전환사채권발행결정),2026-02-05,20260204000609,383930
전환사채권발행결정,코스닥시장,셀레믹스,주요사항보고서(전환사채권발행결정),2026-02-04,20260203000462,331920
전환사채권발행결정,코스닥시장,온코크로스,주요사항보고서(전환사채권발행결정),2026-01-30,20260130000682,382150
전환사채권발행결정,코스닥시장,삼보산업,주요사항보고서(전환사채권발행결정),2026-01-29,20260129000590,009620
전환사채권발행결정,코스닥시장,제이케이시냅스,주요사항보고서(전환사채권발행결정),2026-01-29,20260129000001,060230
전환사채권발행결정,코스닥시장,알파AI,주요사항보고서(전환사채권발행결정),2026-01-27,20260127000435,043100
전환사채권발행결정,코스닥시장,한울반도체,주요사항보고서(전환사채권발행결정),2026-01-27,20260127000287,320000
전환사채권발행결정,코스닥시장,파라텍,주요사항보고서(전환사채권발행결정),2026-01-26,20260126000003,033540
전환사채권발행결정,유가증권시장,윌비스,주요사항보고서(전환사채권발행결정),2026-01-23,20260123000541,008600
전환사채권발행결정,코스닥시장,엔켐,주요사항보고서(전환사채권발행결정),2026-01-23,20260122000527,348370
전환사채권발행결정,코스닥시장,캔버스엔,주요사항보고서(전환사채권발행결정),2026-01-23,20260122000537,210120
전환사채권발행결정,코스닥시장,휴림에이텍,주요사항보고서(전환사채권발행결정),2026-01-23,20260122000532,078590
전환사채권발행결정,유가증권시장,블루산업개발,주요사항보고서(전환사채권발행결정),2026-01-21,20260121000508,006740
전환사채권발행결정,코스닥시장,CSA 코스믹,주요사항보고서(전환사채권발행결정),2026-01-21,20260121000413,083660
전환사채권발행결정,유가증권시장,비비안,주요사항보고서(전환사채권발행결정),2026-01-21,20260121000332,002070
전환사채권발행결정,코스닥시장,오가닉티코스메틱,주요사항보고서(전환사채권발행결정),2026-01-21,20260121000004,900300
전환사채권발행결정,코스닥시장,케스피온,주요사항보고서(전환사채권발행결정),2026-01-20,20260120000386,079190
전환사채권발행결정,코스닥시장,엔켐,주요사항보고서(전환사채권발행결정),2026-01-20,20260120000352,348370
전환사채권발행결정,코스닥시장,에르코스,주요사항보고서(전환사채권발행결정),2026-01-16,20260116000488,435570
전환사채권발행결정,코스닥시장,츌립앤사이언스,주요사항보고서(전환사채권발행결정),2026-01-16,20260116000487,291650
전환사채권발행결정,코스닥시장,레이저쎌,주요사항보고서(전환사채권발행결정),2026-01-15,20260115000406,412350
전환사채권발행결정,코스닥시장,엘앤케이바이오,주요사항보고서(전환사채권발행결정),2026-01-09,20260109000381,156100
전환사채권발행결정,코스닥시장,빛과전자,주요사항보고서(전환사채권발행결정),2026-01-07,20260107000643,069540
전환사채권발행결정,코스닥시장,스피어,주요사항보고서(전환사채권발행결정),2026-01-02,20260102000446,347700
유상증자결정,코스닥시장,캐리,주요사항보고서(유상증자결정),2024-06-28,20240628001056,313760
유상증자결정,코스닥시장,옵트론텍,주요사항보고서(유상증자결정),2024-06-28,20240628000490,082210
유상증자결정,코스닥시장,엔시트론,주요사항보고서(유상증자결정),2024-06-28,20240628000368,101400
유상증자결정,코스닥시장,에스디시스템,주요사항보고서(유상증자결정),2024-06-27,20240627000174,121890
유상증자결정,유가증권시장,SK바이오사이언스,주요사항보고서(유상증자결정),2024-06-27,20240627000002,302440
유상증자결정,유가증권시장,삼성FN리츠,주요사항보고서(유상증자결정),2024-06-26,20240626000475,448730
유상증자결정,코스닥시장,아이오케이이엔엠,주요사항보고서(유상증자결정),2024-06-26,20240626000349,078860
유상증자결정,코스닥시장,유티아이,주요사항보고서(유상증자결정),2024-06-26,20240626000142,179900
유상증자결정,코스닥시장,티앤알바이오팹,주요사항보고서(유상증자결정),2024-06-25,20240625000320,246710
유상증자결정,코스닥시장,한국피아이엠,주요사항보고서(유상증자결정),2024-06-25,20240624000370,448900
유상증자결정,코스닥시장,젠큐릭스,주요사항보고서(유상증자결정),2024-06-24,20240624000270,229000
유상증자결정,코스닥시장,뉴온,주요사항보고서(유상증자결정),2024-06-24,20240624000199,123840
유상증자결정,코스닥시장,넥스틴,주요사항보고서(유상증자결정),2024-06-21,20240621000719,348210
유상증자결정,코스닥시장,한울앤제주,주요사항보고서(유상증자결정),2024-06-20,20240620000236,276730
유상증자결정,코스닥시장,강동씨앤엘,주요사항보고서(유상증자결정),2024-06-18,20240618000415,198440
유상증자결정,코스닥시장,오가닉티코스메틱,주요사항보고서(유상증자결정),2024-06-17,20240617000271,900300
유상증자결정,코스닥시장,아이톡시,주요사항보고서(유상증자결정),2024-06-17,20240617000072,052770
유상증자결정,유가증권시장,한화오션,주요사항보고서(유상증자결정),2024-06-14,20240614000410,042660
유상증자결정,코스닥시장,한국피아이엠,주요사항보고서(유상증자결정),2024-06-14,20240614000395,448900
유상증자결정,코스닥시장,엠디바이스,주요사항보고서(유상증자결정),2024-06-14,20240614000337,226590
유상증자결정,코스닥시장,코오롱생명과학,주요사항보고서(유상증자결정),2024-06-13,20240613000303,102940
유상증자결정,코스닥시장,한국첨단소재,주요사항보고서(유상증자결정),2024-06-13,20240613000246,062970
유상증자결정,코스닥시장,BGF에코머티리얼즈,주요사항보고서(유상증자결정),2024-06-13,20240613000171,126600
유상증자결정,코스닥시장,동일스틸럭스,주요사항보고서(유상증자결정),2024-06-13,20240613000079,023790
유상증자결정,코스닥시장,골드앤에스,주요사항보고서(유상증자결정),2024-06-12,20240612000306,035290
유상증자결정,코스닥시장,로킷헬스케어,주요사항보고서(유상증자결정),2024-06-12,20240612000066,376900
유상증자결정,유가증권시장,태영건설,주요사항보고서(유상증자결정),2024-06-11,20240611000538,009410
유상증자결정,유가증권시장,MDS스피어,주요사항보고서(유상증자결정),2024-06-11,20240611000530,009810
유상증자결정,코스닥시장,휴림로봇,주요사항보고서(유상증자결정),2024-06-11,20240611000397,090710
유상증자결정,코스닥시장,베셀,주요사항보고서(유상증자결정),2024-06-11,20240611000360,177350
유상증자결정,코스닥시장,헝셩그룹,주요사항보고서(유상증자결정),2024-06-10,20240610000391,900270
유상증자결정,코스닥시장,디모아,주요사항보고서(유상증자결정),2024-06-03,20240603000302,016670
유상증자결정,코스닥시장,아이오케이이엔엠,주요사항보고서(유상증자결정),2024-06-03,20240603000283,078860
유상증자결정,코스닥시장,엔젠바이오,주요사항보고서(유상증자결정),2024-06-03,20240603000005,354200
유상증자결정,코스닥시장,카이노스메드,주요사항보고서(유상증자결정),2024-05-31,20240531002281,284620
유상증자결정,코스닥시장,자연과환경,주요사항보고서(유상증자결정),2024-05-29,20240529000537,043910
유상증자결정,코스닥시장,DXVX,주요사항보고서(유상증자결정),2024-05-29,20240529000328,180400
유상증자결정,코스닥시장,비투엔,주요사항보고서(유상증자결정),2024-05-28,20240528000356,307870
유상증자결정,코스닥시장,셀리드,주요사항보고서(유상증자결정),2024-05-24,20240524000510,299660
유상증자결정,코스닥시장,헝셩그룹,주요사항보고서(유상증자결정),2024-05-24,20240524000420,900270
유상증자결정,코스닥시장,제이스코홀딩스,주요사항보고서(유상증자결정),2024-05-24,20240524000375,023440
유상증자결정,코스닥시장,LS마린솔루션,주요사항보고서(유상증자결정),2024-05-24,20240524000106,060370
유상증자결정,코스닥시장,코오롱티슈진,주요사항보고서(유상증자결정),2024-05-23,20240523000495,950160
유상증자결정,코스닥시장,엑시온그룹,주요사항보고서(유상증자결정),2024-05-21,20240521000244,069920
유상증자결정,코스닥시장,유티아이,주요사항보고서(유상증자결정),2024-05-20,20240520000158,179900
유상증자결정,코스닥시장,엠디바이스,주요사항보고서(유상증자결정),2024-05-17,20240517000412,226590
유상증자결정,코스닥시장,엑스플러스,주요사항보고서(유상증자결정),2024-05-17,20240517000003,373200
유상증자결정,코스닥시장,THE E&M,주요사항보고서(유상증자결정),2024-05-16,20240516002131,089230
유상증자결정,코스닥시장,뉴보텍,주요사항보고서(유상증자결정),2024-05-14,20240514001338,060260
유상증자결정,코스닥시장,나노엔텍,주요사항보고서(유상증자결정),2024-05-13,20240513000751,039860
유상증자결정,코스닥시장,코스텍시스,주요사항보고서(유상증자결정),2024-05-08,20240508000149,355150
유상증자결정,코스닥시장,제놀루션,주요사항보고서(유상증자결정),2024-05-07,20240507000565,225220
유상증자결정,코스닥시장,퀄리타스반도체,주요사항보고서(유상증자결정),2024-05-07,20240507000524,432720
유상증자결정,유가증권시장,한온시스템,주요사항보고서(유상증자결정),2024-05-03,20240503000795,018880
유상증자결정,코스닥시장,파라텍,주요사항보고서(유상증자결정),2024-05-03,20240503000637,033540
유상증자결정,코스닥시장,투비소프트,주요사항보고서(유상증자결정),2024-05-03,20240503000418,079970
유상증자결정,코스닥시장,이노스페이스,주요사항보고서(유상증자결정),2024-05-03,20240503000416,462350
유상증자결정,코스닥시장,로킷헬스케어,주요사항보고서(유상증자결정),2024-05-02,20240502000379,376900
유상증자결정,코스닥시장,청보,주요사항보고서(유상증자결정),2024-05-02,20240502000340,013720
유상증자결정,코스닥시장,디에이치엑스컴퍼니,주요사항보고서(유상증자결정),2024-04-30,20240430001198,031860
유상증자결정,코스닥시장,에코앤드림,주요사항보고서(유상증자결정),2024-04-30,20240430001082,101360
유상증자결정,코스닥시장,이원컴포텍,주요사항보고서(유상증자결정),2024-04-30,20240430000763,088290
유상증자결정,코스닥시장,피노,주요사항보고서(유상증자결정),2024-04-29,20240429000969,033790
유상증자결정,유가증권시장,HLB글로벌,주요사항보고서(유상증자결정),2024-04-26,20240426000846,003580
유상증자결정,코스닥시장,엑스플러스,주요사항보고서(유상증자결정),2024-04-24,20240424000001,373200
유상증자결정,코스닥시장,엑시콘,주요사항보고서(유상증자결정),2024-04-23,20240423000557,092870
유상증자결정,코스닥시장,이렘,주요사항보고서(유상증자결정),2024-04-19,20240419000696,009730
유상증자결정,코스닥시장,한중엔시에스,주요사항보고서(유상증자결정),2024-04-19,20240419000478,107640
유상증자결정,코스닥시장,티사이언티픽,주요사항보고서(유상증자결정),2024-04-17,20240417000471,057680
유상증자결정,코스닥시장,스피어,주요사항보고서(유상증자결정),2024-04-17,20240417000203,347700
유상증자결정,코스닥시장,디에스엠,주요사항보고서(유상증자결정),2024-04-17,20240417000182,104040
유상증자결정,코스닥시장,피엔티엠에스,주요사항보고서(유상증자결정),2024-04-16,20240416000171,257370
유상증자결정,코스닥시장,오르비텍,주요사항보고서(유상증자결정),2024-04-15,20240415000655,046120
유상증자결정,코스닥시장,한주에이알티,주요사항보고서(유상증자결정),2024-04-15,20240415000006,058450
유상증자결정,코스닥시장,큐리언트,주요사항보고서(유상증자결정),2024-04-15,20240415000005,115180
유상증자결정,코스닥시장,샤페론,주요사항보고서(유상증자결정),2024-04-12,20240412003516,378800
유상증자결정,코스닥시장,3S,주요사항보고서(유상증자결정),2024-04-11,20240411003936,060310
유상증자결정,코스닥시장,로킷헬스케어,주요사항보고서(유상증자결정),2024-04-08,20240408003664,376900
유상증자결정,코스닥시장,SG,주요사항보고서(유상증자결정),2024-04-05,20240405002993,255220
유상증자결정,코스닥시장,인성정보,주요사항보고서(유상증자결정),2024-04-05,20240405002839,033230
유상증자결정,코스닥시장,캐스텍코리아,주요사항보고서(유상증자결정),2024-04-04,20240404002689,071850
유상증자결정,유가증권시장,삼부토건,주요사항보고서(유상증자결정),2024-04-03,20240403002869,001470
유상증자결정,코스닥시장,삼보산업,주요사항보고서(유상증자결정),2024-04-01,20240401003447,009620
유상증자결정,코스닥시장,안랩,주요사항보고서(유상증자결정),2024-04-01,20240401000004,053800
유상증자결정,코스닥시장,HLB펩,주요사항보고서(유상증자결정),2024-03-28,20240328001664,196300
유상증자결정,코스닥시장,솔디펜스,주요사항보고서(유상증자결정),2024-03-26,20240325000956,215090
유상증자결정,유가증권시장,블루산업개발,주요사항보고서(유상증자결정),2024-03-22,20240322000937,006740
유상증자결정,코스닥시장,신라젠,주요사항보고서(유상증자결정),2024-03-22,20240322000735,215600
유상증자결정,코스닥시장,HLB테라퓨틱스,주요사항보고서(유상증자결정),2024-03-22,20240322000353,115450
유상증자결정,유가증권시장,대신증권,주요사항보고서(유상증자결정),2024-03-21,20240321001718,003540
유상증자결정,코스닥시장,한국피아이엠,주요사항보고서(유상증자결정),2024-03-21,20240321001423,448900
유상증자결정,코스닥시장,HLB생명과학,주요사항보고서(유상증자결정),2024-03-21,20240321001329,067630
유상증자결정,유가증권시장,진원생명과학,주요사항보고서(유상증자결정),2024-03-21,20240321001291,011000
유상증자결정,코스닥시장,모아라이프플러스,주요사항보고서(유상증자결정),2024-03-19,20240319000842,142760
유상증자결정,유가증권시장,동부건설,주요사항보고서(유상증자결정),2024-03-19,20240319000586,005960
유상증자결정,코스닥시장,아스트,주요사항보고서(유상증자결정),2024-03-19,20240319000372,067390
유상증자결정,코스닥시장,한울앤제주,주요사항보고서(유상증자결정),2024-03-19,20240319000004,276730
유상증자결정,코스닥시장,제이케이시냅스,주요사항보고서(유상증자결정),2024-03-15,20240315000852,060230
유상증자결정,코스닥시장,알파AI,주요사항보고서(유상증자결정),2024-03-14,20240314001543,043100
유상증자결정,코스닥시장,플래스크,주요사항보고서(유상증자결정),2024-03-14,20240313001779,041590
유상증자결정,코스닥시장,KS인더스트리,주요사항보고서(유상증자결정),2024-03-13,20240313000002,101000
유상증자결정,코스닥시장,모아라이프플러스,주요사항보고서(유상증자결정),2024-03-13,20240312001051,142760
유상증자결정,코스닥시장,아티스트스튜디오,주요사항보고서(유상증자결정),2024-03-12,20240312000342,200350
유상증자결정,코스닥시장,디지캡,주요사항보고서(유상증자결정),2024-03-11,20240311000610,197140
유상증자결정,코스닥시장,메디콕스,주요사항보고서(유상증자결정),2024-03-08,20240308000001,054180
유상증자결정,코스닥시장,윙입푸드,주요사항보고서(유상증자결정),2024-03-06,20240306000650,900340
유상증자결정,유가증권시장,KC코트렐,주요사항보고서(유상증자결정),2024-03-06,20240306000331,119650
유상증자결정,코스닥시장,GMI벤처,주요사항보고서(유상증자결정),2024-03-06,20240305000628,019570
유상증자결정,유가증권시장,화인베스틸,주요사항보고서(유상증자결정),2024-03-05,20240305000001,133820
유상증자결정,코스닥시장,아스트,주요사항보고서(유상증자결정),2024-03-05,20240304000594,067390
유상증자결정,코스닥시장,한울반도체,주요사항보고서(유상증자결정),2024-03-04,20240304000561,320000
유상증자결정,코스닥시장,빛과전자,주요사항보고서(유상증자결정),2024-03-04,20240304000552,069540
유상증자결정,코스닥시장,셀루메드,주요사항보고서(유상증자결정),2024-02-29,20240229002358,049180
유상증자결정,코스닥시장,폴라리스AI파마,주요사항보고서(유상증자결정),2024-02-29,20240229002332,041910
유상증자결정,코스닥시장,THE E&M,주요사항보고서(유상증자결정),2024-02-28,20240228008698,089230
유상증자결정,코스닥시장,윈팩,주요사항보고서(유상증자결정),2024-02-28,20240228008497,097800
유상증자결정,코스닥시장,네오크레마,주요사항보고서(유상증자결정),2024-02-28,20240228008358,311390
유상증자결정,유가증권시장,우성머티리얼스,주요사항보고서(유상증자결정),2024-02-21,20240220002210,011300
유상증자결정,코스닥시장,아이에이,주요사항보고서(유상증자결정),2024-02-16,20240216001164,038880
유상증자결정,코스닥시장,하이퍼코퍼레이션,주요사항보고서(유상증자결정),2024-02-15,20240215001208,065650
유상증자결정,코스닥시장,유니슨,주요사항보고서(유상증자결정),2024-02-15,20240215001117,018000
유상증자결정,코스닥시장,다원시스,주요사항보고서(유상증자결정),2024-02-07,20240207001005,068240
유상증자결정,코스닥시장,아이톡시,주요사항보고서(유상증자결정),2024-02-07,20240207000706,052770
유상증자결정,코스닥시장,넥써쓰,주요사항보고서(유상증자결정),2024-02-07,20240207000451,205500
유상증자결정,코스닥시장,동방선기,주요사항보고서(유상증자결정),2024-02-06,20240206000504,099410
유상증자결정,코스닥시장,포니링크,주요사항보고서(유상증자결정),2024-02-05,20240205000003,064800
유상증자결정,코스닥시장,삼영이엔씨,주요사항보고서(유상증자결정),2024-02-02,20240202000246,065570
유상증자결정,코스닥시장,시지메드텍,주요사항보고서(유상증자결정),2024-02-02,20240201000701,056090
유상증자결정,코스닥시장,티에스넥스젠,주요사항보고서(유상증자결정),2024-02-01,20240201000002,043220
유상증자결정,코스닥시장,SGC E&C,주요사항보고서(유상증자결정),2024-01-31,20240131000322,016250
유상증자결정,코스닥시장,EDGC,주요사항보고서(유상증자결정),2024-01-30,20240130000476,245620
유상증자결정,유가증권시장,후성,주요사항보고서(유상증자결정),2024-01-25,20240125000548,093370
유상증자결정,코스닥시장,휴림로봇,주요사항보고서(유상증자결정),2024-01-19,20240119000557,090710
유상증자결정,코스닥시장,판타지오,주요사항보고서(유상증자결정),2024-01-19,20240119000524,032800
유상증자결정,코스닥시장,SGA솔루션즈,주요사항보고서(유상증자결정),2024-01-19,20240119000513,184230
유상증자결정,코스닥시장,한탑,주요사항보고서(유상증자결정),2024-01-18,20240117000383,002680
유상증자결정,코스닥시장,젠큐릭스,주요사항보고서(유상증자결정),2024-01-17,20240117000344,229000
유상증자결정,코스닥시장,리가켐바이오,주요사항보고서(유상증자결정),2024-01-15,20240115000314,141080
유상증자결정,유가증권시장,한미사이언스,주요사항보고서(유상증자결정),2024-01-12,20240112000569,008930
유상증자결정,유가증권시장,OCI홀딩스,주요사항보고서(유상증자결정),2024-01-12,20240112000560,010060
유상증자결정,유가증권시장,에이프로젠바이오로직스,주요사항보고서(유상증자결정),2024-01-12,20240112000370,003060
유상증자결정,코스닥시장,파라택시스코리아,주요사항보고서(유상증자결정),2024-01-12,20240112000296,288330
유상증자결정,코스닥시장,파이온엑스,주요사항보고서(유상증자결정),2024-01-11,20240111000263,900100
유상증자결정,코스닥시장,코디,주요사항보고서(유상증자결정),2024-01-08,20240108000496,080530
유상증자결정,코스닥시장,제이스코홀딩스,주요사항보고서(유상증자결정),2024-01-08,20240108000483,023440
유상증자결정,코스닥시장,네오리진,주요사항보고서(유상증자결정),2024-01-05,20240105000595,094860
유상증자결정,코스닥시장,와이지-원,주요사항보고서(유상증자결정),2024-01-05,20240105000390,019210
유상증자결정,코스닥시장,비투엔,주요사항보고서(유상증자결정),2024-01-02,20240102000358,307870
유상증자결정,코스닥시장,비트맥스,주요사항보고서(유상증자결정),2024-12-30,20241230000307,377030
유상증자결정,유가증권시장,KC코트렐,주요사항보고서(유상증자결정),2024-12-27,20241227000394,119650
유상증자결정,유가증권시장,금호전기,주요사항보고서(유상증자결정),2024-12-26,20241226000520,001210
유상증자결정,코스닥시장,오가닉티코스메틱,주요사항보고서(유상증자결정),2024-12-26,20241226000478,900300
유상증자결정,코스닥시장,애드바이오텍,주요사항보고서(유상증자결정),2024-12-24,20241224000344,179530
유상증자결정,코스닥시장,TS트릴리온,주요사항보고서(유상증자결정),2024-12-20,20241220000738,317240
유상증자결정,유가증권시장,블루산업개발,주요사항보고서(유상증자결정),2024-12-20,20241220000734,006740
유상증자결정,유가증권시장,대양금속,주요사항보고서(유상증자결정),2024-12-20,20241220000724,009190
유상증자결정,코스닥시장,HLB펩,주요사항보고서(유상증자결정),2024-12-20,20241220000719,196300
유상증자결정,코스닥시장,삼보산업,주요사항보고서(유상증자결정),2024-12-20,20241220000700,009620
유상증자결정,코스닥시장,비투엔,주요사항보고서(유상증자결정),2024-12-20,20241220000542,307870
유상증자결정,코스닥시장,휴림에이텍,주요사항보고서(유상증자결정),2024-12-20,20241220000498,078590
유상증자결정,코스닥시장,카이노스메드,주요사항보고서(유상증자결정),2024-12-20,20241220000480,284620
유상증자결정,코스닥시장,뉴온,주요사항보고서(유상증자결정),2024-12-20,20241220000423,123840
유상증자결정,코스닥시장,손오공,주요사항보고서(유상증자결정),2024-12-20,20241220000393,066910
유상증자결정,코스닥시장,엑스페릭스,주요사항보고서(유상증자결정),2024-12-20,20241220000385,317770
유상증자결정,코스닥시장,제이에스링크,주요사항보고서(유상증자결정),2024-12-19,20241219000127,127120
유상증자결정,코스닥시장,케이피엠테크,주요사항보고서(유상증자결정),2024-12-18,20241218000317,042040
유상증자결정,코스닥시장,신화프리텍,주요사항보고서(유상증자결정),2024-12-17,20241217000246,095190
유상증자결정,코스닥시장,휴림에이텍,주요사항보고서(유상증자결정),2024-12-17,20241217000004,078590
유상증자결정,코스닥시장,넥스트아이,주요사항보고서(유상증자결정),2024-12-17,20241217000001,137940
유상증자결정,코스닥시장,앱토크롬,주요사항보고서(유상증자결정),2024-12-16,20241216000269,109960
유상증자결정,코스닥시장,딥커머스,주요사항보고서(유상증자결정),2024-12-16,20241216000252,900110
유상증자결정,코스닥시장,알티캐스트,주요사항보고서(유상증자결정),2024-12-16,20241216000002,085810
유상증자결정,코스닥시장,테라사이언스,주요사항보고서(유상증자결정),2024-12-13,20241213000648,073640
유상증자결정,코스닥시장,드래곤플라이,주요사항보고서(유상증자결정),2024-12-13,20241213000425,030350
유상증자결정,코스닥시장,E8,주요사항보고서(유상증자결정),2024-12-13,20241213000422,418620
유상증자결정,코스닥시장,이화공영,주요사항보고서(유상증자결정),2024-12-13,20241213000197,001840
유상증자결정,코스닥시장,넥써쓰,주요사항보고서(유상증자결정),2024-12-12,20241212000003,205500
유상증자결정,유가증권시장,삼부토건,주요사항보고서(유상증자결정),2024-12-11,20241211000440,001470
유상증자결정,유가증권시장,태영건설,주요사항보고서(유상증자결정),2024-12-11,20241211000332,009410
유상증자결정,코스닥시장,폴라리스세원,주요사항보고서(유상증자결정),2024-12-10,20241210000502,234100
유상증자결정,코스닥시장,나노실리칸첨단소재,주요사항보고서(유상증자결정),2024-12-10,20241210000496,286750
유상증자결정,코스닥시장,CJ 바이오사이언스,주요사항보고서(유상증자결정),2024-12-09,20241209000408,311690
유상증자결정,코스닥시장,올리패스,주요사항보고서(유상증자결정),2024-12-06,20241206000581,244460
유상증자결정,코스닥시장,테라젠이텍스,주요사항보고서(유상증자결정),2024-12-06,20241206000489,066700
유상증자결정,코스닥시장,롤링스톤,주요사항보고서(유상증자결정),2024-12-05,20241205000572,214610
유상증자결정,유가증권시장,LG씨엔에스,주요사항보고서(유상증자결정),2024-12-05,20241205000567,064400
유상증자결정,코스닥시장,엑스플러스,주요사항보고서(유상증자결정),2024-12-05,20241205000560,373200
유상증자결정,코스닥시장,쿼드메디슨,주요사항보고서(유상증자결정),2024-12-05,20241205000522,464490
유상증자결정,코스닥시장,비츠로시스,주요사항보고서(유상증자결정),2024-12-04,20241204000255,054220
유상증자결정,코스닥시장,롤링스톤,주요사항보고서(유상증자결정),2024-12-03,20241203000374,214610
유상증자결정,코스닥시장,알파칩스,주요사항보고서(유상증자결정),2024-12-02,20241202000372,117670
유상증자결정,코스닥시장,플래스크,주요사항보고서(유상증자결정),2024-11-29,20241129001988,041590
유상증자결정,코스닥시장,태성,주요사항보고서(유상증자결정),2024-11-29,20241129001601,323280
유상증자결정,코스닥시장,오성첨단소재,주요사항보고서(유상증자결정),2024-11-28,20241128001166,052420
유상증자결정,코스닥시장,앱튼,주요사항보고서(유상증자결정),2024-11-27,20241127000764,270520
유상증자결정,유가증권시장,현대차증권,주요사항보고서(유상증자결정),2024-11-26,20241126000726,001500
유상증자결정,유가증권시장,롯데에너지머티리얼즈,주요사항보고서(유상증자결정),2024-11-25,20241125000378,020150
유상증자결정,코스닥시장,큐라티스,주요사항보고서(유상증자결정),2024-11-25,20241125000265,348080
유상증자결정,코스닥시장,젠큐릭스,주요사항보고서(유상증자결정),2024-11-22,20241122000581,229000
유상증자결정,코스닥시장,푸드나무,주요사항보고서(유상증자결정),2024-11-21,20241121000512,290720
유상증자결정,코스닥시장,나노실리칸첨단소재,주요사항보고서(유상증자결정),2024-11-21,20241121000382,286750
유상증자결정,코스닥시장,엑시온그룹,주요사항보고서(유상증자결정),2024-11-20,20241120000360,069920
유상증자결정,코스닥시장,콜마바이오텍,주요사항보고서(유상증자결정),2024-11-20,20241120000073,215380
유상증자결정,코스닥시장,알지노믹스,주요사항보고서(유상증자결정),2024-11-20,20241120000041,476830
유상증자결정,유가증권시장,가온전선,주요사항보고서(유상증자결정),2024-11-19,20241119000103,000500
유상증자결정,코스닥시장,엑스플러스,주요사항보고서(유상증자결정),2024-11-18,20241118000149,373200
유상증자결정,코스닥시장,SKAI,주요사항보고서(유상증자결정),2024-11-18,20241118000003,357880
유상증자결정,코스닥시장,오성첨단소재,주요사항보고서(유상증자결정),2024-11-15,20241115000272,052420
유상증자결정,코스닥시장,현대바이오,주요사항보고서(유상증자결정),2024-11-15,20241115000251,048410
유상증자결정,코스닥시장,대한광통신,주요사항보고서(유상증자결정),2024-11-14,20241114002667,010170
유상증자결정,코스닥시장,제이케이시냅스,주요사항보고서(유상증자결정),2024-11-14,20241114001581,060230
유상증자결정,코스닥시장,알체라,주요사항보고서(유상증자결정),2024-11-14,20241114001029,347860
유상증자결정,코스닥시장,올리패스,주요사항보고서(유상증자결정),2024-11-13,20241113000447,244460
유상증자결정,코스닥시장,에이비온,주요사항보고서(유상증자결정),2024-11-11,20241111000430,203400
유상증자결정,코스닥시장,빛과전자,주요사항보고서(유상증자결정),2024-11-11,20241111000424,069540
유상증자결정,코스닥시장,한울소재과학,주요사항보고서(유상증자결정),2024-11-08,20241108000545,091440
유상증자결정,유가증권시장,이수페타시스,주요사항보고서(유상증자결정),2024-11-08,20241108000542,007660
유상증자결정,코스닥시장,제이오,주요사항보고서(유상증자결정),2024-11-08,20241108000532,418550
유상증자결정,코스닥시장,듀켐바이오,주요사항보고서(유상증자결정),2024-11-08,20241108000521,176750
유상증자결정,코스닥시장,빛과전자,주요사항보고서(유상증자결정),2024-11-08,20241108000467,069540
유상증자결정,코스닥시장,스피어,주요사항보고서(유상증자결정),2024-11-07,20241107000353,347700
유상증자결정,코스닥시장,테라사이언스,주요사항보고서(유상증자결정),2024-11-07,20241107000328,073640
유상증자결정,코스닥시장,KS인더스트리,주요사항보고서(유상증자결정),2024-11-07,20241107000296,101000
유상증자결정,코스닥시장,네오리진,주요사항보고서(유상증자결정),2024-11-07,20241107000215,094860
유상증자결정,코스닥시장,제노코,주요사항보고서(유상증자결정),2024-11-07,20241107000201,361390
유상증자결정,코스닥시장,에이스테크,주요사항보고서(유상증자결정),2024-11-06,20241106000122,088800
유상증자결정,코스닥시장,디와이디,주요사항보고서(유상증자결정),2024-11-06,20241106000001,219550
유상증자결정,코스닥시장,하이드로리튬,주요사항보고서(유상증자결정),2024-11-05,20241105000268,101670
유상증자결정,유가증권시장,금양,주요사항보고서(유상증자결정),2024-10-31,20241031000530,001570
유상증자결정,유가증권시장,고려아연,주요사항보고서(유상증자결정),2024-10-30,20241030000098,010130
유상증자결정,코스닥시장,나노실리칸첨단소재,주요사항보고서(유상증자결정),2024-10-29,20241028000414,286750
유상증자결정,코스닥시장,HLB제넥스,주요사항보고서(유상증자결정),2024-10-28,20241028000401,187420
유상증자결정,코스닥시장,나노실리칸첨단소재,주요사항보고서(유상증자결정),2024-10-28,20241028000397,286750
유상증자결정,코스닥시장,앱클론,주요사항보고서(유상증자결정),2024-10-28,20241028000330,174900
유상증자결정,유가증권시장,마스턴프리미어리츠,주요사항보고서(유상증자결정),2024-10-28,20241028000240,357430
유상증자결정,코스닥시장,에이비온,주요사항보고서(유상증자결정),2024-10-28,20241028000102,203400
유상증자결정,코스닥시장,와이엠,주요사항보고서(유상증자결정),2024-10-25,20241025000502,007530
유상증자결정,코스닥시장,KS인더스트리,주요사항보고서(유상증자결정),2024-10-23,20241023000001,101000
유상증자결정,코스닥시장,시지메드텍,주요사항보고서(유상증자결정),2024-10-22,20241022000231,056090
유상증자결정,코스닥시장,GRT,주요사항보고서(유상증자결정),2024-10-22,20241022000001,900290
유상증자결정,코스닥시장,온코크로스,주요사항보고서(유상증자결정),2024-10-16,20241016000250,382150
유상증자결정,코스닥시장,수성웹툰,주요사항보고서(유상증자결정),2024-10-16,20241016000146,084180
유상증자결정,코스닥시장,엑스페릭스,주요사항보고서(유상증자결정),2024-10-15,20241015000352,317770
유상증자결정,코스닥시장,옵트론텍,주요사항보고서(유상증자결정),2024-10-15,20241015000307,082210
유상증자결정,코스닥시장,화일약품,주요사항보고서(유상증자결정),2024-10-15,20241015000273,061250
유상증자결정,코스닥시장,다이나믹솔루션,주요사항보고서(유상증자결정),2024-10-15,20241015000267,290660
유상증자결정,코스닥시장,에피소드컴퍼니,주요사항보고서(유상증자결정),2024-10-15,20241015000092,317530
유상증자결정,유가증권시장,우성머티리얼스,주요사항보고서(유상증자결정),2024-10-14,20241014000291,011300
유상증자결정,코스닥시장,3S,주요사항보고서(유상증자결정),2024-10-14,20241014000217,060310
유상증자결정,유가증권시장,범양건영,주요사항보고서(유상증자결정),2024-10-14,20241014000141,002410
유상증자결정,코스닥시장,알지노믹스,주요사항보고서(유상증자결정),2024-10-11,20241011000134,476830
유상증자결정,유가증권시장,디앤디플랫폼리츠,주요사항보고서(유상증자결정),2024-10-10,20241010000387,377190
유상증자결정,코스닥시장,알티캐스트,주요사항보고서(유상증자결정),2024-10-10,20241008000570,085810
유상증자결정,유가증권시장,대한해운,주요사항보고서(유상증자결정),2024-10-08,20241008000507,005880
유상증자결정,코스닥시장,다이나믹솔루션,주요사항보고서(유상증자결정),2024-10-08,20241008000416,290660
유상증자결정,코스닥시장,다산디엠씨,주요사항보고서(유상증자결정),2024-10-08,20241008000329,208860
유상증자결정,코스닥시장,씨엑스아이,주요사항보고서(유상증자결정),2024-10-07,20241007000164,900120
유상증자결정,유가증권시장,금양,주요사항보고서(유상증자결정),2024-09-27,20240927000916,001570
유상증자결정,코스닥시장,큐로홀딩스,주요사항보고서(유상증자결정),2024-09-27,20240927000820,051780
유상증자결정,코스닥시장,센서뷰,주요사항보고서(유상증자결정),2024-09-27,20240927000783,321370
유상증자결정,코스닥시장,엔젠바이오,주요사항보고서(유상증자결정),2024-09-26,20240926000368,354200
유상증자결정,코스닥시장,한국첨단소재,주요사항보고서(유상증자결정),2024-09-26,20240925000602,062970
유상증자결정,코스닥시장,폴라리스AI파마,주요사항보고서(유상증자결정),2024-09-25,20240925000539,041910
유상증자결정,코스닥시장,앱토크롬,주요사항보고서(유상증자결정),2024-09-20,20240920000270,109960
유상증자결정,유가증권시장,까뮤이앤씨,주요사항보고서(유상증자결정),2024-09-19,20240919000229,013700
유상증자결정,코스닥시장,에이스테크,주요사항보고서(유상증자결정),2024-09-19,20240919000107,088800
유상증자결정,유가증권시장,DH오토넥스,주요사항보고서(유상증자결정),2024-09-19,20240913000834,000300
유상증자결정,코스닥시장,에스바이오메딕스,주요사항보고서(유상증자결정),2024-09-13,20240913000715,304360
유상증자결정,유가증권시장,한화리츠,주요사항보고서(유상증자결정),2024-09-13,20240913000603,451800
유상증자결정,코스닥시장,큐라티스,주요사항보고서(유상증자결정),2024-09-12,20240912000500,348080
유상증자결정,코스닥시장,프레스티지바이오로직스,주요사항보고서(유상증자결정),2024-09-12,20240912000464,334970
유상증자결정,코스닥시장,에이치엔에스하이텍,주요사항보고서(유상증자결정),2024-09-12,20240912000460,044990
유상증자결정,코스닥시장,알파AI,주요사항보고서(유상증자결정),2024-09-12,20240912000325,043100
유상증자결정,유가증권시장,롯데리츠,주요사항보고서(유상증자결정),2024-09-11,20240911000232,330590
유상증자결정,코스닥시장,멤레이비티,주요사항보고서(유상증자결정),2024-09-11,20240911000190,072770
유상증자결정,코스닥시장,코스리거글로벌,주요사항보고서(유상증자결정),2024-09-10,20240910000691,043710
유상증자결정,코스닥시장,케이이엠텍,주요사항보고서(유상증자결정),2024-09-10,20240910000519,106080
유상증자결정,유가증권시장,케이뱅크,주요사항보고서(유상증자결정),2024-09-09,20240909000301,279570
유상증자결정,유가증권시장,엑시큐어하이트론,주요사항보고서(유상증자결정),2024-09-09,20240909000223,019490
유상증자결정,코스닥시장,삼영이엔씨,주요사항보고서(유상증자결정),2024-09-09,20240909000130,065570
유상증자결정,코스닥시장,하이로닉,주요사항보고서(유상증자결정),2024-09-06,20240906000394,149980
유상증자결정,코스닥시장,퓨쳐켐,주요사항보고서(유상증자결정),2024-09-05,20240905000430,220100
유상증자결정,코스닥시장,마이크로디지탈,주요사항보고서(유상증자결정),2024-09-05,20240905000414,305090
유상증자결정,코스닥시장,파마리서치,주요사항보고서(유상증자결정),2024-09-05,20240905000279,214450
유상증자결정,코스닥시장,HLB이노베이션,주요사항보고서(유상증자결정),2024-09-05,20240904000487,024850
유상증자결정,코스닥시장,스피어,주요사항보고서(유상증자결정),2024-09-04,20240904000452,347700
유상증자결정,코스닥시장,에코프로에이치엔,주요사항보고서(유상증자결정),2024-09-04,20240904000400,383310
유상증자결정,코스닥시장,엣지파운드리,주요사항보고서(유상증자결정),2024-09-03,20240903000418,105550
유상증자결정,코스닥시장,크레오에스지,주요사항보고서(유상증자결정),2024-09-03,20240903000371,040350
유상증자결정,유가증권시장,가온전선,주요사항보고서(유상증자결정),2024-09-02,20240902000333,000500
유상증자결정,유가증권시장,엑시큐어하이트론,주요사항보고서(유상증자결정),2024-08-29,20240829001525,019490
유상증자결정,코스닥시장,알지노믹스,주요사항보고서(유상증자결정),2024-08-29,20240829000622,476830
유상증자결정,코스닥시장,에스티큐브,주요사항보고서(유상증자결정),2024-08-26,20240826000455,052020
유상증자결정,코스닥시장,츌립앤사이언스,주요사항보고서(유상증자결정),2024-08-26,20240826000332,291650
유상증자결정,코스닥시장,디에스엠,주요사항보고서(유상증자결정),2024-08-26,20240826000248,104040
유상증자결정,코스닥시장,파라텍,주요사항보고서(유상증자결정),2024-08-23,20240823000575,033540
유상증자결정,코스닥시장,롤링스톤,주요사항보고서(유상증자결정),2024-08-23,20240823000564,214610
유상증자결정,코스닥시장,비트맥스,주요사항보고서(유상증자결정),2024-08-23,20240823000491,377030
유상증자결정,코스닥시장,피씨엘,주요사항보고서(유상증자결정),2024-08-22,20240822000413,241820
유상증자결정,코스닥시장,DH오토웨어,주요사항보고서(유상증자결정),2024-08-22,20240822000001,025440
유상증자결정,코스닥시장,셀루메드,주요사항보고서(유상증자결정),2024-08-21,20240821000547,049180
유상증자결정,코스닥시장,롤링스톤,주요사항보고서(유상증자결정),2024-08-20,20240820000405,214610
유상증자결정,코스닥시장,엠젠솔루션,주요사항보고서(유상증자결정),2024-08-20,20240820000241,032790
유상증자결정,코스닥시장,티에스넥스젠,주요사항보고서(유상증자결정),2024-08-19,20240819000324,043220
유상증자결정,유가증권시장,주연테크,주요사항보고서(유상증자결정),2024-08-19,20240819000256,044380
유상증자결정,코스닥시장,알지노믹스,주요사항보고서(유상증자결정),2024-08-19,20240819000104,476830
유상증자결정,코스닥시장,LS마린솔루션,주요사항보고서(유상증자결정),2024-08-19,20240819000098,060370
유상증자결정,유가증권시장,우성머티리얼스,주요사항보고서(유상증자결정),2024-08-16,20240816000277,011300
유상증자결정,코스닥시장,펩트론,주요사항보고서(유상증자결정),2024-08-16,20240816000225,087010
유상증자결정,유가증권시장,진양화학,주요사항보고서(유상증자결정),2024-08-14,20240814003743,051630
유상증자결정,코스닥시장,성호전자,주요사항보고서(유상증자결정),2024-08-09,20240809000646,043260
유상증자결정,유가증권시장,코람코라이프인프라리츠,주요사항보고서(유상증자결정),2024-08-08,20240808000398,357120
유상증자결정,유가증권시장,아주스틸,주요사항보고서(유상증자결정),2024-08-06,20240806000315,139990
유상증자결정,코스닥시장,크라우드웍스,주요사항보고서(유상증자결정),2024-08-06,20240806000196,355390
유상증자결정,코스닥시장,시지메드텍,주요사항보고서(유상증자결정),2024-08-05,20240805000386,056090
유상증자결정,코스닥시장,큐라티스,주요사항보고서(유상증자결정),2024-08-02,20240802000364,348080
유상증자결정,코스닥시장,인투셀,주요사항보고서(유상증자결정),2024-08-02,20240802000202,287840
유상증자결정,코스닥시장,싸이토젠,주요사항보고서(유상증자결정),2024-08-01,20240731000752,217330
유상증자결정,코스닥시장,한국유니온제약,주요사항보고서(유상증자결정),2024-07-30,20240730000355,080720
유상증자결정,코스닥시장,지아이이노베이션,주요사항보고서(유상증자결정),2024-07-30,20240730000184,358570
유상증자결정,코스닥시장,씨유메디칼,주요사항보고서(유상증자결정),2024-07-30,20240729000302,115480
유상증자결정,코스닥시장,에코글로우,주요사항보고서(유상증자결정),2024-07-29,20240729000218,159910
유상증자결정,코스닥시장,오브젠,주요사항보고서(유상증자결정),2024-07-26,20240726000473,417860
유상증자결정,코스닥시장,KS인더스트리,주요사항보고서(유상증자결정),2024-07-25,20240725000462,101000
유상증자결정,코스닥시장,LS티라유텍,주요사항보고서(유상증자결정),2024-07-24,20240723000370,322180
유상증자결정,코스닥시장,제이케이시냅스,주요사항보고서(유상증자결정),2024-07-23,20240723000361,060230
유상증자결정,코스닥시장,파워넷,주요사항보고서(유상증자결정),2024-07-23,20240723000323,037030
유상증자결정,코스닥시장,큐브엔터,주요사항보고서(유상증자결정),2024-07-23,20240723000204,182360
유상증자결정,유가증권시장,대호에이엘,주요사항보고서(유상증자결정),2024-07-23,20240723000195,069460
유상증자결정,코스닥시장,스피어,주요사항보고서(유상증자결정),2024-07-22,20240722000264,347700
유상증자결정,코스닥시장,신화프리텍,주요사항보고서(유상증자결정),2024-07-22,20240722000250,095190
유상증자결정,코스닥시장,아스트,주요사항보고서(유상증자결정),2024-07-22,20240722000152,067390
유상증자결정,코스닥시장,오픈엣지테크놀로지,주요사항보고서(유상증자결정),2024-07-22,20240722000117,394280
유상증자결정,유가증권시장,태영건설,주요사항보고서(유상증자결정),2024-07-19,20240719000497,009410
유상증자결정,코스닥시장,플라즈맵,주요사항보고서(유상증자결정),2024-07-18,20240718000421,405000
유상증자결정,코스닥시장,퀀텀레일,주요사항보고서(유상증자결정),2024-07-18,20240718000001,070300
유상증자결정,유가증권시장,HD현대마린엔진,주요사항보고서(유상증자결정),2024-07-15,20240715000366,071970
유상증자결정,코스닥시장,큐리언트,주요사항보고서(유상증자결정),2024-07-12,20240712000264,115180
유상증자결정,코스닥시장,엠디바이스,주요사항보고서(유상증자결정),2024-07-10,20240710000699,226590
유상증자결정,코스닥시장,포커스에이아이,주요사항보고서(유상증자결정),2024-07-09,20240709000449,331380
유상증자결정,유가증권시장,미래아이앤지,주요사항보고서(유상증자결정),2024-07-09,20240709000317,007120
유상증자결정,코스닥시장,디모아,주요사항보고서(유상증자결정),2024-07-09,20240709000159,016670
유상증자결정,코스닥시장,아이즈비전,주요사항보고서(유상증자결정),2024-07-08,20240708000471,031310
유상증자결정,코스닥시장,오가닉티코스메틱,주요사항보고서(유상증자결정),2024-07-08,20240708000361,900300
유상증자결정,유가증권시장,코아스,주요사항보고서(유상증자결정),2024-07-08,20240708000003,071950
유상증자결정,코스닥시장,제닉,주요사항보고서(유상증자결정),2024-07-05,20240705000554,123330
유상증자결정,코스닥시장,경남제약,주요사항보고서(유상증자결정),2024-07-05,20240705000462,053950
유상증자결정,코스닥시장,제이에스링크,주요사항보고서(유상증자결정),2024-07-05,20240705000309,127120
유상증자결정,코스닥시장,MDS테크,주요사항보고서(유상증자결정),2024-07-05,20240705000278,086960
유상증자결정,코스닥시장,메디콕스,주요사항보고서(유상증자결정),2024-07-05,20240704000501,054180
유상증자결정,유가증권시장,에이프로젠바이오로직스,주요사항보고서(유상증자결정),2024-07-04,20240704000495,003060
유상증자결정,코스닥시장,제이에스링크,주요사항보고서(유상증자결정),2024-07-02,20240702000325,127120
유상증자결정,코스닥시장,에이비엘바이오,주요사항보고서(유상증자결정),2024-07-02,20240702000290,298380
유상증자결정,코스닥시장,글로벌텍스프리,주요사항보고서(유상증자결정),2024-07-01,20240701000402,204620
유상증자결정,코스닥시장,하이퍼코퍼레이션,주요사항보고서(유상증자결정),2025-06-27,20250627000843,065650
유상증자결정,코스닥시장,롤링스톤,주요사항보고서(유상증자결정),2025-06-27,20250627000005,214610
유상증자결정,유가증권시장,솔루엠,주요사항보고서(유상증자결정),2025-06-26,20250626000631,248070
유상증자결정,코스닥시장,마음AI,주요사항보고서(유상증자결정),2025-06-25,20250625000487,377480
유상증자결정,코스닥시장,파라택시스코리아,주요사항보고서(유상증자결정),2025-06-20,20250620000520,288330
유상증자결정,코스닥시장,푸드나무,주요사항보고서(유상증자결정),2025-06-20,20250620000079,290720
유상증자결정,코스닥시장,엔케이젠바이오텍코리아,주요사항보고서(유상증자결정),2025-06-19,20250619000304,182400
유상증자결정,코스닥시장,유니슨,주요사항보고서(유상증자결정),2025-06-19,20250619000231,018000
유상증자결정,코스닥시장,CSA 코스믹,주요사항보고서(유상증자결정),2025-06-18,20250618000409,083660
유상증자결정,코스닥시장,다이나믹솔루션,주요사항보고서(유상증자결정),2025-06-18,20250618000326,290660
유상증자결정,코스닥시장,지투지바이오,주요사항보고서(유상증자결정),2025-06-17,20250617000301,456160
유상증자결정,코스닥시장,페니트리움바이오,주요사항보고서(유상증자결정),2025-06-17,20250616000371,187660
유상증자결정,유가증권시장,SK리츠,주요사항보고서(유상증자결정),2025-06-16,20250616000312,395400
유상증자결정,코스닥시장,넥스트칩,주요사항보고서(유상증자결정),2025-06-16,20250616000295,396270
유상증자결정,유가증권시장,메타케어,주요사항보고서(유상증자결정),2025-06-13,20250613000463,118000
유상증자결정,코스닥시장,빌리언스,주요사항보고서(유상증자결정),2025-06-12,20250612000467,044480
유상증자결정,코스닥시장,젠큐릭스,주요사항보고서(유상증자결정),2025-06-12,20250612000422,229000
유상증자결정,코스닥시장,풍전약품,주요사항보고서(유상증자결정),2025-06-11,20250611000360,298060
유상증자결정,코스닥시장,지니틱스,주요사항보고서(유상증자결정),2025-06-11,20250610000454,303030
유상증자결정,코스닥시장,강스템바이오텍,주요사항보고서(유상증자결정),2025-06-10,20250610000366,217730
유상증자결정,코스닥시장,애드바이오텍,주요사항보고서(유상증자결정),2025-06-09,20250609000173,179530
유상증자결정,코스닥시장,엔젠바이오,주요사항보고서(유상증자결정),2025-06-05,20250605000397,354200
유상증자결정,코스닥시장,SGA솔루션즈,주요사항보고서(유상증자결정),2025-06-05,20250605000291,184230
유상증자결정,코스닥시장,아이톡시,주요사항보고서(유상증자결정),2025-06-05,20250605000249,052770
유상증자결정,유가증권시장,금양,주요사항보고서(유상증자결정),2025-06-04,20250604000294,001570
유상증자결정,유가증권시장,한창,주요사항보고서(유상증자결정),2025-05-30,20250530002705,005110
유상증자결정,코스닥시장,손오공,주요사항보고서(유상증자결정),2025-05-30,20250530002154,066910
유상증자결정,코스닥시장,네오이뮨텍,주요사항보고서(유상증자결정),2025-05-30,20250530001850,950220
유상증자결정,코스닥시장,빛과전자,주요사항보고서(유상증자결정),2025-05-27,20250527000290,069540
유상증자결정,코스닥시장,빛과전자,주요사항보고서(유상증자결정),2025-05-26,20250526000488,069540
유상증자결정,코스닥시장,LS마린솔루션,주요사항보고서(유상증자결정),2025-05-26,20250526000389,060370
유상증자결정,코스닥시장,메이슨캐피탈,주요사항보고서(유상증자결정),2025-05-26,20250526000233,021880
유상증자결정,코스닥시장,SGC E&C,주요사항보고서(유상증자결정),2025-05-23,20250523000549,016250
유상증자결정,코스닥시장,손오공,주요사항보고서(유상증자결정),2025-05-23,20250523000524,066910
유상증자결정,코스닥시장,크라우드웍스,주요사항보고서(유상증자결정),2025-05-21,20250521000303,355390
유상증자결정,코스닥시장,아리바이오홀딩스,주요사항보고서(유상증자결정),2025-05-20,20250520000374,290690
유상증자결정,코스닥시장,큐에이드,주요사항보고서(유상증자결정),2025-05-20,20250519000346,377460
유상증자결정,코스닥시장,엔젠바이오,주요사항보고서(유상증자결정),2025-05-16,20250516000415,354200
유상증자결정,코스닥시장,큐라클,주요사항보고서(유상증자결정),2025-05-16,20250516000355,365270
유상증자결정,코스닥시장,스코넥,주요사항보고서(유상증자결정),2025-05-14,20250514001221,276040
유상증자결정,유가증권시장,이수화학,주요사항보고서(유상증자결정),2025-05-14,20250514001196,005950
유상증자결정,코스닥시장,씨이랩,주요사항보고서(유상증자결정),2025-05-14,20250514000776,189330
유상증자결정,유가증권시장,대한해운,주요사항보고서(유상증자결정),2025-05-13,20250513000689,005880
유상증자결정,코스닥시장,크레오에스지,주요사항보고서(유상증자결정),2025-05-13,20250513000518,040350
유상증자결정,유가증권시장,포스코퓨처엠,주요사항보고서(유상증자결정),2025-05-13,20250513000505,003670
유상증자결정,코스닥시장,동일스틸럭스,주요사항보고서(유상증자결정),2025-05-13,20250513000489,023790
유상증자결정,코스닥시장,상신전자,주요사항보고서(유상증자결정),2025-05-13,20250513000304,263810
유상증자결정,유가증권시장,ESR켄달스퀘어리츠,주요사항보고서(유상증자결정),2025-05-09,20250509000684,365550
유상증자결정,코스닥시장,앱클론,주요사항보고서(유상증자결정),2025-05-09,20250509000494,174900
유상증자결정,코스닥시장,알파AI,주요사항보고서(유상증자결정),2025-05-08,20250508000001,043100
유상증자결정,코스닥시장,풍원정밀,주요사항보고서(유상증자결정),2025-05-08,20250507000713,371950
유상증자결정,코스닥시장,지에프씨생명과학,주요사항보고서(유상증자결정),2025-05-02,20250502000433,388610
유상증자결정,코스닥시장,FSN,주요사항보고서(유상증자결정),2025-05-02,20250502000413,214270
유상증자결정,유가증권시장,진원생명과학,주요사항보고서(유상증자결정),2025-04-30,20250430001498,011000
유상증자결정,유가증권시장,다이나믹디자인,주요사항보고서(유상증자결정),2025-04-30,20250430001030,145210
유상증자결정,코스닥시장,수성웹툰,주요사항보고서(유상증자결정),2025-04-30,20250429000986,084180
유상증자결정,코스닥시장,다보링크,주요사항보고서(유상증자결정),2025-04-29,20250429000593,340360
유상증자결정,유가증권시장,태영건설,주요사항보고서(유상증자결정),2025-04-29,20250429000592,009410
유상증자결정,코스닥시장,넥스턴앤롤코리아,주요사항보고서(유상증자결정),2025-04-28,20250428000760,089140
유상증자결정,유가증권시장,비비안,주요사항보고서(유상증자결정),2025-04-25,20250425000721,002070
유상증자결정,코스닥시장,지놈앤컴퍼니,주요사항보고서(유상증자결정),2025-04-25,20250424000596,314130
유상증자결정,코스닥시장,시지트로닉스,주요사항보고서(유상증자결정),2025-04-24,20250424000517,429270
유상증자결정,코스닥시장,HLB제약,주요사항보고서(유상증자결정),2025-04-24,20250424000450,047920
유상증자결정,유가증권시장,KG모빌리티,주요사항보고서(유상증자결정),2025-04-24,20250424000232,003620
유상증자결정,코스닥시장,다산디엠씨,주요사항보고서(유상증자결정),2025-04-23,20250423000471,208860
유상증자결정,코스닥시장,푸드나무,주요사항보고서(유상증자결정),2025-04-22,20250422000422,290720
유상증자결정,코스닥시장,이렘,주요사항보고서(유상증자결정),2025-04-21,20250421000397,009730
유상증자결정,코스닥시장,YTN,주요사항보고서(유상증자결정),2025-04-21,20250421000352,040300
유상증자결정,유가증권시장,한화에어로스페이스,주요사항보고서(유상증자결정),2025-04-18,20250418000538,012450
유상증자결정,유가증권시장,제주은행,주요사항보고서(유상증자결정),2025-04-18,20250418000206,006220
유상증자결정,코스닥시장,FSN,주요사항보고서(유상증자결정),2025-04-17,20250417000468,214270
유상증자결정,코스닥시장,성호전자,주요사항보고서(유상증자결정),2025-04-17,20250417000242,043260
유상증자결정,코스닥시장,청보,주요사항보고서(유상증자결정),2025-04-17,20250417000072,013720
유상증자결정,코스닥시장,푸드나무,주요사항보고서(유상증자결정),2025-04-16,20250416000494,290720
유상증자결정,유가증권시장,동성제약,주요사항보고서(유상증자결정),2025-04-16,20250416000165,002210
유상증자결정,코스닥시장,청보,주요사항보고서(유상증자결정),2025-04-16,20250416000156,013720
유상증자결정,유가증권시장,DH오토넥스,주요사항보고서(유상증자결정),2025-04-16,20250415000573,000300
유상증자결정,유가증권시장,DKME,주요사항보고서(유상증자결정),2025-04-15,20250415000532,015590
유상증자결정,코스닥시장,엑시온그룹,주요사항보고서(유상증자결정),2025-04-15,20250415000491,069920
유상증자결정,유가증권시장,대양금속,주요사항보고서(유상증자결정),2025-04-15,20250414002775,009190
유상증자결정,코스닥시장,중앙첨단소재,주요사항보고서(유상증자결정),2025-04-14,20250414002728,051980
유상증자결정,코스닥시장,오텍,주요사항보고서(유상증자결정),2025-04-14,20250411003569,067170
유상증자결정,유가증권시장,한세엠케이,주요사항보고서(유상증자결정),2025-04-11,20250411003108,069640
유상증자결정,유가증권시장,우양피앤엘,주요사항보고서(유상증자결정),2025-04-08,20250408002279,002420
유상증자결정,코스닥시장,헝셩그룹,주요사항보고서(유상증자결정),2025-04-08,20250408001850,900270
유상증자결정,코스닥시장,스코넥,주요사항보고서(유상증자결정),2025-04-07,20250407004238,276040
유상증자결정,코스닥시장,오가닉티코스메틱,주요사항보고서(유상증자결정),2025-04-04,20250404003596,900300
유상증자결정,코스닥시장,풍전약품,주요사항보고서(유상증자결정),2025-04-04,20250404003019,298060
유상증자결정,코스닥시장,이브이첨단소재,주요사항보고서(유상증자결정),2025-04-04,20250404002965,131400
유상증자결정,코스닥시장,디모아,주요사항보고서(유상증자결정),2025-04-03,20250402003737,016670
유상증자결정,코스닥시장,스맥,주요사항보고서(유상증자결정),2025-04-02,20250402003492,099440
유상증자결정,코스닥시장,파이온엑스,주요사항보고서(유상증자결정),2025-04-01,20250401004164,900100
유상증자결정,코스닥시장,엘앤씨바이오,주요사항보고서(유상증자결정),2025-04-01,20250401003352,290650
유상증자결정,코스닥시장,이니텍,주요사항보고서(유상증자결정),2025-04-01,20250401000031,053350
유상증자결정,코스닥시장,플라즈맵,주요사항보고서(유상증자결정),2025-03-31,20250331003659,405000
유상증자결정,코스닥시장,이원컴포텍,주요사항보고서(유상증자결정),2025-03-28,20250328002283,088290
유상증자결정,유가증권시장,부광약품,주요사항보고서(유상증자결정),2025-03-28,20250328000577,003000
유상증자결정,유가증권시장,차AI헬스케어,주요사항보고서(유상증자결정),2025-03-28,20250328000012,025620
유상증자결정,코스닥시장,신라젠,주요사항보고서(유상증자결정),2025-03-26,20250326001291,215600
유상증자결정,코스닥시장,제이에스링크,주요사항보고서(유상증자결정),2025-03-26,20250326001258,127120
유상증자결정,유가증권시장,에코프로머티,주요사항보고서(유상증자결정),2025-03-26,20250326001115,450080
유상증자결정,코스닥시장,리튬포어스,주요사항보고서(유상증자결정),2025-03-26,20250326000003,073570
유상증자결정,유가증권시장,동부건설,주요사항보고서(유상증자결정),2025-03-25,20250325001062,005960
유상증자결정,유가증권시장,금호건설,주요사항보고서(유상증자결정),2025-03-25,20250325000658,002990
유상증자결정,유가증권시장,달바글로벌,주요사항보고서(유상증자결정),2025-03-25,20250325000613,483650
유상증자결정,코스닥시장,인투셀,주요사항보고서(유상증자결정),2025-03-24,20250324000685,287840
유상증자결정,코스닥시장,코어라인소프트,주요사항보고서(유상증자결정),2025-03-21,20250321001514,384470
유상증자결정,코스닥시장,형지I&C,주요사항보고서(유상증자결정),2025-03-21,20250321001207,011080
유상증자결정,코스닥시장,셀루메드,주요사항보고서(유상증자결정),2025-03-20,20250320001490,049180
유상증자결정,유가증권시장,한화에어로스페이스,주요사항보고서(유상증자결정),2025-03-20,20250320001145,012450
유상증자결정,코스닥시장,엑스플러스,주요사항보고서(유상증자결정),2025-03-18,20250318001451,373200
유상증자결정,코스닥시장,셀리드,주요사항보고서(유상증자결정),2025-03-18,20250318000742,299660
유상증자결정,코스닥시장,뉴로메카,주요사항보고서(유상증자결정),2025-03-17,20250317000051,348340
유상증자결정,코스닥시장,풍전약품,주요사항보고서(유상증자결정),2025-03-14,20250314001703,298060
유상증자결정,코스닥시장,지엔코,주요사항보고서(유상증자결정),2025-03-14,20250314001465,065060
유상증자결정,코스닥시장,이노스페이스,주요사항보고서(유상증자결정),2025-03-14,20250314001085,462350
유상증자결정,코스닥시장,큐리언트,주요사항보고서(유상증자결정),2025-03-14,20250314000556,115180
유상증자결정,유가증권시장,삼성SDI,주요사항보고서(유상증자결정),2025-03-14,20250314000027,006400
유상증자결정,유가증권시장,아센디오,주요사항보고서(유상증자결정),2025-03-13,20250313001168,012170
유상증자결정,코스닥시장,셀루메드,주요사항보고서(유상증자결정),2025-03-13,20250313000974,049180
유상증자결정,코스닥시장,스트라드비젼,주요사항보고서(유상증자결정),2025-03-13,20250313000365,475040
유상증자결정,코스닥시장,코어라인소프트,주요사항보고서(유상증자결정),2025-03-12,20250312000386,384470
유상증자결정,코스닥시장,카이노스메드,주요사항보고서(유상증자결정),2025-03-04,20250304000196,284620
유상증자결정,코스닥시장,엑스페릭스,주요사항보고서(유상증자결정),2025-03-04,20250228006779,317770
유상증자결정,코스닥시장,엑스플러스,주요사항보고서(유상증자결정),2025-02-28,20250228006558,373200
유상증자결정,코스닥시장,국전,주요사항보고서(유상증자결정),2025-02-28,20250228005602,307750
유상증자결정,유가증권시장,롯데렌탈,주요사항보고서(유상증자결정),2025-02-28,20250228001748,089860
유상증자결정,코스닥시장,GRT,주요사항보고서(유상증자결정),2025-02-26,20250226003161,900290
유상증자결정,코스닥시장,퀀타매트릭스,주요사항보고서(유상증자결정),2025-02-26,20250226000749,317690
유상증자결정,코스닥시장,큐브엔터,주요사항보고서(유상증자결정),2025-02-25,20250225004575,182360
유상증자결정,코스닥시장,해성옵틱스,주요사항보고서(유상증자결정),2025-02-25,20250225003663,076610
유상증자결정,코스닥시장,나인테크,주요사항보고서(유상증자결정),2025-02-25,20250225003127,267320
유상증자결정,코스닥시장,딥커머스,주요사항보고서(유상증자결정),2025-02-21,20250221001747,900110
유상증자결정,코스닥시장,퀀타매트릭스,주요사항보고서(유상증자결정),2025-02-20,20250220000245,317690
유상증자결정,코스닥시장,에코글로우,주요사항보고서(유상증자결정),2025-02-19,20250218001716,159910
유상증자결정,코스닥시장,하이딥,주요사항보고서(유상증자결정),2025-02-17,20250217001688,365590
유상증자결정,코스닥시장,엔투텍,주요사항보고서(유상증자결정),2025-02-17,20250214002855,227950
유상증자결정,코스닥시장,스트라드비젼,주요사항보고서(유상증자결정),2025-02-14,20250214002228,475040
유상증자결정,코스닥시장,한국피아이엠,주요사항보고서(유상증자결정),2025-02-14,20250214002211,448900
유상증자결정,코스닥시장,퀀타매트릭스,주요사항보고서(유상증자결정),2025-02-14,20250214002090,317690
유상증자결정,코스닥시장,에코글로우,주요사항보고서(유상증자결정),2025-02-13,20250213001763,159910
유상증자결정,코스닥시장,휴림로봇,주요사항보고서(유상증자결정),2025-02-10,20250210000763,090710
유상증자결정,유가증권시장,비비안,주요사항보고서(유상증자결정),2025-02-10,20250210000558,002070
유상증자결정,코스닥시장,나노실리칸첨단소재,주요사항보고서(유상증자결정),2025-02-06,20250206000610,286750
유상증자결정,코스닥시장,알테오젠,주요사항보고서(유상증자결정),2025-02-04,20250204000409,196170
유상증자결정,코스닥시장,KS인더스트리,주요사항보고서(유상증자결정),2025-02-03,20250203000430,101000
유상증자결정,코스닥시장,새빗켐,주요사항보고서(유상증자결정),2025-02-03,20250203000346,107600
유상증자결정,코스닥시장,넥사다이내믹스,주요사항보고서(유상증자결정),2025-02-03,20250203000002,351320
유상증자결정,코스닥시장,KS인더스트리,주요사항보고서(유상증자결정),2025-01-24,20250123000572,101000
유상증자결정,유가증권시장,DH오토넥스,주요사항보고서(유상증자결정),2025-01-23,20250123000520,000300
유상증자결정,코스닥시장,안트로젠,주요사항보고서(유상증자결정),2025-01-23,20250123000129,065660
유상증자결정,코스닥시장,엠디바이스,주요사항보고서(유상증자결정),2025-01-21,20250121000243,226590
유상증자결정,코스닥시장,알엔투테크놀로지,주요사항보고서(유상증자결정),2025-01-17,20250117000544,148250
유상증자결정,코스닥시장,PS일렉트로닉스,주요사항보고서(유상증자결정),2025-01-17,20250117000326,332570
유상증자결정,코스닥시장,삼보산업,주요사항보고서(유상증자결정),2025-01-16,20250116000318,009620
유상증자결정,코스닥시장,다보링크,주요사항보고서(유상증자결정),2025-01-15,20250115000406,340360
유상증자결정,코스닥시장,비트맥스,주요사항보고서(유상증자결정),2025-01-14,20250114000438,377030
유상증자결정,유가증권시장,태영건설,주요사항보고서(유상증자결정),2025-01-14,20250114000368,009410
유상증자결정,코스닥시장,신화프리텍,주요사항보고서(유상증자결정),2025-01-14,20250114000335,095190
유상증자결정,코스닥시장,비투엔,주요사항보고서(유상증자결정),2025-01-13,20250113000339,307870
유상증자결정,코스닥시장,인벤티지랩,주요사항보고서(유상증자결정),2025-01-13,20250113000302,389470
유상증자결정,코스닥시장,아이톡시,주요사항보고서(유상증자결정),2025-01-09,20250109000428,052770
유상증자결정,코스닥시장,THE E&M,주요사항보고서(유상증자결정),2025-01-09,20250109000401,089230
유상증자결정,코스닥시장,삼미금속,주요사항보고서(유상증자결정),2025-01-09,20250109000269,012210
유상증자결정,코스닥시장,넥스턴앤롤코리아,주요사항보고서(유상증자결정),2025-01-09,20250109000246,089140
유상증자결정,코스닥시장,아이에이,주요사항보고서(유상증자결정),2025-01-06,20250106000387,038880
유상증자결정,코스닥시장,제이에스링크,주요사항보고서(유상증자결정),2025-01-06,20250106000265,127120
유상증자결정,코스닥시장,코오롱티슈진,주요사항보고서(유상증자결정),2025-01-03,20250103000461,950160
유상증자결정,코스닥시장,윙입푸드,주요사항보고서(유상증자결정),2025-01-03,20250103000429,900340
유상증자결정,코스닥시장,케이이엠텍,주요사항보고서(유상증자결정),2025-01-02,20250102000236,106080
유상증자결정,코스닥시장,오르비텍,주요사항보고서(유상증자결정),2025-12-29,20251229000756,046120
유상증자결정,코스닥시장,버킷스튜디오,주요사항보고서(유상증자결정),2025-12-29,20251226000566,066410
유상증자결정,코스닥시장,젬백스,주요사항보고서(유상증자결정),2025-12-24,20251224000665,082270
유상증자결정,코스닥시장,하이로닉,주요사항보고서(유상증자결정),2025-12-23,20251223000853,149980
유상증자결정,코스닥시장,엘앤씨바이오,주요사항보고서(유상증자결정),2025-12-23,20251223000756,290650
유상증자결정,코스닥시장,에이텀,주요사항보고서(유상증자결정),2025-12-23,20251223000653,355690
유상증자결정,코스닥시장,젠큐릭스,주요사항보고서(유상증자결정),2025-12-23,20251223000638,229000
유상증자결정,코스닥시장,셀루메드,주요사항보고서(유상증자결정),2025-12-23,20251223000002,049180
유상증자결정,코스닥시장,제이스코홀딩스,주요사항보고서(유상증자결정),2025-12-22,20251222000475,023440
유상증자결정,코스닥시장,센서뷰,주요사항보고서(유상증자결정),2025-12-22,20251222000473,321370
유상증자결정,코스닥시장,디에이치엑스컴퍼니,주요사항보고서(유상증자결정),2025-12-22,20251222000461,031860
유상증자결정,코스닥시장,모아데이타,주요사항보고서(유상증자결정),2025-12-22,20251222000441,288980
유상증자결정,코스닥시장,디와이디,주요사항보고서(유상증자결정),2025-12-22,20251222000421,219550
유상증자결정,코스닥시장,뉴온,주요사항보고서(유상증자결정),2025-12-22,20251222000283,123840
유상증자결정,코스닥시장,글로벌텍스프리,주요사항보고서(유상증자결정),2025-12-22,20251222000270,204620
유상증자결정,코스닥시장,DXVX,주요사항보고서(유상증자결정),2025-12-22,20251222000192,180400
유상증자결정,코스닥시장,메가터치,주요사항보고서(유상증자결정),2025-12-19,20251219000528,446540
유상증자결정,코스닥시장,대진첨단소재,주요사항보고서(유상증자결정),2025-12-19,20251219000496,393970
유상증자결정,코스닥시장,비트맥스,주요사항보고서(유상증자결정),2025-12-19,20251219000401,377030
유상증자결정,코스닥시장,아미코젠,주요사항보고서(유상증자결정),2025-12-19,20251219000382,092040
유상증자결정,코스닥시장,포커스에이아이,주요사항보고서(유상증자결정),2025-12-19,20251219000112,331380
유상증자결정,코스닥시장,오름테라퓨틱,주요사항보고서(유상증자결정),2025-12-18,20251218000452,475830
유상증자결정,코스닥시장,엔케이젠바이오텍코리아,주요사항보고서(유상증자결정),2025-12-17,20251217000357,182400
유상증자결정,코스닥시장,푸드나무,주요사항보고서(유상증자결정),2025-12-17,20251217000108,290720
유상증자결정,코스닥시장,코맥스,주요사항보고서(유상증자결정),2025-12-17,20251216000526,036690
유상증자결정,코스닥시장,크라우드웍스,주요사항보고서(유상증자결정),2025-12-17,20251216000523,355390
유상증자결정,코스닥시장,MSDI,주요사항보고서(유상증자결정),2025-12-16,20251215000485,123010
유상증자결정,코스닥시장,서남,주요사항보고서(유상증자결정),2025-12-15,20251215000451,294630
유상증자결정,유가증권시장,고려아연,주요사항보고서(유상증자결정),2025-12-15,20251215000398,010130
유상증자결정,코스닥시장,시큐레터,주요사항보고서(유상증자결정),2025-12-15,20251212000569,418250
유상증자결정,코스닥시장,하이드로리튬,주요사항보고서(유상증자결정),2025-12-12,20251212000317,101670
유상증자결정,유가증권시장,트리니티항공,주요사항보고서(유상증자결정),2025-12-11,20251211000303,091810
유상증자결정,코스닥시장,파라택시스코리아,주요사항보고서(유상증자결정),2025-12-10,20251210000504,288330
유상증자결정,코스닥시장,TS트릴리온,주요사항보고서(유상증자결정),2025-12-10,20251210000259,317240
유상증자결정,코스닥시장,SKAI,주요사항보고서(유상증자결정),2025-12-10,20251210000165,357880
유상증자결정,코스닥시장,한주에이알티,주요사항보고서(유상증자결정),2025-12-09,20251209000363,058450
유상증자결정,코스닥시장,큐로홀딩스,주요사항보고서(유상증자결정),2025-12-09,20251208000444,051780
유상증자결정,유가증권시장,대신증권,주요사항보고서(유상증자결정),2025-12-08,20251208000350,003540
유상증자결정,코스닥시장,캠시스,주요사항보고서(유상증자결정),2025-12-08,20251208000308,050110
유상증자결정,코스닥시장,뉴온,주요사항보고서(유상증자결정),2025-12-08,20251208000254,123840
유상증자결정,코스닥시장,페니트리움바이오,주요사항보고서(유상증자결정),2025-12-08,20251205000565,187660
유상증자결정,코스닥시장,대한광통신,주요사항보고서(유상증자결정),2025-12-05,20251205000556,010170
유상증자결정,유가증권시장,진양홀딩스,주요사항보고서(유상증자결정),2025-12-05,20251205000323,100250
유상증자결정,코스닥시장,에피소드컴퍼니,주요사항보고서(유상증자결정),2025-12-04,20251204000525,317530
유상증자결정,코스닥시장,포커스에이아이,주요사항보고서(유상증자결정),2025-12-03,20251203000003,331380
유상증자결정,코스닥시장,한스바이오메드,주요사항보고서(유상증자결정),2025-12-02,20251202000244,042520
유상증자결정,코스닥시장,오브젠,주요사항보고서(유상증자결정),2025-12-02,20251202000187,417860
유상증자결정,코스닥시장,파라택시스이더리움,주요사항보고서(유상증자결정),2025-12-01,20251201000779,290560
유상증자결정,코스닥시장,케이이엠텍,주요사항보고서(유상증자결정),2025-12-01,20251201000736,106080
유상증자결정,코스닥시장,앤디포스,주요사항보고서(유상증자결정),2025-12-01,20251201000002,238090
유상증자결정,유가증권시장,윌비스,주요사항보고서(유상증자결정),2025-11-28,20251128001766,008600
유상증자결정,코스닥시장,에스에너지,주요사항보고서(유상증자결정),2025-11-28,20251128001742,095910
유상증자결정,코스닥시장,올리패스,주요사항보고서(유상증자결정),2025-11-28,20251128001679,244460
유상증자결정,코스닥시장,빛과전자,주요사항보고서(유상증자결정),2025-11-27,20251127000913,069540
유상증자결정,코스닥시장,모아라이프플러스,주요사항보고서(유상증자결정),2025-11-24,20251124000347,142760
유상증자결정,코스닥시장,아이씨에이치,주요사항보고서(유상증자결정),2025-11-21,20251121000484,368600
유상증자결정,코스닥시장,엘디티,주요사항보고서(유상증자결정),2025-11-21,20251121000318,096870
유상증자결정,유가증권시장,대신증권,주요사항보고서(유상증자결정),2025-11-21,20251120000615,003540
유상증자결정,유가증권시장,블루산업개발,주요사항보고서(유상증자결정),2025-11-21,20251120000611,006740
유상증자결정,유가증권시장,대신증권,주요사항보고서(유상증자결정),2025-11-20,20251120000607,003540
유상증자결정,코스닥시장,CSA 코스믹,주요사항보고서(유상증자결정),2025-11-20,20251120000598,083660
유상증자결정,코스닥시장,아이톡시,주요사항보고서(유상증자결정),2025-11-20,20251120000335,052770
유상증자결정,코스닥시장,헝셩그룹,주요사항보고서(유상증자결정),2025-11-19,20251119000133,900270
유상증자결정,코스닥시장,TS인베스트먼트,주요사항보고서(유상증자결정),2025-11-18,20251118000280,246690
유상증자결정,코스닥시장,링크드,주요사항보고서(유상증자결정),2025-11-18,20251117000254,193250
유상증자결정,코스닥시장,파인엠텍,주요사항보고서(유상증자결정),2025-11-17,20251117000235,441270
유상증자결정,코스닥시장,한울앤제주,주요사항보고서(유상증자결정),2025-11-17,20251117000191,276730
유상증자결정,코스닥시장,에이비엘바이오,주요사항보고서(유상증자결정),2025-11-14,20251114000642,298380
유상증자결정,코스닥시장,피플바이오,주요사항보고서(유상증자결정),2025-11-13,20251113000704,304840
유상증자결정,코스닥시장,올리패스,주요사항보고서(유상증자결정),2025-11-13,20251113000628,244460
유상증자결정,코스닥시장,CSA 코스믹,주요사항보고서(유상증자결정),2025-11-11,20251110000416,083660
유상증자결정,코스닥시장,알엔투테크놀로지,주요사항보고서(유상증자결정),2025-11-11,20251110000418,148250
유상증자결정,코스닥시장,아이톡시,주요사항보고서(유상증자결정),2025-11-10,20251110000217,052770
유상증자결정,코스닥시장,이원컴포텍,주요사항보고서(유상증자결정),2025-11-04,20251104000335,088290
유상증자결정,코스닥시장,엠젠솔루션,주요사항보고서(유상증자결정),2025-11-04,20251104000297,032790
유상증자결정,코스닥시장,핀텔,주요사항보고서(유상증자결정),2025-11-04,20251103000311,291810
유상증자결정,유가증권시장,형지엘리트,주요사항보고서(유상증자결정),2025-10-31,20251031000452,093240
유상증자결정,코스닥시장,오르비텍,주요사항보고서(유상증자결정),2025-10-31,20251031000432,046120
유상증자결정,코스닥시장,위츠,주요사항보고서(유상증자결정),2025-10-30,20251030000110,459100
유상증자결정,코스닥시장,에스아이리소스,주요사항보고서(유상증자결정),2025-10-29,20251029000385,065420
유상증자결정,코스닥시장,지구홀딩스,주요사항보고서(유상증자결정),2025-10-29,20251029000346,221800
유상증자결정,유가증권시장,태영건설,주요사항보고서(유상증자결정),2025-10-28,20251028000370,009410
유상증자결정,코스닥시장,애드바이오텍,주요사항보고서(유상증자결정),2025-10-27,20251027000366,179530
유상증자결정,코스닥시장,아이씨티케이,주요사항보고서(유상증자결정),2025-10-27,20251027000262,456010
유상증자결정,유가증권시장,씨아이테크,주요사항보고서(유상증자결정),2025-10-27,20251027000120,004920
유상증자결정,코스닥시장,한울반도체,주요사항보고서(유상증자결정),2025-10-24,20251024000496,320000
유상증자결정,코스닥시장,한울앤제주,주요사항보고서(유상증자결정),2025-10-24,20251024000493,276730
유상증자결정,코스닥시장,디에이치엑스컴퍼니,주요사항보고서(유상증자결정),2025-10-24,20251024000349,031860
유상증자결정,코스닥시장,알파칩스,주요사항보고서(유상증자결정),2025-10-23,20251023000164,117670
유상증자결정,코스닥시장,네오리진,주요사항보고서(유상증자결정),2025-10-23,20251022000368,094860
유상증자결정,코스닥시장,네오리진,주요사항보고서(유상증자결정),2025-10-22,20251022000301,094860
유상증자결정,코스닥시장,옵투스제약,주요사항보고서(유상증자결정),2025-10-22,20251022000206,131030
유상증자결정,코스닥시장,센코,주요사항보고서(유상증자결정),2025-10-21,20251021000256,347000
유상증자결정,코스닥시장,비투엔,주요사항보고서(유상증자결정),2025-10-21,20251020000329,307870
유상증자결정,코스닥시장,캔버스엔,주요사항보고서(유상증자결정),2025-10-20,20251020000304,210120
유상증자결정,코스닥시장,애드바이오텍,주요사항보고서(유상증자결정),2025-10-20,20251020000294,179530
유상증자결정,유가증권시장,DH오토넥스,주요사항보고서(유상증자결정),2025-10-17,20251017000377,000300
유상증자결정,코스닥시장,프리시젼바이오,주요사항보고서(유상증자결정),2025-10-17,20251017000321,335810
유상증자결정,코스닥시장,SKAI,주요사항보고서(유상증자결정),2025-10-15,20251015000389,357880
유상증자결정,코스닥시장,시지트로닉스,주요사항보고서(유상증자결정),2025-10-15,20251015000212,429270
유상증자결정,코스닥시장,코퍼스코리아,주요사항보고서(유상증자결정),2025-10-15,20251014000393,322780
유상증자결정,코스닥시장,투비소프트,주요사항보고서(유상증자결정),2025-10-14,20251014000290,079970
유상증자결정,코스닥시장,성원에너텍,주요사항보고서(유상증자결정),2025-10-13,20251013000285,340930
유상증자결정,코스닥시장,비보존 제약,주요사항보고서(유상증자결정),2025-10-13,20251013000260,082800
유상증자결정,코스닥시장,쿼드메디슨,주요사항보고서(유상증자결정),2025-10-02,20251002000316,464490
유상증자결정,유가증권시장,부산주공,주요사항보고서(유상증자결정),2025-10-02,20251002000303,005030
유상증자결정,코스닥시장,KD,주요사항보고서(유상증자결정),2025-10-02,20251001000776,044180
유상증자결정,코스닥시장,카카오게임즈,주요사항보고서(유상증자결정),2025-10-01,20251001000740,293490
유상증자결정,코스닥시장,앱클론,주요사항보고서(유상증자결정),2025-10-01,20251001000119,174900
유상증자결정,유가증권시장,엑시큐어하이트론,주요사항보고서(유상증자결정),2025-09-30,20250930000764,019490
유상증자결정,코스닥시장,알지노믹스,주요사항보고서(유상증자결정),2025-09-30,20250930000670,476830
유상증자결정,코스닥시장,에이에스텍,주요사항보고서(유상증자결정),2025-09-30,20250930000665,453860
유상증자결정,코스닥시장,E8,주요사항보고서(유상증자결정),2025-09-29,20250929000307,418620
유상증자결정,코스닥시장,딥커머스,주요사항보고서(유상증자결정),2025-09-26,20250926000762,900110
유상증자결정,코스닥시장,노을,주요사항보고서(유상증자결정),2025-09-24,20250924000426,376930
유상증자결정,코스닥시장,인터로조,주요사항보고서(유상증자결정),2025-09-23,20250923000401,119610
유상증자결정,유가증권시장,한온시스템,주요사항보고서(유상증자결정),2025-09-23,20250923000327,018880
유상증자결정,유가증권시장,진원생명과학,주요사항보고서(유상증자결정),2025-09-23,20250923000148,011000
유상증자결정,코스닥시장,인베니아,주요사항보고서(유상증자결정),2025-09-19,20250919000546,079950
유상증자결정,코스닥시장,에코글로우,주요사항보고서(유상증자결정),2025-09-19,20250919000457,159910
유상증자결정,코스닥시장,오성첨단소재,주요사항보고서(유상증자결정),2025-09-18,20250918000386,052420
유상증자결정,유가증권시장,씨아이테크,주요사항보고서(유상증자결정),2025-09-18,20250918000322,004920
유상증자결정,코스닥시장,레이저쎌,주요사항보고서(유상증자결정),2025-09-18,20250918000295,412350
유상증자결정,유가증권시장,KBI동양철관,주요사항보고서(유상증자결정),2025-09-17,20250917000317,008970
유상증자결정,코스닥시장,푸드나무,주요사항보고서(유상증자결정),2025-09-16,20250916000072,290720
유상증자결정,코스닥시장,제이에스링크,주요사항보고서(유상증자결정),2025-09-15,20250915000317,127120
유상증자결정,코스닥시장,신테카바이오,주요사항보고서(유상증자결정),2025-09-12,20250912000439,226330
유상증자결정,유가증권시장,HJ중공업,주요사항보고서(유상증자결정),2025-09-12,20250912000327,097230
유상증자결정,코스닥시장,윈팩,주요사항보고서(유상증자결정),2025-09-09,20250909000346,097800
유상증자결정,코스닥시장,츌립앤사이언스,주요사항보고서(유상증자결정),2025-09-09,20250909000003,291650
유상증자결정,코스닥시장,풍전약품,주요사항보고서(유상증자결정),2025-09-08,20250908000256,298060
유상증자결정,코스닥시장,딥노이드,주요사항보고서(유상증자결정),2025-09-08,20250908000201,315640
유상증자결정,코스닥시장,포바이포,주요사항보고서(유상증자결정),2025-09-05,20250905000449,389140
유상증자결정,유가증권시장,블루산업개발,주요사항보고서(유상증자결정),2025-09-05,20250904000463,006740
유상증자결정,코스닥시장,오가닉티코스메틱,주요사항보고서(유상증자결정),2025-09-04,20250904000456,900300
유상증자결정,코스닥시장,넥써쓰,주요사항보고서(유상증자결정),2025-09-04,20250904000088,205500
유상증자결정,코스닥시장,한중엔시에스,주요사항보고서(유상증자결정),2025-09-03,20250903000379,107640
유상증자결정,코스닥시장,크레오에스지,주요사항보고서(유상증자결정),2025-09-03,20250903000352,040350
유상증자결정,코스닥시장,앱튼,주요사항보고서(유상증자결정),2025-09-03,20250903000289,270520
유상증자결정,코스닥시장,스마트레이더시스템,주요사항보고서(유상증자결정),2025-09-02,20250902000215,424960
유상증자결정,코스닥시장,넥스트칩,주요사항보고서(유상증자결정),2025-09-02,20250902000099,396270
유상증자결정,코스닥시장,넥스트칩,주요사항보고서(유상증자결정),2025-09-01,20250901000423,396270
유상증자결정,코스닥시장,대성하이텍,주요사항보고서(유상증자결정),2025-09-01,20250829002234,129920
유상증자결정,코스닥시장,알에스오토메이션,주요사항보고서(유상증자결정),2025-08-29,20250829001902,140670
유상증자결정,코스닥시장,젬백스,주요사항보고서(유상증자결정),2025-08-29,20250829001896,082270
유상증자결정,코스닥시장,GRT,주요사항보고서(유상증자결정),2025-08-28,20250828001473,900290
유상증자결정,코스닥시장,파라택시스코리아,주요사항보고서(유상증자결정),2025-08-28,20250828001414,288330
유상증자결정,유가증권시장,태영건설,주요사항보고서(유상증자결정),2025-08-28,20250828001376,009410
유상증자결정,코스닥시장,로보티즈,주요사항보고서(유상증자결정),2025-08-28,20250828001077,108490
유상증자결정,코스닥시장,멤레이비티,주요사항보고서(유상증자결정),2025-08-27,20250827000519,072770
유상증자결정,코스닥시장,LK삼양,주요사항보고서(유상증자결정),2025-08-22,20250822000349,225190
유상증자결정,유가증권시장,진원생명과학,주요사항보고서(유상증자결정),2025-08-22,20250822000299,011000
유상증자결정,코스닥시장,큐리오시스,주요사항보고서(유상증자결정),2025-08-22,20250822000169,494120
유상증자결정,코스닥시장,멤레이비티,주요사항보고서(유상증자결정),2025-08-20,20250820000181,072770
유상증자결정,코스닥시장,비나텍,주요사항보고서(유상증자결정),2025-08-19,20250819000275,126340
유상증자결정,코스닥시장,올릭스,주요사항보고서(유상증자결정),2025-08-19,20250819000254,226950
유상증자결정,코스닥시장,캐리,주요사항보고서(유상증자결정),2025-08-18,20250818000246,313760
유상증자결정,코스닥시장,TS트릴리온,주요사항보고서(유상증자결정),2025-08-18,20250818000228,317240
유상증자결정,코스닥시장,샤페론,주요사항보고서(유상증자결정),2025-08-18,20250818000224,378800
유상증자결정,코스닥시장,코아스템켐온,주요사항보고서(유상증자결정),2025-08-18,20250818000177,166480
유상증자결정,코스닥시장,디에이치엑스컴퍼니,주요사항보고서(유상증자결정),2025-08-18,20250818000164,031860
유상증자결정,코스닥시장,엑셀세라퓨틱스,주요사항보고서(유상증자결정),2025-08-14,20250814002368,373110
유상증자결정,코스닥시장,파이온엑스,주요사항보고서(유상증자결정),2025-08-13,20250813001377,900100
유상증자결정,유가증권시장,트리니티항공,주요사항보고서(유상증자결정),2025-08-07,20250807000232,091810
유상증자결정,코스닥시장,아이로보틱스,주요사항보고서(유상증자결정),2025-08-04,20250804000227,066430
유상증자결정,유가증권시장,NH투자증권,주요사항보고서(유상증자결정),2025-07-31,20250731000518,005940
유상증자결정,유가증권시장,SK아이이테크놀로지,주요사항보고서(유상증자결정),2025-07-30,20250730000266,361610
유상증자결정,유가증권시장,SK이노베이션,주요사항보고서(유상증자결정),2025-07-30,20250730000249,096770
유상증자결정,유가증권시장,KR모터스,주요사항보고서(유상증자결정),2025-07-29,20250729000229,000040
유상증자결정,코스닥시장,폴라리스AI핸디,주요사항보고서(유상증자결정),2025-07-21,20250721000253,220180
유상증자결정,코스닥시장,제이에스링크,주요사항보고서(유상증자결정),2025-07-21,20250721000207,127120
유상증자결정,코스닥시장,비투엔,주요사항보고서(유상증자결정),2025-07-18,20250718000369,307870
유상증자결정,코스닥시장,코난테크놀로지,주요사항보고서(유상증자결정),2025-07-16,20250716000208,402030
유상증자결정,코스닥시장,베노티앤알,주요사항보고서(유상증자결정),2025-07-14,20250714000359,206400
유상증자결정,코스닥시장,비트플래닛,주요사항보고서(유상증자결정),2025-07-14,20250714000278,049470
유상증자결정,코스닥시장,지아이에스,주요사항보고서(유상증자결정),2025-07-11,20250711000432,306620
유상증자결정,코스닥시장,롤링스톤,주요사항보고서(유상증자결정),2025-07-11,20250710000649,214610
유상증자결정,유가증권시장,NH올원리츠,주요사항보고서(유상증자결정),2025-07-10,20250710000522,400760
유상증자결정,코스닥시장,엑스플러스,주요사항보고서(유상증자결정),2025-07-09,20250709000416,373200
유상증자결정,코스닥시장,메이슨캐피탈,주요사항보고서(유상증자결정),2025-07-09,20250709000085,021880
유상증자결정,코스닥시장,엑시온그룹,주요사항보고서(유상증자결정),2025-07-08,20250708000337,069920
유상증자결정,코스닥시장,포커스에이아이,주요사항보고서(유상증자결정),2025-07-04,20250704000281,331380
유상증자결정,코스닥시장,리튬포어스,주요사항보고서(유상증자결정),2025-07-03,20250703000417,073570
유상증자결정,코스닥시장,센코,주요사항보고서(유상증자결정),2025-07-01,20250701000168,347000
유상증자결정,코스닥시장,신테카바이오,주요사항보고서(유상증자결정),2026-08-31,20260831001532,226330
유상증자결정,코스닥시장,파이온엑스,주요사항보고서(유상증자결정),2026-08-31,20260831001458,900100
유상증자결정,코스닥시장,피노,주요사항보고서(유상증자결정),2026-08-28,20260828001955,033790
유상증자결정,유가증권시장,대양금속,주요사항보고서(유상증자결정),2026-08-28,20260828001521,009190
유상증자결정,코스닥시장,뷰노,주요사항보고서(유상증자결정),2026-08-28,20260828001315,338220
유상증자결정,코스닥시장,HLB이노베이션,주요사항보고서(유상증자결정),2026-08-28,20260828001307,024850
유상증자결정,코스닥시장,일월지엠엘,주요사항보고서(유상증자결정),2026-08-28,20260828001039,178780
유상증자결정,유가증권시장,삼성바이오로직스,주요사항보고서(유상증자결정),2026-08-28,20260828000001,207940
유상증자결정,코스닥시장,더코디,주요사항보고서(유상증자결정),2026-08-27,20260827000846,224060
유상증자결정,유가증권시장,태영건설,주요사항보고서(유상증자결정),2026-08-27,20260827000833,009410
유상증자결정,유가증권시장,삼성FN리츠,주요사항보고서(유상증자결정),2026-08-26,20260826000684,448730
유상증자결정,코스닥시장,에코글로우,주요사항보고서(유상증자결정),2026-08-26,20260826000647,159910
유상증자결정,코스닥시장,육일씨엔에쓰,주요사항보고서(유상증자결정),2026-08-26,20260826000436,191410
유상증자결정,코스닥시장,넥사다이내믹스,주요사항보고서(유상증자결정),2026-08-24,20260824000324,351320
유상증자결정,코스닥시장,이엠앤아이,주요사항보고서(유상증자결정),2026-08-20,20260820000381,083470
유상증자결정,코스닥시장,오가닉티코스메틱,주요사항보고서(유상증자결정),2026-08-20,20260820000375,900300
유상증자결정,코스닥시장,한탑,주요사항보고서(유상증자결정),2026-08-20,20260820000089,002680
유상증자결정,코스닥시장,나노씨엠에스,주요사항보고서(유상증자결정),2026-08-20,20260819000386,247660
유상증자결정,코스닥시장,헝셩그룹,주요사항보고서(유상증자결정),2026-08-19,20260819000182,900270
유상증자결정,코스닥시장,에스에스알,주요사항보고서(유상증자결정),2026-08-19,20260818000327,275630
유상증자결정,코스닥시장,엑시온그룹,주요사항보고서(유상증자결정),2026-08-18,20260818000280,069920
유상증자결정,코스닥시장,한국첨단소재,주요사항보고서(유상증자결정),2026-08-18,20260818000277,062970
유상증자결정,코스닥시장,아이에이,주요사항보고서(유상증자결정),2026-08-18,20260818000250,038880
유상증자결정,코스닥시장,케스피온,주요사항보고서(유상증자결정),2026-08-18,20260818000149,079190
유상증자결정,코스닥시장,풍원정밀,주요사항보고서(유상증자결정),2026-08-14,20260814004178,371950
유상증자결정,코스닥시장,핑거스토리,주요사항보고서(유상증자결정),2026-08-14,20260814002299,417180
유상증자결정,유가증권시장,아센디오,주요사항보고서(유상증자결정),2026-08-14,20260814000511,012170
유상증자결정,코스닥시장,제이아이테크,주요사항보고서(유상증자결정),2026-08-14,20260814000465,417500
유상증자결정,코스닥시장,모아데이타,주요사항보고서(유상증자결정),2026-08-14,20260813001788,288980
유상증자결정,코스닥시장,엔시트론,주요사항보고서(유상증자결정),2026-08-13,20260813001235,101400
유상증자결정,코스닥시장,대동금속,주요사항보고서(유상증자결정),2026-08-12,20260812000426,020400
유상증자결정,코스닥시장,엠엑스로보틱스,주요사항보고서(유상증자결정),2026-08-10,20260807000794,007820
유상증자결정,코스닥시장,이노진,주요사항보고서(유상증자결정),2026-08-07,20260807000763,344860
유상증자결정,코스닥시장,E8,주요사항보고서(유상증자결정),2026-08-07,20260807000601,418620
유상증자결정,코스닥시장,서울전자통신,주요사항보고서(유상증자결정),2026-08-07,20260807000458,027040
유상증자결정,코스닥시장,HLB테라퓨틱스,주요사항보고서(유상증자결정),2026-08-07,20260807000004,115450
유상증자결정,코스닥시장,큐로홀딩스,주요사항보고서(유상증자결정),2026-08-07,20260806000551,051780
유상증자결정,코스닥시장,유티아이,주요사항보고서(유상증자결정),2026-08-05,20260805000307,179900
유상증자결정,유가증권시장,진원생명과학,주요사항보고서(유상증자결정),2026-08-05,20260804000549,011000
유상증자결정,코스닥시장,본느,주요사항보고서(유상증자결정),2026-08-03,20260731000812,226340
유상증자결정,코스닥시장,한주에이알티,주요사항보고서(유상증자결정),2026-07-30,20260730000554,058450
유상증자결정,유가증권시장,풀무원,주요사항보고서(유상증자결정),2026-07-29,20260729000514,017810
유상증자결정,코스닥시장,엑시온그룹,주요사항보고서(유상증자결정),2026-07-28,20260728000486,069920
유상증자결정,코스닥시장,판타지오,주요사항보고서(유상증자결정),2026-07-28,20260728000475,032800
유상증자결정,유가증권시장,MDS스피어,주요사항보고서(유상증자결정),2026-07-28,20260728000449,009810
유상증자결정,코스닥시장,오에스피,주요사항보고서(유상증자결정),2026-07-28,20260728000333,368970
유상증자결정,유가증권시장,블루산업개발,주요사항보고서(유상증자결정),2026-07-24,20260724000577,006740
유상증자결정,코스닥시장,플라즈맵,주요사항보고서(유상증자결정),2026-07-23,20260723000215,405000
유상증자결정,코스닥시장,인산가,주요사항보고서(유상증자결정),2026-07-22,20260722000262,277410
유상증자결정,코스닥시장,씨엑스아이,주요사항보고서(유상증자결정),2026-07-21,20260721001257,900120
유상증자결정,유가증권시장,에넥스,주요사항보고서(유상증자결정),2026-07-21,20260721001251,011090
유상증자결정,코스닥시장,딥커머스,주요사항보고서(유상증자결정),2026-07-21,20260721001140,900110
유상증자결정,코스닥시장,제이케이시냅스,주요사항보고서(유상증자결정),2026-07-20,20260720000235,060230
유상증자결정,코스닥시장,엑시온그룹,주요사항보고서(유상증자결정),2026-07-20,20260720000209,069920
유상증자결정,유가증권시장,주연테크,주요사항보고서(유상증자결정),2026-07-20,20260720000194,044380
유상증자결정,유가증권시장,우성머티리얼스,주요사항보고서(유상증자결정),2026-07-16,20260716000776,011300
유상증자결정,코스닥시장,벡트,주요사항보고서(유상증자결정),2026-07-16,20260716000639,457600
유상증자결정,코스닥시장,진영,주요사항보고서(유상증자결정),2026-07-16,20260716000400,285800
유상증자결정,코스닥시장,케이엠제약,주요사항보고서(유상증자결정),2026-07-14,20260714000515,225430
유상증자결정,유가증권시장,에이프로젠바이오로직스,주요사항보고서(유상증자결정),2026-07-14,20260714000440,003060
유상증자결정,코스닥시장,뉴인텍,주요사항보고서(유상증자결정),2026-07-14,20260714000280,012340
유상증자결정,코스닥시장,그래피,주요사항보고서(유상증자결정),2026-07-13,20260713000431,318060
유상증자결정,유가증권시장,MDS스피어,주요사항보고서(유상증자결정),2026-07-10,20260710000579,009810
유상증자결정,유가증권시장,주성코퍼레이션,주요사항보고서(유상증자결정),2026-07-09,20260709000695,109070
유상증자결정,코스닥시장,CS,주요사항보고서(유상증자결정),2026-07-07,20260707000384,065770
유상증자결정,유가증권시장,아센디오,주요사항보고서(유상증자결정),2026-07-07,20260707000309,012170
유상증자결정,코스닥시장,윈하이텍,주요사항보고서(유상증자결정),2026-07-07,20260707000095,192390
유상증자결정,코스닥시장,제이에스링크,주요사항보고서(유상증자결정),2026-07-07,20260707000002,127120
유상증자결정,코스닥시장,푸드나무,주요사항보고서(유상증자결정),2026-07-07,20260706000516,290720
유상증자결정,코스닥시장,케이바이오랩스,주요사항보고서(유상증자결정),2026-07-06,20260706000429,038530
유상증자결정,코스닥시장,세종텔레콤,주요사항보고서(유상증자결정),2026-07-06,20260706000425,036630
유상증자결정,코스닥시장,판타지오,주요사항보고서(유상증자결정),2026-07-06,20260706000318,032800
유상증자결정,코스닥시장,텔콘RF제약,주요사항보고서(유상증자결정),2026-07-06,20260706000285,200230
유상증자결정,코스닥시장,뉴온,주요사항보고서(유상증자결정),2026-07-06,20260706000282,123840
유상증자결정,코스닥시장,시선AI,주요사항보고서(유상증자결정),2026-07-03,20260703000651,340810
유상증자결정,코스닥시장,베노티앤알,주요사항보고서(유상증자결정),2026-07-03,20260703000577,206400
유상증자결정,코스닥시장,케이피엠테크,주요사항보고서(유상증자결정),2026-07-03,20260703000498,042040
유상증자결정,코스닥시장,광진실업,주요사항보고서(유상증자결정),2026-07-02,20260702000583,026910
유상증자결정,코스닥시장,딥커머스,주요사항보고서(유상증자결정),2026-07-02,20260702000518,900110
유상증자결정,코스닥시장,푸드나무,주요사항보고서(유상증자결정),2026-07-02,20260701000707,290720
유상증자결정,코스닥시장,씨엑스아이,주요사항보고서(유상증자결정),2026-07-01,20260701000600,900120
유상증자결정,코스닥시장,이노진,주요사항보고서(유상증자결정),2026-06-30,20260630001080,344860
유상증자결정,코스닥시장,넥스트아이,주요사항보고서(유상증자결정),2026-06-30,20260630001076,137940
유상증자결정,코스닥시장,에코프로비엠,주요사항보고서(유상증자결정),2026-06-30,20260630000676,247540
유상증자결정,코스닥시장,형지글로벌,주요사항보고서(유상증자결정),2026-06-30,20260630000167,308100
유상증자결정,코스닥시장,알엔투테크놀로지,주요사항보고서(유상증자결정),2026-06-30,20260629000586,148250
유상증자결정,코스닥시장,아이큐어,주요사항보고서(유상증자결정),2026-06-29,20260629000562,175250
유상증자결정,코스닥시장,올릭스,주요사항보고서(유상증자결정),2026-06-29,20260629000494,226950
유상증자결정,코스닥시장,윙입푸드,주요사항보고서(유상증자결정),2026-06-29,20260629000238,900340
유상증자결정,코스닥시장,코퍼스코리아,주요사항보고서(유상증자결정),2026-06-29,20260629000001,322780
유상증자결정,유가증권시장,삼부토건,주요사항보고서(유상증자결정),2026-06-29,20260626000774,001470
유상증자결정,코스닥시장,토박스코리아,주요사항보고서(유상증자결정),2026-06-26,20260626000392,215480
유상증자결정,코스닥시장,오에스피,주요사항보고서(유상증자결정),2026-06-26,20260626000347,368970
유상증자결정,코스닥시장,리가켐바이오,주요사항보고서(유상증자결정),2026-06-26,20260626000006,141080
유상증자결정,유가증권시장,LIG디펜스앤에어로스페이스,주요사항보고서(유상증자결정),2026-06-26,20260626000001,079550
유상증자결정,코스닥시장,레몬,주요사항보고서(유상증자결정),2026-06-25,20260625000509,294140
유상증자결정,코스닥시장,아이오케이이엔엠,주요사항보고서(유상증자결정),2026-06-25,20260625000472,078860
유상증자결정,유가증권시장,한양증권,주요사항보고서(유상증자결정),2026-06-25,20260625000457,001750
유상증자결정,코스닥시장,앱튼,주요사항보고서(유상증자결정),2026-06-25,20260625000313,270520
유상증자결정,코스닥시장,에이프릴바이오,주요사항보고서(유상증자결정),2026-06-25,20260625000002,397030
유상증자결정,코스닥시장,셀레믹스,주요사항보고서(유상증자결정),2026-06-24,20260624000431,331920
유상증자결정,유가증권시장,SK하이닉스,주요사항보고서(유상증자결정),2026-06-24,20260624000420,000660
유상증자결정,코스닥시장,경남제약,주요사항보고서(유상증자결정),2026-06-23,20260623000412,053950
유상증자결정,코스닥시장,인콘,주요사항보고서(유상증자결정),2026-06-23,20260623000404,083640
유상증자결정,코스닥시장,오가닉티코스메틱,주요사항보고서(유상증자결정),2026-06-23,20260623000394,900300
유상증자결정,코스닥시장,오리엔트정공,주요사항보고서(유상증자결정),2026-06-23,20260623000348,065500
유상증자결정,코스닥시장,헝셩그룹,주요사항보고서(유상증자결정),2026-06-23,20260623000212,900270
유상증자결정,유가증권시장,트리니티항공,주요사항보고서(유상증자결정),2026-06-22,20260622000395,091810
유상증자결정,코스닥시장,아미코젠,주요사항보고서(유상증자결정),2026-06-22,20260622000394,092040
유상증자결정,유가증권시장,비비안,주요사항보고서(유상증자결정),2026-06-22,20260622000328,002070
유상증자결정,코스닥시장,핑거스토리,주요사항보고서(유상증자결정),2026-06-22,20260622000223,417180
유상증자결정,유가증권시장,비비안,주요사항보고서(유상증자결정),2026-06-19,20260619000603,002070
유상증자결정,코스닥시장,제테마,주요사항보고서(유상증자결정),2026-06-19,20260619000520,216080
유상증자결정,코스닥시장,비트맥스,주요사항보고서(유상증자결정),2026-06-19,20260619000472,377030
유상증자결정,코스닥시장,넥써쓰,주요사항보고서(유상증자결정),2026-06-18,20260618000403,205500
유상증자결정,코스닥시장,테라사이언스,주요사항보고서(유상증자결정),2026-06-18,20260618000379,073640
유상증자결정,코스닥시장,SG,주요사항보고서(유상증자결정),2026-06-18,20260618000225,255220
유상증자결정,코스닥시장,오에스피,주요사항보고서(유상증자결정),2026-06-16,20260616000257,368970
유상증자결정,유가증권시장,핸즈코퍼레이션,주요사항보고서(유상증자결정),2026-06-16,20260616000126,143210
유상증자결정,코스닥시장,에이루트,주요사항보고서(유상증자결정),2026-06-15,20260615000432,096690
유상증자결정,코스닥시장,큐브엔터,주요사항보고서(유상증자결정),2026-06-12,20260612000599,182360
유상증자결정,코스닥시장,삼보산업,주요사항보고서(유상증자결정),2026-06-12,20260612000344,009620
유상증자결정,코스닥시장,엑시온그룹,주요사항보고서(유상증자결정),2026-06-11,20260611000643,069920
유상증자결정,코스닥시장,풍전약품,주요사항보고서(유상증자결정),2026-06-10,20260610000542,298060
유상증자결정,코스닥시장,비스토스,주요사항보고서(유상증자결정),2026-06-10,20260610000467,419540
유상증자결정,코스닥시장,하이딥,주요사항보고서(유상증자결정),2026-06-10,20260610000397,365590
유상증자결정,코스닥시장,네오이뮨텍,주요사항보고서(유상증자결정),2026-06-10,20260610000340,950220
유상증자결정,유가증권시장,유니켐,주요사항보고서(유상증자결정),2026-06-10,20260610000244,011330
유상증자결정,코스닥시장,CSA 코스믹,주요사항보고서(유상증자결정),2026-06-09,20260609000521,083660
유상증자결정,유가증권시장,핸즈코퍼레이션,주요사항보고서(유상증자결정),2026-06-09,20260609000254,143210
유상증자결정,유가증권시장,메타케어,주요사항보고서(유상증자결정),2026-06-09,20260609000135,118000
유상증자결정,유가증권시장,메타랩스,주요사항보고서(유상증자결정),2026-06-09,20260609000131,090370
유상증자결정,코스닥시장,서울전자통신,주요사항보고서(유상증자결정),2026-06-08,20260608000438,027040
유상증자결정,코스닥시장,소프트센,주요사항보고서(유상증자결정),2026-06-05,20260605000654,032680
유상증자결정,코스닥시장,씨엑스아이,주요사항보고서(유상증자결정),2026-06-04,20260604000635,900120
유상증자결정,코스닥시장,티사이언티픽,주요사항보고서(유상증자결정),2026-06-04,20260604000573,057680
유상증자결정,코스닥시장,위지트,주요사항보고서(유상증자결정),2026-06-02,20260602000522,036090
유상증자결정,유가증권시장,NH투자증권,주요사항보고서(유상증자결정),2026-06-02,20260602000483,005940
유상증자결정,코스닥시장,올릭스,주요사항보고서(유상증자결정),2026-06-01,20260601002040,226950
유상증자결정,코스닥시장,해성옵틱스,주요사항보고서(유상증자결정),2026-06-01,20260601001750,076610
유상증자결정,코스닥시장,넥스턴앤롤코리아,주요사항보고서(유상증자결정),2026-05-29,20260529002201,089140
유상증자결정,코스닥시장,다보링크,주요사항보고서(유상증자결정),2026-05-28,20260528000736,340360
유상증자결정,코스닥시장,포커스에이아이,주요사항보고서(유상증자결정),2026-05-27,20260527000337,331380
유상증자결정,코스닥시장,휴림로봇,주요사항보고서(유상증자결정),2026-05-26,20260526000509,090710
유상증자결정,코스닥시장,디와이씨,주요사항보고서(유상증자결정),2026-05-26,20260526000136,310870
유상증자결정,코스닥시장,오에스피,주요사항보고서(유상증자결정),2026-05-22,20260522000596,368970
유상증자결정,코스닥시장,손오공,주요사항보고서(유상증자결정),2026-05-22,20260522000194,066910
유상증자결정,코스닥시장,경남제약,주요사항보고서(유상증자결정),2026-05-21,20260521000617,053950
유상증자결정,코스닥시장,비케이홀딩스,주요사항보고서(유상증자결정),2026-05-20,20260520000300,050090
유상증자결정,코스닥시장,한국유니온제약,주요사항보고서(유상증자결정),2026-05-19,20260518000413,080720
유상증자결정,코스닥시장,졸스,주요사항보고서(유상증자결정),2026-05-18,20260518000367,018700
유상증자결정,코스닥시장,LB세미콘,주요사항보고서(유상증자결정),2026-05-15,20260515002719,061970
유상증자결정,코스닥시장,툴젠,주요사항보고서(유상증자결정),2026-05-15,20260515001595,199800
유상증자결정,코스닥시장,유진로봇,주요사항보고서(유상증자결정),2026-05-15,20260515001133,056080
유상증자결정,코스닥시장,HLB제약,주요사항보고서(유상증자결정),2026-05-13,20260513000704,047920
유상증자결정,코스닥시장,하이퍼코퍼레이션,주요사항보고서(유상증자결정),2026-05-13,20260513000695,065650
유상증자결정,코스닥시장,알체라,주요사항보고서(유상증자결정),2026-05-13,20260513000250,347860
유상증자결정,코스닥시장,MSDI,주요사항보고서(유상증자결정),2026-05-12,20260512000741,123010
유상증자결정,유가증권시장,동양,주요사항보고서(유상증자결정),2026-05-12,20260512000636,001520
유상증자결정,코스닥시장,판타지오,주요사항보고서(유상증자결정),2026-05-12,20260512000527,032800
유상증자결정,코스닥시장,네오티스,주요사항보고서(유상증자결정),2026-05-12,20260512000440,085910
유상증자결정,코스닥시장,푸드나무,주요사항보고서(유상증자결정),2026-05-08,20260508001074,290720
유상증자결정,유가증권시장,대양금속,주요사항보고서(유상증자결정),2026-05-08,20260508000997,009190
유상증자결정,유가증권시장,아센디오,주요사항보고서(유상증자결정),2026-05-08,20260508000720,012170
유상증자결정,코스닥시장,지엔코,주요사항보고서(유상증자결정),2026-05-07,20260507000681,065060
유상증자결정,코스닥시장,광진실업,주요사항보고서(유상증자결정),2026-05-07,20260507000575,026910
유상증자결정,코스닥시장,에스아이리소스,주요사항보고서(유상증자결정),2026-05-07,20260506000773,065420
유상증자결정,코스닥시장,엣지파운드리,주요사항보고서(유상증자결정),2026-05-06,20260506000699,105550
유상증자결정,코스닥시장,한울앤제주,주요사항보고서(유상증자결정),2026-05-06,20260506000568,276730
유상증자결정,코스닥시장,아이오케이이엔엠,주요사항보고서(유상증자결정),2026-05-04,20260504000413,078860
유상증자결정,코스닥시장,지구홀딩스,주요사항보고서(유상증자결정),2026-04-30,20260430001790,221800
유상증자결정,코스닥시장,성일하이텍,주요사항보고서(유상증자결정),2026-04-30,20260430001400,365340
유상증자결정,코스닥시장,페니트리움바이오,주요사항보고서(유상증자결정),2026-04-30,20260430001266,187660
유상증자결정,코스닥시장,유아이디,주요사항보고서(유상증자결정),2026-04-30,20260430001125,069330
유상증자결정,코스닥시장,오가노이드사이언스,주요사항보고서(유상증자결정),2026-04-30,20260429001154,476040
유상증자결정,코스닥시장,크라우드웍스,주요사항보고서(유상증자결정),2026-04-29,20260428000834,355390
유상증자결정,코스닥시장,앱토크롬,주요사항보고서(유상증자결정),2026-04-28,20260428000811,109960
유상증자결정,코스닥시장,영화테크,주요사항보고서(유상증자결정),2026-04-28,20260428000604,265560
유상증자결정,코스닥시장,비트맥스,주요사항보고서(유상증자결정),2026-04-28,20260428000493,377030
유상증자결정,코스닥시장,유아이디,주요사항보고서(유상증자결정),2026-04-28,20260428000461,069330
유상증자결정,코스닥시장,엔젠바이오,주요사항보고서(유상증자결정),2026-04-27,20260427000538,354200
유상증자결정,코스닥시장,이렘,주요사항보고서(유상증자결정),2026-04-24,20260424000728,009730
유상증자결정,코스닥시장,디모아,주요사항보고서(유상증자결정),2026-04-24,20260424000529,016670
유상증자결정,코스닥시장,쓰리빌리언,주요사항보고서(유상증자결정),2026-04-23,20260423000746,394800
유상증자결정,코스닥시장,큐로홀딩스,주요사항보고서(유상증자결정),2026-04-22,20260422000586,051780
유상증자결정,코스닥시장,서진시스템,주요사항보고서(유상증자결정),2026-04-22,20260422000563,178320
유상증자결정,코스닥시장,센서뷰,주요사항보고서(유상증자결정),2026-04-22,20260422000344,321370
유상증자결정,코스닥시장,큐로셀,주요사항보고서(유상증자결정),2026-04-17,20260417000574,372320
유상증자결정,코스닥시장,오가닉티코스메틱,주요사항보고서(유상증자결정),2026-04-15,20260415000576,900300
유상증자결정,코스닥시장,세니젠,주요사항보고서(유상증자결정),2026-04-15,20260415000538,188260
유상증자결정,코스닥시장,셀비온,주요사항보고서(유상증자결정),2026-04-15,20260415000488,308430
유상증자결정,코스닥시장,한울반도체,주요사항보고서(유상증자결정),2026-04-15,20260415000377,320000
유상증자결정,코스닥시장,피플바이오,주요사항보고서(유상증자결정),2026-04-15,20260414002751,304840
유상증자결정,코스닥시장,세니젠,주요사항보고서(유상증자결정),2026-04-14,20260414002428,188260
유상증자결정,코스닥시장,에스바이오메딕스,주요사항보고서(유상증자결정),2026-04-14,20260414002160,304360
유상증자결정,유가증권시장,에이프로젠바이오로직스,주요사항보고서(유상증자결정),2026-04-13,20260413002472,003060
유상증자결정,유가증권시장,한솔테크닉스,주요사항보고서(유상증자결정),2026-04-13,20260410003738,004710
유상증자결정,코스닥시장,썸에이지,주요사항보고서(유상증자결정),2026-04-10,20260410002897,208640
유상증자결정,코스닥시장,뉴로핏,주요사항보고서(유상증자결정),2026-04-10,20260410002666,380550
유상증자결정,코스닥시장,피엠티,주요사항보고서(유상증자결정),2026-04-09,20260409002139,147760
유상증자결정,코스닥시장,삼보산업,주요사항보고서(유상증자결정),2026-04-09,20260409001446,009620
유상증자결정,코스닥시장,RF머트리얼즈,주요사항보고서(유상증자결정),2026-04-08,20260408002647,327260
유상증자결정,코스닥시장,케이피엠테크,주요사항보고서(유상증자결정),2026-04-07,20260407003640,042040
유상증자결정,코스닥시장,텔콘RF제약,주요사항보고서(유상증자결정),2026-04-07,20260407003323,200230
유상증자결정,코스닥시장,레이저쎌,주요사항보고서(유상증자결정),2026-04-03,20260403003655,412350
유상증자결정,코스닥시장,지놈앤컴퍼니,주요사항보고서(유상증자결정),2026-04-03,20260403002950,314130
유상증자결정,코스닥시장,클로봇,주요사항보고서(유상증자결정),2026-04-03,20260403002817,466100
유상증자결정,유가증권시장,에이프로젠,주요사항보고서(유상증자결정),2026-04-02,20260402003918,007460
유상증자결정,코스닥시장,메가터치,주요사항보고서(유상증자결정),2026-04-02,20260402003099,446540
유상증자결정,코스닥시장,셀레믹스,주요사항보고서(유상증자결정),2026-04-01,20260331004969,331920
유상증자결정,코스닥시장,지구홀딩스,주요사항보고서(유상증자결정),2026-04-01,20260331004945,221800
유상증자결정,코스닥시장,오픈엣지테크놀로지,주요사항보고서(유상증자결정),2026-03-31,20260330001853,394280
유상증자결정,코스닥시장,알에프텍,주요사항보고서(유상증자결정),2026-03-30,20260327001827,061040
유상증자결정,유가증권시장,동성제약,주요사항보고서(유상증자결정),2026-03-27,20260327000731,002210
유상증자결정,코스닥시장,피노,주요사항보고서(유상증자결정),2026-03-27,20260326001537,033790
유상증자결정,유가증권시장,금호건설,주요사항보고서(유상증자결정),2026-03-26,20260326001295,002990
유상증자결정,유가증권시장,한화솔루션,주요사항보고서(유상증자결정),2026-03-26,20260326000538,009830
유상증자결정,코스닥시장,이노스페이스,주요사항보고서(유상증자결정),2026-03-25,20260325001071,462350
유상증자결정,코스닥시장,스코넥,주요사항보고서(유상증자결정),2026-03-24,20260324000500,276040
유상증자결정,코스닥시장,EDGC,주요사항보고서(유상증자결정),2026-03-23,20260323000010,245620
유상증자결정,코스닥시장,빌리언스,주요사항보고서(유상증자결정),2026-03-19,20260319001198,044480
유상증자결정,코스닥시장,지니틱스,주요사항보고서(유상증자결정),2026-03-18,20260318000539,303030
유상증자결정,코스닥시장,성원에너텍,주요사항보고서(유상증자결정),2026-03-16,20260316000745,340930
유상증자결정,코스닥시장,루트K,주요사항보고서(유상증자결정),2026-03-16,20260313001404,195990
유상증자결정,코스닥시장,레이저쎌,주요사항보고서(유상증자결정),2026-03-12,20260312001329,412350
유상증자결정,코스닥시장,더코디,주요사항보고서(유상증자결정),2026-03-12,20260312000817,224060
유상증자결정,유가증권시장,코아스,주요사항보고서(유상증자결정),2026-03-12,20260312000229,071950
유상증자결정,코스닥시장,휴림에이텍,주요사항보고서(유상증자결정),2026-03-12,20260311004658,078590
유상증자결정,코스닥시장,뉴인텍,주요사항보고서(유상증자결정),2026-03-11,20260311004580,012340
유상증자결정,코스닥시장,로킷헬스케어,주요사항보고서(유상증자결정),2026-03-10,20260310002182,376900
유상증자결정,코스닥시장,인벤티지랩,주요사항보고서(유상증자결정),2026-03-09,20260306001018,389470
유상증자결정,코스닥시장,지니너스,주요사항보고서(유상증자결정),2026-03-09,20260306001046,389030
유상증자결정,코스닥시장,코오롱티슈진,주요사항보고서(유상증자결정),2026-03-06,20260306000980,950160
유상증자결정,코스닥시장,큐라티스,주요사항보고서(유상증자결정),2026-03-06,20260306000907,348080
유상증자결정,코스닥시장,지놈앤컴퍼니,주요사항보고서(유상증자결정),2026-03-06,20260305001675,314130
유상증자결정,코스닥시장,성원에너텍,주요사항보고서(유상증자결정),2026-03-03,20260303001519,340930
유상증자결정,코스닥시장,형지I&C,주요사항보고서(유상증자결정),2026-03-03,20260303000001,011080
유상증자결정,코스닥시장,시큐레터,주요사항보고서(유상증자결정),2026-02-27,20260227008244,418250
유상증자결정,코스닥시장,알에프텍,주요사항보고서(유상증자결정),2026-02-26,20260226004550,061040
유상증자결정,코스닥시장,알엔투테크놀로지,주요사항보고서(유상증자결정),2026-02-25,20260225005267,148250
유상증자결정,코스닥시장,지투지바이오,주요사항보고서(유상증자결정),2026-02-23,20260223004119,456160
유상증자결정,코스닥시장,포커스에이아이,주요사항보고서(유상증자결정),2026-02-23,20260223003006,331380
유상증자결정,코스닥시장,하이드로리튬,주요사항보고서(유상증자결정),2026-02-20,20260220001479,101670
유상증자결정,코스닥시장,모바일어플라이언스,주요사항보고서(유상증자결정),2026-02-19,20260219002846,087260
유상증자결정,코스닥시장,앤디포스,주요사항보고서(유상증자결정),2026-02-13,20260213002858,238090
유상증자결정,유가증권시장,에이엔피,주요사항보고서(유상증자결정),2026-02-13,20260213002755,015260
유상증자결정,코스닥시장,씨엔플러스,주요사항보고서(유상증자결정),2026-02-13,20260213002648,115530
유상증자결정,코스닥시장,이화공영,주요사항보고서(유상증자결정),2026-02-13,20260213002496,001840
유상증자결정,코스닥시장,씨엑스아이,주요사항보고서(유상증자결정),2026-02-12,20260212001147,900120
유상증자결정,코스닥시장,넥써쓰,주요사항보고서(유상증자결정),2026-02-11,20260211000739,205500
유상증자결정,코스닥시장,셀피글로벌,주요사항보고서(유상증자결정),2026-02-11,20260211000628,068940
유상증자결정,코스닥시장,오리엔트정공,주요사항보고서(유상증자결정),2026-02-10,20260210000944,065500
유상증자결정,코스닥시장,탑런토탈솔루션,주요사항보고서(유상증자결정),2026-02-10,20260210000592,336680
유상증자결정,코스닥시장,진시스템,주요사항보고서(유상증자결정),2026-02-10,20260210000030,363250
유상증자결정,코스닥시장,한주에이알티,주요사항보고서(유상증자결정),2026-02-05,20260205000374,058450
유상증자결정,코스닥시장,이렘,주요사항보고서(유상증자결정),2026-02-04,20260204000432,009730
유상증자결정,유가증권시장,다이나믹디자인,주요사항보고서(유상증자결정),2026-02-04,20260204000211,145210
유상증자결정,코스닥시장,케이웨더,주요사항보고서(유상증자결정),2026-02-04,20260204000140,068100
유상증자결정,코스닥시장,셀레믹스,주요사항보고서(유상증자결정),2026-02-04,20260203000464,331920
유상증자결정,코스닥시장,아이텍,주요사항보고서(유상증자결정),2026-02-03,20260203000446,119830
유상증자결정,코스닥시장,링크드,주요사항보고서(유상증자결정),2026-02-02,20260202001231,193250
유상증자결정,코스닥시장,츌립앤사이언스,주요사항보고서(유상증자결정),2026-01-28,20260128000341,291650
유상증자결정,코스닥시장,엑스페릭스,주요사항보고서(유상증자결정),2026-01-26,20260126000518,317770
유상증자결정,코스닥시장,파라텍,주요사항보고서(유상증자결정),2026-01-26,20260126000002,033540
유상증자결정,유가증권시장,제이알글로벌리츠,주요사항보고서(유상증자결정),2026-01-23,20260123000500,348950
유상증자결정,코스닥시장,딥커머스,주요사항보고서(유상증자결정),2026-01-23,20260123000176,900110
유상증자결정,코스닥시장,캔버스엔,주요사항보고서(유상증자결정),2026-01-22,20260122000521,210120
유상증자결정,코스닥시장,넥사다이내믹스,주요사항보고서(유상증자결정),2026-01-22,20260122000434,351320
유상증자결정,코스닥시장,디와이디,주요사항보고서(유상증자결정),2026-01-22,20260122000001,219550
유상증자결정,코스닥시장,다원시스,주요사항보고서(유상증자결정),2026-01-21,20260121000500,068240
유상증자결정,코스닥시장,제이케이시냅스,주요사항보고서(유상증자결정),2026-01-21,20260121000325,060230
유상증자결정,코스닥시장,알톤,주요사항보고서(유상증자결정),2026-01-21,20260121000147,123750
유상증자결정,코스닥시장,다보링크,주요사항보고서(유상증자결정),2026-01-20,20260120000299,340360
유상증자결정,코스닥시장,GRT,주요사항보고서(유상증자결정),2026-01-19,20260119000133,900290
유상증자결정,코스닥시장,케이이엠텍,주요사항보고서(유상증자결정),2026-01-19,20260116000494,106080
유상증자결정,유가증권시장,참엔지니어링,주요사항보고서(유상증자결정),2026-01-16,20260116000296,009310
유상증자결정,유가증권시장,코아스,주요사항보고서(유상증자결정),2026-01-15,20260115000128,071950
유상증자결정,코스닥시장,엔케이젠바이오텍코리아,주요사항보고서(유상증자결정),2026-01-15,20260115000068,182400
유상증자결정,코스닥시장,수성웹툰,주요사항보고서(유상증자결정),2026-01-14,20260114000388,084180
유상증자결정,유가증권시장,케이뱅크,주요사항보고서(유상증자결정),2026-01-13,20260113000721,279570
유상증자결정,코스닥시장,지구홀딩스,주요사항보고서(유상증자결정),2026-01-12,20260112000375,221800
유상증자결정,코스닥시장,레이저옵텍,주요사항보고서(유상증자결정),2026-01-09,20260109000634,199550
유상증자결정,코스닥시장,퀀텀레일,주요사항보고서(유상증자결정),2026-01-06,20260106000001,070300
유상증자결정,코스닥시장,더코디,주요사항보고서(유상증자결정),2026-01-06,20260105000449,224060
